Symbol,Name,Category,Fund_Type,Score_2023_Final,Score_2025_Final,Score_Gap,Score_Band_2023,Score_Band_2025,Quadrant,Action_Flag,Primary_Driver,Data_Coverage_2023,Data_Coverage_2025,Rank_2023,Rank_2025,Consensus_Rank
FGLGX,Fidelity Series Large Cap Stock Fund,Large Blend,Active,86.31232444530029,92.82572507147205,6.513400626171759,STRONG,STRONG,Q1_Both_Strong,LEAD,Stable,1,1,11,39,1
F00000MMHF,MIP Active Stock Master,Large Blend,Active,85.95723208684505,92.66802443991853,6.710792353073472,STRONG,STRONG,Q1_Both_Strong,LEAD,Stable,0.11,0.25,14,41,2
ACIWX,American Century Global Real Estate Fund G,Global Real Estate,Active,84.28076768987161,93.2947150068403,9.013947316968697,STRONG,STRONG,Q1_Both_Strong,LEAD,Stable,0.53,0.69,30,31,3
FSPGX,Fidelity Large Cap Growth Index Fund,Large Growth,Passive,80.27701429334738,95.65754260643496,15.38052831308758,STRONG,STRONG,Q1_Both_Strong,LEAD,Upgraded by 2025 system,0.57,0.8444,87,8,4
TILIX,Nuveen Large Cap Growth Index Fund R6,Large Growth,Passive,79.1716051395037,93.53413917505597,14.362534035552272,REVIEW,STRONG,Q2_Only_2025,REVIEW,Upgraded by 2025 system,1,1,104,24,5
FHOFX,Fidelity Series Large Cap Growth Index Fund,Large Growth,Passive,78.67073597018751,94.89744491527246,16.22670894508495,REVIEW,STRONG,Q2_Only_2025,REVIEW,Upgraded by 2025 system,0.57,0.8444,115,14,6
WTV,WisdomTree US Value Fund,Mid-Cap Value,Active,81.61566497873632,91.11134403131076,9.495679052574445,STRONG,STRONG,Q1_Both_Strong,LEAD,Stable,1,1,60,83,7
SWLGX,Schwab US Large-Cap Growth Index Fund,Large Growth,Passive,77.58586146047679,94.66245731427392,17.07659585379713,REVIEW,STRONG,Q2_Only_2025,REVIEW,Upgraded by 2025 system,0.57,0.8444,136,16,8
AVDNX,Avantis International Equity Fund G,Foreign Large Blend,Active,80.71442682297638,91.34338995950039,10.628963136524007,STRONG,STRONG,Q1_Both_Strong,LEAD,Upgraded by 2025 system,0.57,0.79,79,79,9
IWY,iShares Russell Top 200 Growth Index ETF,Large Growth,Passive,81.10297679477888,89.36136230597573,8.258385511196849,STRONG,STRONG,Q1_Both_Strong,LEAD,Stable,1,1,71,128,10
FVWSX,Fidelity Series Opportunistic Insights Fund,Large Growth,Active,82.9878852475133,87.59280023898485,4.604914991471546,STRONG,STRONG,Q1_Both_Strong,LEAD,Stable,0.95,1,40,170,11
SPYG,State Street SPDR Portfolio S&P 500 Growth ETF,Large Growth,Passive,78.30688457005395,90.23891056772689,11.932025997672937,REVIEW,STRONG,Q2_Only_2025,REVIEW,Upgraded by 2025 system,1,1,118,101,12
VRGWX,Vanguard Russell 1000 Growth Index Fund Inst,Large Growth,Passive,75.43290545870951,93.52723535134815,18.09432989263864,REVIEW,STRONG,Q2_Only_2025,REVIEW,Upgraded by 2025 system,1,1,212,25,13
SCHG,Schwab US Large-Cap Growth ETF,Large Growth,Passive,76.05711232078491,92.25204628939306,16.194933968608154,REVIEW,STRONG,Q2_Only_2025,REVIEW,Upgraded by 2025 system,1,1,194,48,14
BBLU,EA Bridgeway Blue Chip ETF,Large Blend,Active,88.37663652994368,84.15515248268176,-4.221484047261924,STRONG,STRONG,Q1_Both_Strong,LEAD,Stable,0.37,0.77,5,244,15
VONG,Vanguard Russell 1000 Growth Index Fund ETF,Large Growth,Passive,75.31153000200594,93.33577018680245,18.02424018479651,REVIEW,STRONG,Q2_Only_2025,REVIEW,Upgraded by 2025 system,1,1,221,29,16
IMCG,iShares Morningstar Mid-Cap Growth ETF,Mid-Cap Growth,Passive,76.70761104189457,90.70863483575914,14.001023793864576,REVIEW,STRONG,Q2_Only_2025,REVIEW,Upgraded by 2025 system,1,1,165,89,17
FSOPX,Fidelity Series Small Cap Opportunities Fund,Small Blend,Active,81.54359606509495,86.60962718898824,5.066031123893296,STRONG,STRONG,Q1_Both_Strong,LEAD,Stable,1,1,63,196,18
FXAIX,Fidelity 500 Index Fund,Large Blend,Passive,75.17345480388562,92.31846323651567,17.14500843263005,REVIEW,STRONG,Q2_Only_2025,REVIEW,Upgraded by 2025 system,1,1,228,46,19
FITMX,Fidelity SAI International Momentum Index,Foreign Large Growth,Passive,85.46146562040833,83.42821900555512,-2.033246614853212,STRONG,STRONG,Q1_Both_Strong,LEAD,Stable,0.57,0.8444,18,265,20
FCEUX,Franklin U.S. Core Equity Advisor,Large Blend,Active,76.01292273650778,90.32462184101952,14.311699104511746,REVIEW,STRONG,Q2_Only_2025,REVIEW,Upgraded by 2025 system,0.52,0.79,196,100,21
IWF,iShares Russell 1000 Growth,Large Growth,Passive,74.95276690017596,91.70912195038385,16.756355050207887,REVIEW,STRONG,Q2_Only_2025,REVIEW,Upgraded by 2025 system,1,1,235,70,22
FSMD,Fidelity Small-Mid Multifactor ETF,Small Blend,Passive,84.22132752715096,83.12720356612886,-1.094123961022106,STRONG,STRONG,Q1_Both_Strong,LEAD,Stable,0.57,0.8444,31,276,23
AVDE,Avantis International Equity ETF,Foreign Large Blend,Active,81.2643822543986,84.04260200269977,2.7782197483011686,STRONG,STRONG,Q1_Both_Strong,LEAD,Stable,0.57,0.79,67,247,24
SSEYX,State Street Equity 500 Index II Portfolio,Large Blend,Passive,73.95521597953677,92.23471469751235,18.27949871797557,REVIEW,STRONG,Q2_Only_2025,REVIEW,Upgraded by 2025 system,1,1,270,50,25
SEHAX,SEI Inst Inv US Equity Factor Allocation Fund A,Large Blend,Active,81.24921017347242,83.90007750866239,2.6508673351899716,STRONG,STRONG,Q1_Both_Strong,LEAD,Stable,0.57,0.79,68,253,26
TRFZX,T Rowe Price Emerging Markets Discv Stock Fund Z,Diversified Emerging Mkts,Active,79.39014663734253,85.3297236939936,5.939577056651075,REVIEW,STRONG,Q2_Only_2025,REVIEW,Stable,0.76,0.88,101,221,27
FMFMX,Fidelity Advisor Series Equity Growth Fund,Large Growth,Active,82.47451054453455,83.09071721762709,0.6162066730925346,STRONG,STRONG,Q1_Both_Strong,LEAD,Stable,1,1,45,279,28
FDFIX,Fidelity Flex 500 Index Fund,Large Blend,Passive,72.92167946576338,94.5039511886352,21.582271722871823,REVIEW,STRONG,Q2_Only_2025,REVIEW,Upgraded by 2025 system,0.57,0.8444,310,17,29
SSSYX,State Street Equity 500 Index Fund K,Large Blend,Passive,74.0581099142562,91.87039806450643,17.812288150250225,REVIEW,STRONG,Q2_Only_2025,REVIEW,Upgraded by 2025 system,1,1,264,63,29
SWPPX,Schwab S&P 500 Index Fund,Large Blend,Passive,73.43906435248824,92.51339222797782,19.074327875489573,REVIEW,STRONG,Q2_Only_2025,REVIEW,Upgraded by 2025 system,1,1,288,43,30
FTHSX,FullerThaler Behavioral Sml-Cp Equity Fund Inst,Small Blend,Active,91.59132225918822,81.26384450478588,-10.327477754402338,STRONG,STRONG,Q1_Both_Strong,LEAD,Downgraded by 2025 system,1,1,3,333,31
FCGSX,Fidelity Series Growth Company Fund,Large Growth,Active,77.49202016946407,86.38957943560092,8.897559266136852,REVIEW,STRONG,Q2_Only_2025,REVIEW,Stable,1,1,141,201,32
VTV,Vanguard Value Index Fund ETF,Large Value,Passive,72.69948695378899,93.42233517647276,20.722848222683766,REVIEW,STRONG,Q2_Only_2025,REVIEW,Upgraded by 2025 system,1,1,318,27,33
GARP,iShares MSCI USA Quality GARP ETF,Large Growth,Passive,82.4637775297377,82.25173473017848,-0.2120427995592138,STRONG,STRONG,Q1_Both_Strong,LEAD,Stable,0.57,0.8444,46,301,34
FLCNX,Fidelity Contrafund K6 Fund,Large Growth,Active,80.74030301155194,83.31300078826973,2.5726977767177885,STRONG,STRONG,Q1_Both_Strong,LEAD,Stable,0.57,0.79,78,271,35
BKIE,BNY Mellon International Equity ETF,Foreign Large Blend,Passive,76.23740880791597,87.60809178205105,11.370682974135079,REVIEW,STRONG,Q2_Only_2025,REVIEW,Upgraded by 2025 system,0.57,0.8444,184,169,36
MGV,Vanguard Mega Cap Value Index Fund ETF,Large Value,Passive,76.70425612120154,86.4044668912341,9.700210770032555,REVIEW,STRONG,Q2_Only_2025,REVIEW,Stable,1,1,166,200,37
VHYAX,Vanguard High Dividend Yield Index Fund Admiral,Large Value,Passive,76.0625591083276,87.33574914876432,11.273190040436717,REVIEW,STRONG,Q2_Only_2025,REVIEW,Upgraded by 2025 system,0.57,0.8444,193,173,37
VIIIX,Vanguard Institutional Index Fund Inst Plus,Large Blend,Passive,72.70673004838116,92.03941578296623,19.33268573458507,REVIEW,STRONG,Q2_Only_2025,REVIEW,Upgraded by 2025 system,1,1,317,54,38
VVIAX,Vanguard Value Index Fund Admiral,Large Value,Passive,72.23763554052604,92.85116298663164,20.613527446105593,REVIEW,STRONG,Q2_Only_2025,REVIEW,Upgraded by 2025 system,1,1,333,38,38
VFMF,Vanguard US Multifactor ETF,Mid-Cap Value,Active,74.43743484006966,89.50351869835997,15.066083858290312,REVIEW,STRONG,Q2_Only_2025,REVIEW,Upgraded by 2025 system,0.57,0.79,250,123,39
JGISX,JPMorgan US GARP Equity Fund R6,Large Growth,Active,79.90733355475933,82.95450384697253,3.0471702922131954,REVIEW,STRONG,Q2_Only_2025,REVIEW,Stable,1,1,94,284,40
TQSIX,T Rowe Price Integrated US Sml-Md Cp Cr Eq I,Small Blend,Active,84.67523279440798,80.39201941242305,-4.283213381984922,STRONG,STRONG,Q1_Both_Strong,LEAD,Stable,1,1,24,354,40
VZICX,Vanguard International Core Stock Fund Admiral,Foreign Large Blend,Active,82.56544279083926,81.24070029207647,-1.324742498762788,STRONG,STRONG,Q1_Both_Strong,LEAD,Stable,0.52,0.79,44,334,40
SPYM,State Street SPDR Portfolio S&P 500 ETF,Large Blend,Passive,72.16812272032425,92.25687536240383,20.088752642079584,REVIEW,STRONG,Q2_Only_2025,REVIEW,Upgraded by 2025 system,1,1,334,47,41
FLCPX,Fidelity SAI US Large Cap Index Fund,Large Blend,Passive,73.8043094916956,89.56097345635754,15.75666396466194,REVIEW,STRONG,Q2_Only_2025,REVIEW,Upgraded by 2025 system,1,1,277,119,42
BSCMX,Brandes Small Cap Value Fund I,Small Value,Active,85.14123189158074,79.7453696405395,-5.395862251041251,STRONG,REVIEW,Q3_Only_2023,REVIEW,Stable,0.89,0.88,20,381,43
FIGSX,Fidelity Series International Growth Fund,Foreign Large Growth,Active,80.04236122667776,82.03399780411472,1.9916365774369638,STRONG,STRONG,Q1_Both_Strong,LEAD,Stable,0.95,1,92,310,44
OGFAX,JPMorgan Equity Index Fund R6,Large Blend,Passive,72.96582282844702,90.66257361856353,17.69675079011651,REVIEW,STRONG,Q2_Only_2025,REVIEW,Upgraded by 2025 system,0.76,0.8667,308,94,44
TRHZX,T Rowe Price Equity Index 500 Fund Z,Large Blend,Passive,70.94346745087981,93.65471479703834,22.71124734615853,REVIEW,STRONG,Q2_Only_2025,REVIEW,Upgraded by 2025 system,0.76,0.8667,382,21,45
FEMVX,Fidelity SAI Emerging Markets Value Index,Diversified Emerging Mkts,Passive,83.15648608702428,80.07452840509293,-3.0819576819313426,STRONG,STRONG,Q1_Both_Strong,LEAD,Stable,0.57,0.8444,38,371,46
QQQM,Invesco NASDAQ 100 ETF,Large Growth,Passive,76.71668931527363,84.10466792010625,7.387978604832625,REVIEW,STRONG,Q2_Only_2025,REVIEW,Stable,0.57,0.8444,164,245,46
TISPX,Nuveen S&P 500 Index Fund R6,Large Blend,Passive,73.01093335350265,90.19032810844631,17.179394754943658,REVIEW,STRONG,Q2_Only_2025,REVIEW,Upgraded by 2025 system,1,1,307,103,47
VOOG,Vanguard S&P 500 Growth Index Fund ETF,Large Growth,Passive,73.98410370188404,88.5714337535381,14.587330051654064,REVIEW,STRONG,Q2_Only_2025,REVIEW,Upgraded by 2025 system,1,1,268,143,48
TSMOX,Nuveen Quant Small/Mid Cap Equity Fund Retirement,Small Blend,Active,82.17091244800044,80.19282171245689,-1.978090735543546,STRONG,STRONG,Q1_Both_Strong,LEAD,Stable,0.57,0.79,50,363,49
IUSG,iShares Core S&P US Growth ETF,Large Growth,Passive,73.35984671858593,89.37004826057435,16.010201541988422,REVIEW,STRONG,Q2_Only_2025,REVIEW,Upgraded by 2025 system,1,1,294,127,50
DFAI,DFA Dimensional International Core Equity Market,Foreign Large Blend,Active,80.00961322672296,81.4071922461267,1.3975790194037359,STRONG,STRONG,Q1_Both_Strong,LEAD,Stable,0.57,0.79,93,329,51
SCHF,Schwab International Equity ETF,Foreign Large Blend,Passive,71.92971598344496,90.66581657905736,18.7361005956124,REVIEW,STRONG,Q2_Only_2025,REVIEW,Upgraded by 2025 system,1,1,345,93,52
USMC,Principal US Mega-Cap ETF,Large Blend,Active,76.9911958913075,83.00931222545219,6.018116334144693,REVIEW,STRONG,Q2_Only_2025,REVIEW,Stable,0.57,0.79,157,281,52
SFY,SoFi Select 500 ETF,Large Growth,Passive,85.03598321278464,78.31237054541879,-6.723612667365856,STRONG,REVIEW,Q3_Only_2023,REVIEW,Stable,0.57,0.8444,21,422,53
FDMLX,Fidelity Series Intrinsic Opportunities Fund,Mid-Cap Value,Active,81.53227107880817,79.46033143058686,-2.071939648221303,STRONG,REVIEW,Q3_Only_2023,REVIEW,Stable,1,1,64,386,54
IDEQ,Lazard International Dynamic Equity ETF,Foreign Large Blend,Active,78.62910392733501,81.00185816751767,2.3727542401826582,REVIEW,STRONG,Q2_Only_2025,REVIEW,Stable,1,1,116,337,55
VIHAX,Vanguard Internatl High Div Yield Index Fund Adm,Foreign Large Value,Passive,70.61645448067434,91.92575492446932,21.30930044379498,REVIEW,STRONG,Q2_Only_2025,REVIEW,Upgraded by 2025 system,0.67,0.8667,398,59,56
IVW,iShares S&P 500 Growth ETF,Large Growth,Passive,73.5959242278394,87.26279893016296,13.666874702323554,REVIEW,STRONG,Q2_Only_2025,REVIEW,Upgraded by 2025 system,1,1,283,176,57
SPY,State Street SPDR S&P 500 ETF Trust,Large Blend,Passive,73.09317503939691,88.02625494383938,14.933079904442465,REVIEW,STRONG,Q2_Only_2025,REVIEW,Upgraded by 2025 system,1,1,302,158,58
BRXIX,MFS Blended Research International Equity Fund I,Foreign Large Blend,Active,80.53503301712466,79.77643131038589,-0.7586017067387729,STRONG,REVIEW,Q3_Only_2023,REVIEW,Stable,1,1,82,380,59
SMLF,iShares US Small-Cap Equity Factor ETF,Small Blend,Passive,75.65948945761934,83.63562524607822,7.976135788458876,REVIEW,STRONG,Q2_Only_2025,REVIEW,Stable,1,1,205,257,59
VFIAX,Vanguard 500 Index Fund Admiral,Large Blend,Passive,70.9157147426818,91.34521394698753,20.429499204305728,REVIEW,STRONG,Q2_Only_2025,REVIEW,Upgraded by 2025 system,1,1,385,78,60
SMQFX,SEI Inst Inv Emerging Markets Equity Fund A,Diversified Emerging Mkts,Active,80.21514626122591,79.62983119662842,-0.5853150645974949,STRONG,REVIEW,Q3_Only_2023,REVIEW,Stable,1,1,88,383,61
VOO,Vanguard 500 Index Fund ETF,Large Blend,Passive,70.30833111135901,91.89728398299496,21.588952871635954,REVIEW,STRONG,Q2_Only_2025,REVIEW,Upgraded by 2025 system,1,1,412,61,62
FMDGX,Fidelity Mid Cap Growth Index Fund,Mid-Cap Growth,Passive,69.48605786096013,94.71562086736117,25.229563006401037,REVIEW,STRONG,Q2_Only_2025,REVIEW,Upgraded by 2025 system,0.57,0.8444,459,15,63
FNDF,Schwab Fundamental Intl Equity ETF,Foreign Large Value,Passive,71.88525442882386,88.7133929877901,16.828138558966245,REVIEW,STRONG,Q2_Only_2025,REVIEW,Upgraded by 2025 system,1,1,347,140,64
LSVZX,LSV Emerging Markets Equity Fund Inst,Diversified Emerging Mkts,Active,84.46966136949318,77.10509158950748,-7.3645697799857,STRONG,REVIEW,Q3_Only_2023,REVIEW,Stable,0.57,0.79,26,465,65
RECS,Columbia Research Enhanced Core ETF,Large Blend,Passive,83.55875949292692,77.29074103933056,-6.268018453596369,STRONG,REVIEW,Q3_Only_2023,REVIEW,Stable,0.57,0.8444,35,457,66
DFUSX,DFA US Large Company Portfolio Inst,Large Blend,Passive,71.41714017212833,89.24094342719253,17.823803255064206,REVIEW,STRONG,Q2_Only_2025,REVIEW,Upgraded by 2025 system,1,1,362,131,67
IVV,iShares Core S&P 500 ETF,Large Blend,Passive,70.10199945631277,91.45073959511288,21.34874013880011,REVIEW,STRONG,Q2_Only_2025,REVIEW,Upgraded by 2025 system,1,1,422,76,68
VYMI,Vanguard Internatl High Div Yield Index Fund ETF,Foreign Large Value,Passive,68.9543093106064,95.35368136268062,26.399372052074213,REVIEW,STRONG,Q2_Only_2025,REVIEW,Upgraded by 2025 system,1,1,488,11,69
DIVI,Franklin International Core Dividend Tilt Idx ETF,Foreign Large Value,Passive,81.32952245338836,77.84480568989875,-3.4847167634896152,STRONG,REVIEW,Q3_Only_2023,REVIEW,Stable,0.57,0.8444,66,441,70
FELG,Fidelity Enhanced Large Cap Growth ETF,Large Growth,Active,81.80924524236282,77.49295588914204,-4.316289353220782,STRONG,REVIEW,Q3_Only_2023,REVIEW,Stable,1,1,56,451,70
VFMFX,Vanguard US Multifactor Fund Admiral,Mid-Cap Value,Active,71.72266418599995,88.2244668975529,16.501802711552955,REVIEW,STRONG,Q2_Only_2025,REVIEW,Upgraded by 2025 system,0.57,0.79,356,153,71
PEIYX,Putnam Large Cap Value Fund Y,Large Value,Active,85.33413729666277,76.37105496098843,-8.963082335674343,STRONG,REVIEW,Q3_Only_2023,REVIEW,Stable,1,1,19,495,72
VMVLX,Vanguard Mega Cap Value Index Fund Inst,Large Value,Passive,75.2318456580294,82.3193464539144,7.087500795885006,REVIEW,STRONG,Q2_Only_2025,REVIEW,Stable,1,1,224,297,73
BSPGX,iShares S&P 500 Index Fund G,Large Blend,Passive,68.94092531001036,92.89785294987854,23.956927639868184,REVIEW,STRONG,Q2_Only_2025,REVIEW,Upgraded by 2025 system,0.71,0.8667,489,35,74
SPINX,SEI Inst Inv S&P 500 Index Fund A,Large Blend,Passive,71.04459704188146,88.56654063980112,17.52194359791966,REVIEW,STRONG,Q2_Only_2025,REVIEW,Upgraded by 2025 system,1,1,379,145,74
FCLKX,Fidelity Large Cap Stock K6 Fund,Large Blend,Active,85.52446891396993,75.97897156644316,-9.545497347526762,STRONG,REVIEW,Q3_Only_2023,REVIEW,Stable,0.57,0.79,17,510,75
VYM,Vanguard High Dividend Yield Index Fund ETF,Large Value,Passive,72.28641006490423,86.54611772118639,14.25970765628216,REVIEW,STRONG,Q2_Only_2025,REVIEW,Upgraded by 2025 system,1,1,330,198,76
VFMV,Vanguard US Minimum Volatility ETF,Mid-Cap Blend,Active,76.17210585346143,80.84199614792239,4.669890294460956,REVIEW,STRONG,Q2_Only_2025,REVIEW,Stable,0.57,0.79,188,345,77
FSOSX,Fidelity Series Overseas Fund,Foreign Large Growth,Active,77.3957535374629,79.29476381598712,1.89901027852423,REVIEW,REVIEW,Q4_Both_Weak,WATCH,Stable,0.57,0.79,148,391,78
MAIFX,MoA International Fund,Foreign Large Blend,Active,77.85869307709437,78.57162779311315,0.7129347160187791,REVIEW,REVIEW,Q4_Both_Weak,WATCH,Stable,1,1,129,416,79
CRQSX,Catholic Responsible Investments Eqty Indx Fd Inst,Large Blend,Passive,70.03258276658984,89.50475625234351,19.47217348575367,REVIEW,STRONG,Q2_Only_2025,REVIEW,Upgraded by 2025 system,0.15,0.6222,427,122,80
FSKGX,Fidelity Growth Strategies K6 Fund,Mid-Cap Growth,Active,75.19820322433667,81.5469144733274,6.348711248990739,REVIEW,STRONG,Q2_Only_2025,REVIEW,Stable,0.57,0.79,226,326,81
VSMIX,Invesco Small Cap Value Fund Y,Small Value,Active,78.25133867754809,78.11452714677033,-0.13681153077776287,REVIEW,REVIEW,Q4_Both_Weak,WATCH,Stable,1,1,119,434,82
SPUS,SP Funds S&P 500 Sharia Industry Exclusions ETF,Large Growth,Passive,86.65010871968124,74.30966969710116,-12.340439022580085,STRONG,REVIEW,Q3_Only_2023,REVIEW,Downgraded by 2025 system,0.57,0.8444,9,566,83
DFALX,DFA Large Cap International Portfolio Inst,Foreign Large Blend,Active,75.25859362886496,80.19405190045232,4.935458271587365,REVIEW,STRONG,Q2_Only_2025,REVIEW,Stable,1,1,223,362,84
FGSIX,Federated Hermes MDT Mid Cap Growth Fund Inst,Mid-Cap Growth,Active,81.94128633181386,75.19715171239137,-6.744134619422482,STRONG,REVIEW,Q3_Only_2023,REVIEW,Stable,1,1,53,532,84
XLRE,State Street Real Estate Select Sector SPDR ETF,Real Estate,Passive,72.56345761622684,83.3556018718789,10.792144255652062,REVIEW,STRONG,Q2_Only_2025,REVIEW,Upgraded by 2025 system,1,1,323,268,85
FSAEX,Fidelity Series All-Sector Equity Fund,Large Blend,Active,72.27106578034382,83.53179646630485,11.260730685961036,REVIEW,STRONG,Q2_Only_2025,REVIEW,Upgraded by 2025 system,1,1,332,260,86
FLQL,Franklin US Large Cap Multifactor Index ETF,Large Blend,Passive,83.22124121796229,74.61322320233577,-8.608018015626513,STRONG,REVIEW,Q3_Only_2023,REVIEW,Stable,0.57,0.8444,37,556,87
TROZX,T Rowe Price International Value Equity Fd Z,Foreign Large Value,Active,72.29403788004302,83.44804919490231,11.15401131485929,REVIEW,STRONG,Q2_Only_2025,REVIEW,Upgraded by 2025 system,0.76,0.88,329,264,87
IDHQ,Invesco S&P Internatnl Developed Quality ETF,Foreign Large Growth,Passive,76.62994271124721,78.21334074372275,1.583398032475543,REVIEW,REVIEW,Q4_Both_Weak,WATCH,Stable,1,1,168,426,88
VSPGX,Vanguard S&P 500 Growth Index Fund Institutional,Large Growth,Passive,71.31097578586609,84.42097739092418,13.110001605058088,REVIEW,STRONG,Q2_Only_2025,REVIEW,Upgraded by 2025 system,0.57,0.8444,366,239,89
PMJIX,PIMCO RAE US Small Fund Institutional,Small Value,Active,76.13015589132631,78.47179018615775,2.3416342948314366,REVIEW,REVIEW,Q4_Both_Weak,WATCH,Stable,1,1,191,418,90
BBRE,JPMorgan BetaBuilders MSCI US REIT ETF,Real Estate,Passive,78.24632198113048,76.45486417806013,-1.7914578030703439,REVIEW,REVIEW,Q4_Both_Weak,WATCH,Stable,0.57,0.8444,120,491,91
QQQ,"Invesco QQQ Trust, Series 1",Large Growth,Passive,75.3683235399993,79.20860621065258,3.8402826706532807,REVIEW,REVIEW,Q4_Both_Weak,WATCH,Stable,1,1,219,392,91
QRSIX,FPA Queens Road Small Cap Value Fd Inst,Small Value,Active,80.37643221112482,75.30055794622704,-5.075874264897777,STRONG,REVIEW,Q3_Only_2023,REVIEW,Stable,0.76,0.88,85,527,92
MGC,Vanguard Mega Cap Index Fund ETF,Large Blend,Passive,73.08404074091672,82.00326000211231,8.919219261195593,REVIEW,STRONG,Q2_Only_2025,REVIEW,Stable,1,1,303,313,93
JPUS,JPMorgan Diversified Return US Equity ETF,Mid-Cap Value,Passive,76.43645716297368,77.72767750818468,1.291220345211002,REVIEW,REVIEW,Q4_Both_Weak,WATCH,Stable,1,1,175,444,94
FELC,Fidelity Enhanced Large Cap Core ETF,Large Blend,Active,77.4465931076081,76.80300196456703,-0.6435911430410641,REVIEW,REVIEW,Q4_Both_Weak,WATCH,Stable,1,1,142,479,95
AVERX,Ave Maria Value Focused Fund,Mid-Cap Blend,Active,86.13359936208481,73.14151928208922,-12.992080079995588,STRONG,REVIEW,Q3_Only_2023,REVIEW,Downgraded by 2025 system,1,1,12,617,96
NANR,State Street SPDR S&P North American Nat Res ETF,Natural Resources,Passive,73.71807156828416,80.57896069855703,6.8608891302728665,REVIEW,STRONG,Q2_Only_2025,REVIEW,Stable,1,1,279,350,96
FDETX,Fidelity Advisor Capital Development Fund O,Large Blend,Active,80.31039536000038,74.79600945669216,-5.514385903308224,STRONG,REVIEW,Q3_Only_2023,REVIEW,Stable,1,1,86,544,97
CWSGX,Carillon Chartwell Small Cap Growth Fund I,Small Growth,Active,74.14077342686664,80.06136535606831,5.920591929201663,REVIEW,STRONG,Q2_Only_2025,REVIEW,Stable,0.57,0.79,260,372,98
CEMFX,Cullen Emerging Markets High Dividend Fund I,Diversified Emerging Mkts,Active,86.07969546951638,72.96186305077806,-13.117832418738317,STRONG,REVIEW,Q3_Only_2023,REVIEW,Downgraded by 2025 system,1,1,13,623,99
MMDEX,Praxis Growth Index Fund I,Large Growth,Passive,71.3707018023814,83.24225070019092,11.871548897809518,REVIEW,STRONG,Q2_Only_2025,REVIEW,Upgraded by 2025 system,1,1,364,274,100
NOSIX,Northern Stock Index Fund,Large Blend,Passive,67.86731447628375,89.72489736732801,21.85758289104426,REVIEW,STRONG,Q2_Only_2025,REVIEW,Upgraded by 2025 system,1,1,531,111,101
QILGX,Federated Hermes MDT Large Cap Growth Fund Inst,Large Growth,Active,86.87386810812323,72.64074711186319,-14.233120996260041,STRONG,REVIEW,Q3_Only_2023,REVIEW,Downgraded by 2025 system,1,1,8,637,102
FENI,Fidelity Enhanced International ETF,Foreign Large Blend,Active,73.17887357762145,80.73073385467141,7.551860277049968,REVIEW,STRONG,Q2_Only_2025,REVIEW,Stable,1,1,299,348,103
CGJIX,Calvert US Large-Cap Growth Responsible Indx Fd I,Large Growth,Passive,71.93890349748433,82.16121721079165,10.222313713307315,REVIEW,STRONG,Q2_Only_2025,REVIEW,Upgraded by 2025 system,1,1,344,304,104
VMCTX,Vanguard Mega Cap Index Fund Institutional,Large Blend,Passive,73.43357907364168,80.2268998549208,6.793320781279121,REVIEW,STRONG,Q2_Only_2025,REVIEW,Stable,1,1,291,361,105
VEIRX,Vanguard Equity Income Fund Admiral,Large Value,Active,75.69919440107353,77.55202202936033,1.8528276282868035,REVIEW,REVIEW,Q4_Both_Weak,WATCH,Stable,1,1,204,449,106
AVLV,Avantis US Large Cap Value ETF,Large Value,Active,67.86693044331443,89.38450778742092,21.517577344106485,REVIEW,STRONG,Q2_Only_2025,REVIEW,Upgraded by 2025 system,0.15,0.46,532,126,107
DGRO,iShares Core Dividend Growth ETF,Large Value,Passive,70.55613989804935,83.60476302189304,13.048623123843683,REVIEW,STRONG,Q2_Only_2025,REVIEW,Upgraded by 2025 system,1,1,403,258,108
FDMO,Fidelity Momentum Factor ETF,Large Growth,Passive,84.59672071866176,72.63961012390885,-11.957110594752905,STRONG,REVIEW,Q3_Only_2023,REVIEW,Downgraded by 2025 system,0.57,0.8444,25,638,109
FGROX,Emerald Growth Fund Inst,Small Growth,Active,74.05373192490353,78.95139409743766,4.897662172534126,REVIEW,REVIEW,Q4_Both_Weak,WATCH,Stable,1,1,266,401,110
AVEM,Avantis Emerging Markets Equity ETF,Diversified Emerging Mkts,Active,74.73014377258018,78.21772685821952,3.4875830856393435,REVIEW,REVIEW,Q4_Both_Weak,WATCH,Stable,0.57,0.79,246,425,111
JSMD,Janus Henderson Small/Mid Cap Growth Alpha ETF,Small Growth,Active,72.89129649330366,80.13657749955966,7.245281006256008,REVIEW,STRONG,Q2_Only_2025,REVIEW,Stable,1,1,312,365,112
VUG,Vanguard Growth Index Fund ETF,Large Growth,Passive,65.98207147914066,92.03117451061625,26.049103031475596,REVIEW,STRONG,Q2_Only_2025,REVIEW,Upgraded by 2025 system,1,1,621,56,112
NEAIX,Needham Aggressive Growth Fund Instl,Small Growth,Active,91.78281295622827,71.5104118915217,-20.27240106470657,STRONG,REVIEW,Q3_Only_2023,REVIEW,Downgraded by 2025 system,0.84,0.88,2,676,113
MNCEX,Mercer Non-US Core Equity Fund Y-3,Foreign Large Blend,Active,76.96257620442833,75.40260498392958,-1.5599712204987526,REVIEW,REVIEW,Q4_Both_Weak,WATCH,Stable,1,1,158,523,114
TMFC,Motley Fool 100 Index ETF,Large Growth,Passive,74.75875348941584,77.9888240807412,3.230070591325358,REVIEW,REVIEW,Q4_Both_Weak,WATCH,Stable,0.57,0.8444,243,438,114
DFVIX,DFA International Value Portfolio III Inst,Foreign Large Value,Active,73.29213164854906,79.41000782170165,6.117876173152595,REVIEW,REVIEW,Q4_Both_Weak,WATCH,Stable,1,1,295,388,115
GSIMX,Goldman Sachs GQG Partners International Oppt Inst,Foreign Large Growth,Active,81.93658191504024,72.77133496276319,-9.165246952277045,STRONG,REVIEW,Q3_Only_2023,REVIEW,Stable,0.57,0.79,54,630,116
LST,Leuthold Select Industries ETF,Mid-Cap Blend,Active,77.96104314341247,74.31797016977916,-3.643072973633309,REVIEW,REVIEW,Q4_Both_Weak,WATCH,Stable,1,1,123,564,117
MGRDX,MFS International Growth Fund R6,Foreign Large Growth,Active,84.28314870696262,72.03932460095113,-12.243824106011488,STRONG,REVIEW,Q3_Only_2023,REVIEW,Downgraded by 2025 system,1,1,29,661,118
VBR,Vanguard Small-Cap Value Index Fund ETF,Small Value,Passive,69.03063956917742,85.77094379335688,16.740304224179454,REVIEW,STRONG,Q2_Only_2025,REVIEW,Upgraded by 2025 system,1,1,481,211,119
VSIAX,Vanguard Small-Cap Value Index Fund Admiral,Small Value,Passive,69.05188005735945,85.7026945424399,16.650814485080446,REVIEW,STRONG,Q2_Only_2025,REVIEW,Upgraded by 2025 system,1,1,480,213,120
JMEE,JPMorgan Small & Mid Cap Enhanced Equity ETF,Small Blend,Active,76.33984213848859,75.8685351582691,-0.47130698021949513,REVIEW,REVIEW,Q4_Both_Weak,WATCH,Stable,0.37,0.77,181,515,121
KMKNX,Kinetics Market Opportunities Fund NL,Mid-Cap Growth,Active,85.76541946246465,71.32812827536422,-14.437291187100428,STRONG,REVIEW,Q3_Only_2023,REVIEW,Downgraded by 2025 system,1,1,15,681,121
ODIYX,Invesco Discovery Fund Y,Small Growth,Active,74.39934142639608,77.6465272778075,3.247185851411416,REVIEW,REVIEW,Q4_Both_Weak,WATCH,Stable,1,1,252,447,122
PEIFX,PIMCO RAE Emerging Markets Fund Inst,Diversified Emerging Mkts,Active,77.82535644952111,74.10640383813586,-3.718952611385248,REVIEW,REVIEW,Q4_Both_Weak,WATCH,Stable,1,1,130,572,123
FCNTX,Fidelity Contrafund,Large Growth,Active,80.41434558568997,73.07868805615503,-7.3356575295349415,STRONG,REVIEW,Q3_Only_2023,REVIEW,Stable,1,1,84,620,124
FGRTX,Fidelity Mega Cap Stock Fund,Large Blend,Active,81.59622907349535,72.57325110170905,-9.022977971786304,STRONG,REVIEW,Q3_Only_2023,REVIEW,Stable,1,1,62,643,125
POAGX,PRIMECAP Odyssey Aggressive Growth Fund,Mid-Cap Growth,Active,80.64865654991115,72.9128354589279,-7.735821090983251,STRONG,REVIEW,Q3_Only_2023,REVIEW,Stable,1,1,80,625,125
PLFIX,Principal LargeCap S&P 500 Index Fund Inst,Large Blend,Passive,67.75891410965279,87.73719949340449,19.978285383751697,REVIEW,STRONG,Q2_Only_2025,REVIEW,Upgraded by 2025 system,1,1,543,165,126
SNPE,Xtrackers S&P 500 Scored & Screened ETF,Large Blend,Passive,72.41067215089497,79.67373248730172,7.2630603364067525,REVIEW,REVIEW,Q4_Both_Weak,WATCH,Stable,0.57,0.8444,326,382,126
FQITX,Fidelity SAI International Quality Index,Foreign Large Growth,Passive,73.03986983190522,78.75075374241213,5.710883910506908,REVIEW,REVIEW,Q4_Both_Weak,WATCH,Stable,0.57,0.8444,305,407,127
HRCIX,Carillon ClariVest Capital Appreciation Fund I,Large Growth,Active,78.2040491310691,73.71841872899815,-4.485630402070953,REVIEW,REVIEW,Q4_Both_Weak,WATCH,Stable,1,1,121,591,127
EFIV,State Street SPDR S&P 500 ESG ETF,Large Blend,Passive,72.85946278131831,78.9144507875566,6.05498800623829,REVIEW,REVIEW,Q4_Both_Weak,WATCH,Stable,0.57,0.8444,314,403,128
STFGX,State Farm Growth Fund,Large Blend,Active,75.91315096033831,75.69913864397063,-0.21401231636768614,REVIEW,REVIEW,Q4_Both_Weak,WATCH,Stable,1,1,201,517,129
FFLC,Fidelity Fundamental Large Cap Core ETF,Large Blend,Active,82.18736491457528,71.6947891301428,-10.49257578443249,STRONG,REVIEW,Q3_Only_2023,REVIEW,Downgraded by 2025 system,0.57,0.79,49,672,130
IWL,iShares Russell Top 200 ETF,Large Blend,Passive,73.80934533579084,77.67111074288884,3.861765407098005,REVIEW,REVIEW,Q4_Both_Weak,WATCH,Stable,1,1,275,446,130
F00001070J,Allspring Disciplined Large Cap Port,Large Blend,Active,75.26697907181303,76.27748961479251,1.010510542979489,REVIEW,REVIEW,Q4_Both_Weak,WATCH,Stable,0.57,0.79,222,501,131
SPXN,ProShares S&P 500 Ex-Financials ETF,Large Blend,Passive,76.50385137764964,74.71043545560465,-1.7934159220449857,REVIEW,REVIEW,Q4_Both_Weak,WATCH,Stable,1,1,173,552,132
AFDZX,Applied Finance Explorer Fund Institutional,Small Value,Active,81.6069918025364,71.90802323413489,-9.698968568401511,STRONG,REVIEW,Q3_Only_2023,REVIEW,Stable,1,1,61,665,133
MGK,Vanguard Mega Cap Growth Index Fund ETF,Large Growth,Passive,67.09030638290672,88.15723682245591,21.066930439549196,REVIEW,STRONG,Q2_Only_2025,REVIEW,Upgraded by 2025 system,0.95,1,572,154,133
CSMCX,Congress Small Cap Growth Fund Institutional,Small Growth,Active,83.58521494362925,70.96410769811811,-12.62110724551114,STRONG,REVIEW,Q3_Only_2023,REVIEW,Downgraded by 2025 system,1,1,34,693,134
DUSLX,DFA US Large Cap Growth Portfolio Inst,Large Growth,Active,77.80723301832818,73.63648737927561,-4.170745639052569,REVIEW,REVIEW,Q4_Both_Weak,WATCH,Stable,1,1,132,595,134
RPTTX,T Rowe Price Diversified Mid-Cap Growth Fund I,Mid-Cap Growth,Active,80.6386653046841,72.40533724086248,-8.233328063821617,STRONG,REVIEW,Q3_Only_2023,REVIEW,Stable,0.76,0.88,81,647,135
OBSIX,Oberweis Small-Cap Opportunities Fund Inst,Small Growth,Active,83.88966623175884,70.92375000026433,-12.965916231494504,STRONG,REVIEW,Q3_Only_2023,REVIEW,Downgraded by 2025 system,0.76,0.88,32,697,136
AIMOX,AQR International Momentum Style Fund I,Foreign Large Growth,Active,75.64510286190246,75.38091205655499,-0.26419080534746797,REVIEW,REVIEW,Q4_Both_Weak,WATCH,Stable,1,1,206,524,137
EMGF,iShares Emerging Markets Equity Factor ETF,Diversified Emerging Mkts,Passive,70.67222300732682,81.2302853176943,10.558062310367475,REVIEW,STRONG,Q2_Only_2025,REVIEW,Upgraded by 2025 system,1,1,396,336,138
FKIDX,Fidelity Diversified International K6 Fund,Foreign Large Growth,Active,76.88447704807744,74.09730407098107,-2.7871729770963753,REVIEW,REVIEW,Q4_Both_Weak,WATCH,Stable,0.57,0.79,160,573,139
GWLIX,abrdn Emerging Markets ex-China Fund Inst,Diversified Emerging Mkts,Active,79.15314861684674,72.81359034594982,-6.339558270896916,REVIEW,REVIEW,Q4_Both_Weak,WATCH,Stable,1,1,105,629,140
TCMSX,Voya Small Cap Growth Fund I,Small Growth,Active,77.43530174656875,73.6802733010499,-3.7550284455188603,REVIEW,REVIEW,Q4_Both_Weak,WATCH,Stable,1,1,144,593,141
SSAQX,State Street US Core Equity Fund,Large Blend,Active,74.02619594579065,76.93249667298448,2.9063007271938375,REVIEW,REVIEW,Q4_Both_Weak,WATCH,Stable,1,1,267,472,142
VIGAX,Vanguard Growth Index Fund Admiral,Large Growth,Passive,65.31455609429474,91.30310185304359,25.98854575874884,REVIEW,STRONG,Q2_Only_2025,REVIEW,Upgraded by 2025 system,1,1,663,80,143
SVSPX,State Street S&P 500 Index Fund N,Large Blend,Passive,69.13611445957442,83.34097226610626,14.204857806531848,REVIEW,STRONG,Q2_Only_2025,REVIEW,Upgraded by 2025 system,1,1,475,269,144
SFNNX,Schwab Fundamental Intl Equity Index Fund,Foreign Large Value,Passive,68.52810168867867,84.160062044409,15.631960355730328,REVIEW,STRONG,Q2_Only_2025,REVIEW,Upgraded by 2025 system,1,1,504,243,145
DIEM,Franklin Emerging Market Core Dividend Tilt Ix ETF,Diversified Emerging Mkts,Passive,72.39737052049156,78.19058317140141,5.793212650909851,REVIEW,REVIEW,Q4_Both_Weak,WATCH,Stable,0.57,0.8444,327,428,146
VSTCX,Vanguard Strategic Small-Cap Equity Fund Investor,Small Blend,Active,70.1166381870273,81.23692014036122,11.120281953333915,REVIEW,STRONG,Q2_Only_2025,REVIEW,Upgraded by 2025 system,0.95,1,420,335,146
IVLU,iShares MSCI Intl Value Factor ETF,Foreign Large Value,Passive,70.37923810043108,80.71150857157312,10.332270471142039,REVIEW,STRONG,Q2_Only_2025,REVIEW,Upgraded by 2025 system,1,1,409,349,147
VEA,Vanguard Developed Markets Index Fund ETF,Foreign Large Blend,Passive,67.89444725681611,84.57476000799737,16.680312751181262,REVIEW,STRONG,Q2_Only_2025,REVIEW,Upgraded by 2025 system,1,1,529,236,148
JLGMX,JPMorgan Large Cap Growth Fund R6,Large Growth,Active,78.3119306928895,72.24711143480744,-6.064819258082068,REVIEW,REVIEW,Q4_Both_Weak,WATCH,Stable,1,1,117,652,149
SPDW,State Street SPDR Portfolio Devt World ex-US ETF,Foreign Large Blend,Passive,65.70734102300173,89.50053724520622,23.793196222204486,REVIEW,STRONG,Q2_Only_2025,REVIEW,Upgraded by 2025 system,1,1,646,124,150
REIFX,Third Avenue International Real Estate Value F Ins,Global Real Estate,Active,87.00344381163319,69.06735329404229,-17.9360905175909,STRONG,REVIEW,Q3_Only_2023,REVIEW,Downgraded by 2025 system,1,1,7,767,151
IDHIX,Integrity Dividend Harvest Fund I,Large Value,Active,82.30633373205441,70.193859533483,-12.112474198571405,STRONG,REVIEW,Q3_Only_2023,REVIEW,Downgraded by 2025 system,0.76,0.88,48,728,152
FDEGX,Fidelity Growth Strategies Fund,Mid-Cap Growth,Active,74.81776676027297,74.9187931659321,0.1010264056591268,REVIEW,REVIEW,Q4_Both_Weak,WATCH,Stable,1,1,240,541,153
MAEIX,MoA Equity Index Fund,Large Blend,Passive,67.08277245034127,86.23335138480513,19.150578934463866,REVIEW,STRONG,Q2_Only_2025,REVIEW,Upgraded by 2025 system,1,1,575,206,153
DFIVX,DFA International Value Portfolio Institutional,Foreign Large Value,Active,72.08828502576407,77.73037261913342,5.642087593369354,REVIEW,REVIEW,Q4_Both_Weak,WATCH,Stable,1,1,340,443,154
USPRX,Victory 500 Index Fund Reward,Large Blend,Passive,66.06430762662823,87.2220207336129,21.15771310698466,REVIEW,STRONG,Q2_Only_2025,REVIEW,Upgraded by 2025 system,1,1,610,179,155
FGKFX,Fidelity Growth Company K6 Fund,Large Growth,Active,70.72569894755915,78.9856048612486,8.259905913689451,REVIEW,REVIEW,Q4_Both_Weak,WATCH,Stable,0.57,0.79,392,400,156
ACFLX,American Century Focused Large Cap Value Fund G,Large Value,Active,71.1765178485286,78.38491942923872,7.208401580710117,REVIEW,REVIEW,Q4_Both_Weak,WATCH,Stable,0.53,0.69,373,420,157
HFXI,NYLI FTSE International Eqty Currency Neutral ETF,Foreign Large Blend,Passive,81.42114739150522,69.83442315671743,-11.58672423478778,STRONG,REVIEW,Q3_Only_2023,REVIEW,Downgraded by 2025 system,1,1,65,737,158
PZIEX,Pzena Emerging Markets Value Fund Institutional,Diversified Emerging Mkts,Active,81.04735113739125,70.18383623339825,-10.863514903992993,STRONG,REVIEW,Q3_Only_2023,REVIEW,Downgraded by 2025 system,1,1,72,730,158
DFFVX,DFA US Targeted Value Portfolio Institutional,Small Value,Active,72.06020806650983,77.13698319338394,5.076775126874111,REVIEW,REVIEW,Q4_Both_Weak,WATCH,Stable,1,1,341,462,159
FYC,First Trust Small Cap Growth AlphaDEX Fund,Small Growth,Passive,70.5787647813852,78.94921903659962,8.370454255214412,REVIEW,REVIEW,Q4_Both_Weak,WATCH,Stable,1,1,401,402,159
APHIX,Artisan International Fund Institutional,Foreign Large Growth,Active,82.62315746566287,69.13531602305716,-13.487841442605713,STRONG,REVIEW,Q3_Only_2023,REVIEW,Downgraded by 2025 system,1,1,43,764,160
FDVV,Fidelity High Dividend ETF,Large Value,Passive,76.25329691517493,72.90626225610222,-3.3470346590727047,REVIEW,REVIEW,Q4_Both_Weak,WATCH,Stable,0.57,0.8444,183,626,161
USCA,Xtrackers MSCI USA Climate Action Equity ETF,Large Blend,Passive,64.48191401490583,90.48803059962168,26.006116584715855,REVIEW,STRONG,Q2_Only_2025,REVIEW,Upgraded by 2025 system,0.15,0.5111,713,98,162
DFEVX,DFA Emerging Markets Value Portfolio Instutional,Diversified Emerging Mkts,Active,76.19745594741326,72.67876068317662,-3.5186952642366407,REVIEW,REVIEW,Q4_Both_Weak,WATCH,Stable,1,1,186,634,163
GENIX,Gotham Enhanced Return Fund Institutional,Mid-Cap Blend,Active,84.42415463790756,68.47537753355982,-15.94877710434774,STRONG,REVIEW,Q3_Only_2023,REVIEW,Downgraded by 2025 system,1,1,28,793,164
FLCSX,Fidelity Large Cap Stock Fund,Large Blend,Active,79.52311548862477,70.28913156958178,-9.233983919042984,REVIEW,REVIEW,Q4_Both_Weak,WATCH,Stable,1,1,100,722,165
QVML,Invesco S&P 500 QVM Multi-factor ETF,Large Blend,Passive,67.79685699136917,82.96017445329234,15.163317461923171,REVIEW,STRONG,Q2_Only_2025,REVIEW,Upgraded by 2025 system,0.15,0.6222,540,283,166
IDEV,iShares Core MSCI International Developed Mkt ETF,Foreign Large Blend,Passive,67.08604286689398,83.91197059144083,16.825927724546858,REVIEW,STRONG,Q2_Only_2025,REVIEW,Upgraded by 2025 system,0.57,0.8444,573,252,167
USNQX,Victory Nasdaq-100 Index Fund Fund,Large Growth,Passive,75.1685492691099,73.39530258338199,-1.773246685727912,REVIEW,REVIEW,Q4_Both_Weak,WATCH,Stable,1,1,229,602,168
FINVX,Fidelity Series International Value Fund,Foreign Large Value,Active,70.93430337564472,77.51833874622386,6.584035370579144,REVIEW,REVIEW,Q4_Both_Weak,WATCH,Stable,1,1,383,450,169
GEQYX,GuideStone Equity Index Fund Inst,Large Blend,Passive,66.18053048024083,84.69724136069446,18.51671088045363,REVIEW,STRONG,Q2_Only_2025,REVIEW,Upgraded by 2025 system,0.95,1,602,234,170
SBEMX,Segall Bryant & Hamill Emerging Markets Fund Inst,Diversified Emerging Mkts,Active,78.70223977209942,70.28862324322114,-8.41361652887828,REVIEW,REVIEW,Q4_Both_Weak,WATCH,Stable,1,1,113,723,170
NQVRX,Nuveen Multi Cap Value Fund I,Mid-Cap Value,Active,81.24473754170572,69.04833164348622,-12.196405898219496,STRONG,REVIEW,Q3_Only_2023,REVIEW,Downgraded by 2025 system,1,1,69,768,171
SPYV,State Street SPDR Portfolio S&P 500 Value ETF,Large Value,Passive,64.95411144396286,88.4069935947887,23.452882150825843,REVIEW,STRONG,Q2_Only_2025,REVIEW,Upgraded by 2025 system,1,1,689,148,171
VTMGX,Vanguard Developed Markets Index Fund Admiral,Foreign Large Blend,Passive,67.02490504646381,83.50189482764176,16.47698978117795,REVIEW,STRONG,Q2_Only_2025,REVIEW,Upgraded by 2025 system,1,1,577,262,172
FUQIX,Fidelity SAI US Quality Index Fund,Large Growth,Passive,80.51513205450449,69.42922624205448,-11.085905812450008,STRONG,REVIEW,Q3_Only_2023,REVIEW,Downgraded by 2025 system,1,1,83,757,173
BRWVX,MFS Blended Research Growth Equity Fund R6,Large Growth,Active,72.56806072321211,75.44742293352299,2.879362210310873,REVIEW,REVIEW,Q4_Both_Weak,WATCH,Stable,1,1,322,522,174
IVNQX,Invesco NASDAQ 100 Index Fund R6,Large Growth,Passive,71.8914600319415,76.34362157334675,4.452161541405246,REVIEW,REVIEW,Q4_Both_Weak,WATCH,Stable,0.57,0.8444,346,499,175
VRREX,Virtus Duff & Phelps Real Estate Securities Fd R6,Real Estate,Active,77.89313324366891,70.29474005080907,-7.598393192859845,REVIEW,REVIEW,Q4_Both_Weak,WATCH,Stable,1,1,125,720,175
FHLFX,Fidelity Series International Index Fund,Foreign Large Blend,Passive,68.01396878202003,81.70681120816351,13.692842426143486,REVIEW,STRONG,Q2_Only_2025,REVIEW,Upgraded by 2025 system,0.57,0.8444,523,323,176
ONEQ,Fidelity Nasdaq Composite Index ETF,Large Growth,Passive,68.2426029993271,80.98277219489538,12.74016919556827,REVIEW,STRONG,Q2_Only_2025,REVIEW,Upgraded by 2025 system,1,1,515,338,177
TQAIX,T Rowe Price Integrated US SmCp Gro Eqty Fd I,Small Growth,Active,70.89504360440706,77.03243889715841,6.13739529275135,REVIEW,REVIEW,Q4_Both_Weak,WATCH,Stable,0.89,0.88,386,469,178
VEU,Vanguard FTSE All-World ex US Index Fund ETF,Foreign Large Blend,Passive,62.79204630478388,92.53638961982197,29.744343315038094,REVIEW,STRONG,Q2_Only_2025,REVIEW,Upgraded by 2025 system,1,1,813,42,178
DFIEX,DFA International Core Equity 2 Portfolio Inst,Foreign Large Blend,Active,70.72815629091596,77.09731440614422,6.3691581152282595,REVIEW,REVIEW,Q4_Both_Weak,WATCH,Stable,1,1,391,466,179
FDSCX,Fidelity Stock Selector Small Cap Fund,Small Blend,Active,77.0638969729564,70.7301446891671,-6.333752283789295,REVIEW,REVIEW,Q4_Both_Weak,WATCH,Stable,1,1,154,704,180
VIAAX,Vanguard Intl Dividend Appreciation Index Fund Adm,Foreign Large Growth,Passive,74.91590376265451,73.06881979495023,-1.847083967704279,REVIEW,REVIEW,Q4_Both_Weak,WATCH,Stable,0.67,0.8667,237,621,180
USXF,iShares ESG Advanced MSCI USA ETF,Large Growth,Passive,75.96734064697331,72.05355994983613,-3.9137806971371845,REVIEW,REVIEW,Q4_Both_Weak,WATCH,Stable,0.57,0.8444,200,660,181
BFGIX,Baron Focused Growth Fund Institutional,Mid-Cap Growth,Active,80.0659607746558,68.95924730018612,-11.106713474469686,STRONG,REVIEW,Q3_Only_2023,REVIEW,Downgraded by 2025 system,1,1,91,770,182
ALZFX,Alger Focus Equity Fund Z,Large Growth,Active,73.12649535060726,74.39248717963842,1.2659918290311651,REVIEW,REVIEW,Q4_Both_Weak,WATCH,Stable,1,1,301,561,183
QIACX,Federated Hermes MDT All Cap Core Fund Inst,Large Blend,Active,77.86840200960057,69.90751923645585,-7.960882773144718,REVIEW,REVIEW,Q4_Both_Weak,WATCH,Stable,1,1,128,736,184
GLIFX,Lazard Global Listed Infrastructure Portfolio Inst,Infrastructure,Active,83.13524198566566,67.95855567627508,-15.176686309390576,STRONG,REVIEW,Q3_Only_2023,REVIEW,Downgraded by 2025 system,1,1,39,827,185
PSYGX,Putnam Small Cap Growth Fund Y,Small Growth,Active,74.81403397338983,72.87510559508766,-1.9389283783021654,REVIEW,REVIEW,Q4_Both_Weak,WATCH,Stable,1,1,241,627,186
DRGVX,BNY Mellon Dynamic Value Fund I,Large Value,Active,78.92209528033577,69.17938647100347,-9.7427088093323,REVIEW,REVIEW,Q4_Both_Weak,WATCH,Stable,1,1,107,763,187
VLU,State Street SPDR S&P 1500 Value TILT ETF,Large Value,Passive,65.09630300608276,86.7106783469772,21.61437534089444,REVIEW,STRONG,Q2_Only_2025,REVIEW,Upgraded by 2025 system,1,1,678,194,188
FSPSX,Fidelity International Index Fund,Foreign Large Blend,Passive,66.67712551592763,82.88444868298647,16.207323167058846,REVIEW,STRONG,Q2_Only_2025,REVIEW,Upgraded by 2025 system,1,1,584,289,189
HIMDX,Hennessy Cornerstone Mid Cap 30 Fund Institutional,Small Blend,Active,76.40855388215371,70.85025544300886,-5.558298439144849,REVIEW,REVIEW,Q4_Both_Weak,WATCH,Stable,1,1,177,698,190
GQETX,GMO Quality Fund III,Large Blend,Active,81.65128000827947,68.10754587896533,-13.543734129314146,STRONG,REVIEW,Q3_Only_2023,REVIEW,Downgraded by 2025 system,1,1,59,819,191
EMMF,WisdomTree Emerging Markets Multifactor Fund,Diversified Emerging Mkts,Active,73.80719544163598,73.3439680460008,-0.46322739563518667,REVIEW,REVIEW,Q4_Both_Weak,WATCH,Stable,0.57,0.79,276,605,192
JQUA,JPMorgan US Quality Factor ETF,Large Blend,Passive,76.02820083488898,71.19282538312605,-4.835375451762928,REVIEW,REVIEW,Q4_Both_Weak,WATCH,Stable,0.57,0.8444,195,687,193
STRV,Strive 500 ETF,Large Blend,Passive,62.900653288293164,91.65692128097038,28.756267992677216,REVIEW,STRONG,Q2_Only_2025,REVIEW,Upgraded by 2025 system,0.15,0.6222,811,73,194
AUERX,Auer Growth Fund,Small Value,Active,79.72025802886174,68.48412683090686,-11.236131197954876,REVIEW,REVIEW,Q4_Both_Weak,WATCH,Downgraded by 2025 system,1,1,96,791,195
FSSLX,Fidelity Series Small Cap Core Fund,Small Blend,Active,66.11735330836456,83.09378368666907,16.976430378304514,REVIEW,STRONG,Q2_Only_2025,REVIEW,Upgraded by 2025 system,0.15,0.46,609,278,195
VMGAX,Vanguard Mega Cap Growth Index Fund Inst,Large Growth,Passive,65.78388587345931,83.85066456637976,18.06677869292045,REVIEW,STRONG,Q2_Only_2025,REVIEW,Upgraded by 2025 system,0.95,1,633,254,195
DEUS,Xtrackers Russell US Multifactor ETF,Mid-Cap Blend,Passive,71.12295419337117,75.93163132103084,4.808677127659664,REVIEW,REVIEW,Q4_Both_Weak,WATCH,Stable,1,1,377,512,196
OMCIX,Oberweis Micro-Cap Fund Institutional,Small Growth,Active,78.8246146927182,68.74959665007896,-10.075018042639243,REVIEW,REVIEW,Q4_Both_Weak,WATCH,Downgraded by 2025 system,0.76,0.88,111,778,196
BMSYX,MFS Blended Research Mid Cap Equity Fund R6,Mid-Cap Blend,Active,76.71978460984393,70.08151493252323,-6.638269677320693,REVIEW,REVIEW,Q4_Both_Weak,WATCH,Stable,0.57,0.79,163,731,197
FIWCX,Fidelity SAI International Value Index Fund,Foreign Large Value,Passive,67.79942835063338,80.35586252212504,12.55643417149166,REVIEW,STRONG,Q2_Only_2025,REVIEW,Upgraded by 2025 system,0.57,0.8444,539,357,198
BDAIX,Baron Durable Advantage Fund Institutional,Large Growth,Active,80.87834045760816,68.00437764133233,-12.873962816275835,STRONG,REVIEW,Q3_Only_2023,REVIEW,Downgraded by 2025 system,0.57,0.79,73,824,199
IWP,iShares Russell Mid-Cap Growth ETF,Mid-Cap Growth,Passive,64.52474872748327,86.81960172326369,22.294852995780417,REVIEW,STRONG,Q2_Only_2025,REVIEW,Upgraded by 2025 system,1,1,708,190,200
HRTVX,Heartland Value Fund Investor,Small Value,Active,77.88715950833091,68.8783914863674,-9.008768021963505,REVIEW,REVIEW,Q4_Both_Weak,WATCH,Stable,0.95,1,126,773,201
PXF,Invesco RAFI Developed Mkts ex-US ETF,Foreign Large Value,Passive,67.93439646620465,80.05690768007561,12.122511213870965,REVIEW,STRONG,Q2_Only_2025,REVIEW,Upgraded by 2025 system,1,1,527,373,202
DFAX,DFA Dimensional World ex US Core Equity 2 ETF,Foreign Large Blend,Active,69.63981849023614,77.43140655890598,7.791588068669839,REVIEW,REVIEW,Q4_Both_Weak,WATCH,Stable,1,1,448,454,203
TRZLX,T Rowe Price US Large-Cap Core Fund Inc Z,Large Blend,Active,69.72477623204901,77.25093641256119,7.5261601805121785,REVIEW,REVIEW,Q4_Both_Weak,WATCH,Stable,0.76,0.88,443,459,203
GWGZX,AMG GW&K Small/Mid Cap Core Fund Z,Small Growth,Active,77.90134104098064,68.73669452057148,-9.164646520409164,REVIEW,REVIEW,Q4_Both_Weak,WATCH,Stable,0.76,0.88,124,779,204
VPCCX,Vanguard PrimeCap Core Fund Investor,Large Blend,Active,77.44574520258888,69.33152144057152,-8.11422376201736,REVIEW,REVIEW,Q4_Both_Weak,WATCH,Stable,1,1,143,761,205
VSMAX,Vanguard Small-Cap Index Fund Admiral,Small Blend,Passive,61.82931007585818,92.94997501447749,31.120664938619306,REVIEW,STRONG,Q2_Only_2025,REVIEW,Upgraded by 2025 system,1,1,872,34,206
IUS,Invesco RAFI Strategic US ETF,Large Value,Passive,72.61345658201186,73.89659990338741,1.2831433213755474,REVIEW,REVIEW,Q4_Both_Weak,WATCH,Stable,0.57,0.8444,321,586,207
AVUVX,Avantis US Small Cap Value Fund Instl,Small Value,Active,70.1819332525312,76.45037889360592,6.26844564107472,REVIEW,REVIEW,Q4_Both_Weak,WATCH,Stable,0.57,0.79,419,492,208
ONEV,State Street SPDR Russell 1000 Low Vol Focus ETF,Mid-Cap Value,Passive,71.01423604718138,75.1847798462743,4.170543799092911,REVIEW,REVIEW,Q4_Both_Weak,WATCH,Stable,1,1,381,533,209
HRSMX,Hood River Small-Cap Growth Fund Institutional,Small Growth,Active,74.83096160751234,71.48955716037892,-3.3414044471334137,REVIEW,REVIEW,Q4_Both_Weak,WATCH,Stable,1,1,239,678,210
ASMOX,AQR Small Cap Momentum Style Fund I,Small Growth,Active,67.82842691991601,79.46797473854562,11.639547818629609,REVIEW,REVIEW,Q4_Both_Weak,WATCH,Upgraded by 2025 system,1,1,533,385,211
FDEM,Fidelity Emerging Markets Multifactor ETF,Diversified Emerging Mkts,Passive,74.19545659224681,71.93261106070995,-2.2628455315368683,REVIEW,REVIEW,Q4_Both_Weak,WATCH,Stable,0.57,0.8444,256,663,212
VMGMX,Vanguard Mid-Cap Growth Index Fund Admiral,Mid-Cap Growth,Passive,62.025276808093864,91.93224114771344,29.906964339619577,REVIEW,STRONG,Q2_Only_2025,REVIEW,Upgraded by 2025 system,1,1,862,58,213
EMCR,Xtrackers Emg Mkt Carbon Reduction and Cl Imp ETF,Diversified Emerging Mkts,Passive,65.56315237492214,83.29434626767772,17.731193892755584,REVIEW,STRONG,Q2_Only_2025,REVIEW,Upgraded by 2025 system,0.57,0.8444,652,272,214
DFIC,DFA Dimensional International Core Equity 2 ETF,Foreign Large Blend,Active,65.78297539206524,82.74321135021646,16.960235958151216,REVIEW,STRONG,Q2_Only_2025,REVIEW,Upgraded by 2025 system,0.15,0.46,634,292,215
EICOX,Eaton Vance Emerging and Frontier Countries Eq I,Diversified Emerging Mkts,Active,80.86320064520525,67.30615702659782,-13.557043618607437,STRONG,REVIEW,Q3_Only_2023,REVIEW,Downgraded by 2025 system,1,1,75,853,216
INVYX,Victory Pioneer International Equity Fund Y,Foreign Large Blend,Active,75.84379241145058,70.231294367043,-5.612498044407573,REVIEW,REVIEW,Q4_Both_Weak,WATCH,Stable,1,1,203,725,216
SFLNX,Schwab Fundamental US Large Company Index Fund,Large Value,Passive,73.20556756938264,72.70126690014165,-0.5043006692409904,REVIEW,REVIEW,Q4_Both_Weak,WATCH,Stable,1,1,298,633,217
DSCGX,DFA US Small Cap Growth Portfolio Inst,Small Growth,Active,71.77732791521045,73.94997075250151,2.1726428372910647,REVIEW,REVIEW,Q4_Both_Weak,WATCH,Stable,1,1,350,583,218
FIDGX,Fidelity Advisor Small Cap Growth Fund Z,Small Growth,Active,71.17185574611656,74.48988083637246,3.318025090255901,REVIEW,REVIEW,Q4_Both_Weak,WATCH,Stable,0.89,0.88,374,559,218
FNDX,Schwab Fundamental US Large Company ETF,Large Value,Passive,72.91402062833744,73.05906718801478,0.14504655967733981,REVIEW,REVIEW,Q4_Both_Weak,WATCH,Stable,1,1,311,622,218
AVUV,Avantis US Small Cap Value ETF,Small Value,Active,70.5465629989735,75.20898029336533,4.66241729439183,REVIEW,REVIEW,Q4_Both_Weak,WATCH,Stable,0.57,0.79,404,531,219
USRT,iShares Core US REIT ETF,Real Estate,Passive,69.1528744542514,77.08714646878562,7.934272014534216,REVIEW,REVIEW,Q4_Both_Weak,WATCH,Stable,1,1,472,467,220
VOT,Vanguard Mid-Cap Growth Index Fund ETF,Mid-Cap Growth,Passive,61.62555121528119,92.07624469750691,30.450693482225716,REVIEW,STRONG,Q2_Only_2025,REVIEW,Upgraded by 2025 system,1,1,888,53,221
AGIZX,Alger Growth & Income Fund Z,Large Blend,Active,77.57833534949523,68.31301240533575,-9.265322944159479,REVIEW,REVIEW,Q4_Both_Weak,WATCH,Stable,1,1,137,805,222
SREZX,PGIM Select Real Estate Fund Z,Global Real Estate,Active,79.84745280855854,67.41253790460905,-12.43491490394949,REVIEW,REVIEW,Q4_Both_Weak,WATCH,Downgraded by 2025 system,1,1,95,851,223
VB,Vanguard Small-Cap Index Fund ETF,Small Blend,Passive,61.240139067695864,92.87043123934623,31.630292171650368,REVIEW,STRONG,Q2_Only_2025,REVIEW,Upgraded by 2025 system,1,1,912,36,224
FNILX,Fidelity ZERO Large Cap Index Fund,Large Blend,Passive,60.7249369673766,94.98629907326543,34.26136210588883,REVIEW,STRONG,Q2_Only_2025,REVIEW,Upgraded by 2025 system,0.52,0.8444,941,13,225
TISEX,Nuveen Quant Small Cap Equity Fund R6,Small Blend,Active,69.34613496684563,76.49986481557274,7.15372984872711,REVIEW,REVIEW,Q4_Both_Weak,WATCH,Stable,1,1,465,489,225
FOCSX,Fidelity Small Cap Growth K6 Fund,Small Growth,Active,67.7844274118216,78.58766673231801,10.803239320496417,REVIEW,REVIEW,Q4_Both_Weak,WATCH,Upgraded by 2025 system,0.57,0.79,541,414,226
JPME,JPMorgan Diversified Return US Mid Cap Equity ETF,Mid-Cap Blend,Passive,75.4616134959939,69.57298094271098,-5.888632553282918,REVIEW,REVIEW,Q4_Both_Weak,WATCH,Stable,0.57,0.8444,210,745,226
MKSPX,BlackRock Advantage SMID Cap Fund K,Small Blend,Active,71.23442095930325,73.92763602172093,2.6932150624176785,REVIEW,REVIEW,Q4_Both_Weak,WATCH,Stable,0.76,0.88,370,585,226
FSGEX,Fidelity Series Global ex US Index Fund,Foreign Large Blend,Passive,60.92879589431438,93.49226894752887,32.56347305321449,REVIEW,STRONG,Q2_Only_2025,REVIEW,Upgraded by 2025 system,1,1,930,26,227
FAD,First Trust Multi Cap Growth AlphaDEX Fund,Mid-Cap Growth,Passive,78.81612756623156,67.63495130931841,-11.181176256913147,REVIEW,REVIEW,Q4_Both_Weak,WATCH,Downgraded by 2025 system,1,1,112,845,228
FISZX,Fidelity SAI International SMA Completion Fund,Foreign Large Growth,Active,65.71507819103974,81.99939785729555,16.28431966625581,REVIEW,STRONG,Q2_Only_2025,REVIEW,Upgraded by 2025 system,0.52,0.79,643,314,228
DILRX,DFA International Large Cap Growth Portfolio Inst,Foreign Large Growth,Active,70.34596952587786,74.75805224362544,4.41208271774758,REVIEW,REVIEW,Q4_Both_Weak,WATCH,Stable,1,1,411,547,229
NASDX,Shelton NASDAQ-100 Index Fund Investor,Large Growth,Passive,77.21227728770371,68.30534777648407,-8.906929511219644,REVIEW,REVIEW,Q4_Both_Weak,WATCH,Stable,1,1,152,806,229
JDEUX,JPMorgan US Research Enhanced Equity Fund R6,Large Blend,Active,74.11078418904711,70.93852502918614,-3.172259159860971,REVIEW,REVIEW,Q4_Both_Weak,WATCH,Stable,1,1,263,696,230
FEKFX,Fidelity Equity-Income K6 Fund,Large Value,Active,73.39142784982407,71.76857025249235,-1.6228575973317163,REVIEW,REVIEW,Q4_Both_Weak,WATCH,Stable,0.57,0.79,293,670,231
BBIN,JPMorgan BetaBuilders International Equity ETF,Foreign Large Blend,Passive,66.55987578007196,79.89845107752156,13.338575297449594,REVIEW,REVIEW,Q4_Both_Weak,WATCH,Upgraded by 2025 system,0.57,0.8444,588,376,232
FUMIX,Fidelity SAI US Momentum Index Fund,Large Growth,Passive,81.21499943753506,66.46380999120095,-14.75118944633411,STRONG,REVIEW,Q3_Only_2023,REVIEW,Downgraded by 2025 system,0.57,0.8444,70,894,232
GUSA,Goldman Sachs MarketBeta US 1000 Equity ETF,Large Blend,Passive,62.510358894351846,89.26974770227979,26.75938880792794,REVIEW,STRONG,Q2_Only_2025,REVIEW,Upgraded by 2025 system,0.15,0.6222,836,130,233
ELFNX,Elfun Trusts,Large Blend,Active,70.30527458795476,74.60209049716896,4.296815909214203,REVIEW,REVIEW,Q4_Both_Weak,WATCH,Stable,1,1,413,557,234
FEQIX,Fidelity Equity-Income Fund,Large Value,Active,76.90402614408055,68.24653972981343,-8.657486414267112,REVIEW,REVIEW,Q4_Both_Weak,WATCH,Stable,1,1,159,811,234
CGGR,Capital Group Growth ETF,Large Growth,Active,67.80332378248438,78.13020326854529,10.326879486060903,REVIEW,REVIEW,Q4_Both_Weak,WATCH,Upgraded by 2025 system,0.15,0.46,538,433,235
MMIZX,MM S&P 500 Index Fund I,Large Blend,Passive,64.83382432873422,83.29295121128841,18.459126882554187,REVIEW,STRONG,Q2_Only_2025,REVIEW,Upgraded by 2025 system,1,1,698,273,235
GMCFX,GMO International Equity Fund IV,Foreign Large Value,Active,69.59405268155105,75.44929959137693,5.85524690982588,REVIEW,REVIEW,Q4_Both_Weak,WATCH,Stable,1,1,452,521,236
AVEEX,Avantis Emerging Markets Equity Fund Instl,Diversified Emerging Mkts,Active,70.0351911440766,74.7454514447231,4.710260300646496,REVIEW,REVIEW,Q4_Both_Weak,WATCH,Stable,0.57,0.79,426,548,237
VPMAX,Vanguard PRIMECAP Fund Admiral,Large Blend,Active,77.71622441212384,67.78208401347388,-9.934140398649959,REVIEW,REVIEW,Q4_Both_Weak,WATCH,Stable,1,1,135,840,238
NINDX,Columbia Large Cap Index Fund I,Large Blend,Passive,65.51100110015518,81.75658535339039,16.245584253235208,REVIEW,STRONG,Q2_Only_2025,REVIEW,Upgraded by 2025 system,1,1,655,322,239
BKLC,BNY Mellon US Large Cap Core Equity ETF,Large Blend,Passive,62.72422806793634,87.97646861083483,25.25224054289849,REVIEW,STRONG,Q2_Only_2025,REVIEW,Upgraded by 2025 system,0.52,0.8444,821,159,240
AIGYX,abrdn Real Estate Fund Inst,Real Estate,Active,74.05698918464508,70.43294166122325,-3.6240475234218223,REVIEW,REVIEW,Q4_Both_Weak,WATCH,Stable,1,1,265,717,241
PRCOX,T Rowe Price US Equity Research Fund,Large Blend,Active,73.6505423812126,70.76537345056632,-2.8851689306462873,REVIEW,REVIEW,Q4_Both_Weak,WATCH,Stable,1,1,280,702,241
GINDX,Gotham Index Plus Fund Institutional,Large Blend,Active,80.86821464796206,65.93346389331366,-14.934750754648405,STRONG,REVIEW,Q3_Only_2023,REVIEW,Downgraded by 2025 system,1,1,74,912,242
SCHX,Schwab US Large-Cap ETF,Large Blend,Passive,61.09448429493274,91.76082071042464,30.666336415491898,REVIEW,STRONG,Q2_Only_2025,REVIEW,Upgraded by 2025 system,1,1,920,66,242
FNCMX,Fidelity NASDAQ Composite Index Fund,Large Growth,Passive,66.03923961853876,80.02791229494703,13.988672676408271,REVIEW,STRONG,Q2_Only_2025,REVIEW,Upgraded by 2025 system,1,1,612,375,243
FINSX,Fidelity Advisor New Insights Fund I,Large Growth,Active,77.03014265576188,67.9083312733843,-9.121811382377572,REVIEW,REVIEW,Q4_Both_Weak,WATCH,Stable,1,1,156,832,244
VFMO,Vanguard US Momentum Factor ETF,Mid-Cap Blend,Active,65.08373019265062,82.05118881393287,16.967458621282248,REVIEW,STRONG,Q2_Only_2025,REVIEW,Upgraded by 2025 system,0.57,0.79,680,309,245
VFWAX,Vanguard FTSE All-World ex US Index Fund Admiral,Foreign Large Blend,Passive,61.629888111126455,90.07721310983837,28.447324998711913,REVIEW,STRONG,Q2_Only_2025,REVIEW,Upgraded by 2025 system,1,1,886,105,246
FSBDX,Fidelity Series Blue Chip Growth Fund,Large Growth,Active,67.0640047174177,78.51112265167781,11.447117934260106,REVIEW,REVIEW,Q4_Both_Weak,WATCH,Upgraded by 2025 system,1,1,576,417,247
CSRIX,Cohen & Steers Institutional Realty Shares,Real Estate,Active,77.1059109844786,67.72502337111318,-9.380887613365417,REVIEW,REVIEW,Q4_Both_Weak,WATCH,Stable,1,1,153,843,248
OEF,iShares S&P 100 ETF,Large Blend,Passive,76.4101585124505,68.07918640103557,-8.330972111414923,REVIEW,REVIEW,Q4_Both_Weak,WATCH,Stable,1,1,176,821,249
SIZE,iShares MSCI USA Size Factor ETF,Mid-Cap Blend,Passive,63.382721285283885,85.66488010137232,22.282158816088433,REVIEW,STRONG,Q2_Only_2025,REVIEW,Upgraded by 2025 system,1,1,783,214,249
WWSIX,Keeley Small Cap Fund I,Small Blend,Active,72.54894347692549,71.66021449243637,-0.88872898448912,REVIEW,REVIEW,Q4_Both_Weak,WATCH,Stable,1,1,324,673,249
RSPYX,Victory RS Partners Fund Y,Small Value,Active,77.87720312168514,66.80841986987885,-11.068783251806295,REVIEW,REVIEW,Q4_Both_Weak,WATCH,Downgraded by 2025 system,1,1,127,876,250
FLAPX,Fidelity Flex Mid Cap Index Fund,Mid-Cap Blend,Passive,60.955295608866656,91.4202819875894,30.46498637872275,REVIEW,STRONG,Q2_Only_2025,REVIEW,Upgraded by 2025 system,0.57,0.8444,927,77,251
AWSHX,American Funds Washington Mutual Inv Fund A,Large Value,Active,79.62071834926137,65.94346791468094,-13.67725043458043,REVIEW,REVIEW,Q4_Both_Weak,WATCH,Downgraded by 2025 system,1,1,98,911,252
JEEIX,John Hancock Infrastructure Fund I,Infrastructure,Active,75.33776858141036,68.48009493479104,-6.857673646619318,REVIEW,REVIEW,Q4_Both_Weak,WATCH,Stable,1,1,220,792,253
FDSVX,Fidelity Growth Discovery Fund,Large Growth,Active,76.5362059968414,67.58751446413187,-8.948691532709532,REVIEW,REVIEW,Q4_Both_Weak,WATCH,Stable,1,1,170,846,254
ILCV,iShares Morningstar Value ETF,Large Value,Passive,63.27233107032556,85.05267585726935,21.780344786943786,REVIEW,STRONG,Q2_Only_2025,REVIEW,Upgraded by 2025 system,1,1,794,224,255
EMXC,iShares MSCI Emerging Markets ex China ETF,Diversified Emerging Mkts,Passive,77.78827082171807,66.61833797165201,-11.169932850066061,REVIEW,REVIEW,Q4_Both_Weak,WATCH,Downgraded by 2025 system,0.57,0.8444,133,887,256
REVS,Columbia Research Enhanced Value ETF,Large Value,Passive,63.78896830236256,83.32895255893314,19.539984256570577,REVIEW,STRONG,Q2_Only_2025,REVIEW,Upgraded by 2025 system,0.57,0.8444,752,270,257
DSPIX,BNY Mellon Institutional S&P 500 Stock Index Fd I,Large Blend,Passive,65.23077738798959,80.41226061642607,15.181483228436477,REVIEW,STRONG,Q2_Only_2025,REVIEW,Upgraded by 2025 system,1,1,670,353,258
UDIV,Franklin US Core Dividend Tilt Index ETF,Large Blend,Passive,73.47382195560684,69.75700889574738,-3.7168130598594615,REVIEW,REVIEW,Q4_Both_Weak,WATCH,Stable,0.57,0.8444,285,740,259
WCMVX,WCM Focused International Equity Fund Inst,Foreign Large Growth,Active,70.68850483557048,72.6442485267858,1.9557436912153179,REVIEW,REVIEW,Q4_Both_Weak,WATCH,Stable,0.57,0.79,395,636,260
VIGI,Vanguard Intl Dividend Appreciation Index Fund ETF,Foreign Large Growth,Passive,67.96399491491323,76.11194272410643,8.147947809193198,REVIEW,REVIEW,Q4_Both_Weak,WATCH,Stable,1,1,525,507,261
GVMCX,Government Street Opportunities Fund,Mid-Cap Blend,Active,81.91608329068792,64.65005985971659,-17.26602343097133,STRONG,REVIEW,Q3_Only_2023,REVIEW,Downgraded by 2025 system,1,1,55,984,262
SPTM,State Street SPDR Prft S&P 1500 Comp Stk Mkt ETF,Large Blend,Passive,62.68224502356928,85.62616051603,22.943915492460718,REVIEW,STRONG,Q2_Only_2025,REVIEW,Upgraded by 2025 system,1,1,824,215,262
TRSSX,T Rowe Price Institutional Small-Cap Stock Fund,Small Growth,Active,71.38331133752955,71.50141926055942,0.11810792302986783,REVIEW,REVIEW,Q4_Both_Weak,WATCH,Stable,1,1,363,677,263
HAOSX,Harbor International Core Fund Institutional,Foreign Large Blend,Active,75.40331855331398,67.91791584974057,-7.485402703573413,REVIEW,REVIEW,Q4_Both_Weak,WATCH,Stable,0.57,0.79,216,829,264
AMIGX,Amana Growth Fund Institutional,Large Growth,Active,82.1313282643523,64.49324797091059,-17.638080293441718,STRONG,REVIEW,Q3_Only_2023,REVIEW,Downgraded by 2025 system,1,1,51,995,265
AVALX,Aegis Value Fund I,Natural Resources,Active,78.9638832635428,65.41919126617451,-13.54469199736829,REVIEW,REVIEW,Q4_Both_Weak,WATCH,Downgraded by 2025 system,1,1,106,941,266
CMVIX,BlackRock Advantage Large Cap Growth Fund Inst,Large Growth,Active,71.74243861930815,70.9464814677172,-0.7959571515909403,REVIEW,REVIEW,Q4_Both_Weak,WATCH,Stable,1,1,353,694,266
BREBX,iShares FTSE NAREIT All Equity REIT Index Fund,Real Estate,Passive,59.10112359550562,97.87334593572778,38.772222340222164,WEAK,STRONG,Q2_Only_2025,REVIEW,Upgraded by 2025 system,0.15,0.5111,1045,3,267
GAAWX,GMO Intl Developed Eqty Allocation Fund R6,Foreign Large Value,Active,71.16743849288245,71.61068798151214,0.4432494886296894,REVIEW,REVIEW,Q4_Both_Weak,WATCH,Stable,0.76,0.88,375,674,268
PKSFX,Virtus KAR Small-Cap Core Fund I,Small Blend,Active,87.40519048625036,63.65740314153945,-23.747787344710915,STRONG,REVIEW,Q3_Only_2023,REVIEW,Downgraded by 2025 system,1,1,6,1046,269
FZIPX,Fidelity ZERO Extended Market Index Fund,Small Blend,Passive,59.11771616250869,95.5536994991947,36.435983336686014,WEAK,STRONG,Q2_Only_2025,REVIEW,Upgraded by 2025 system,0.52,0.8444,1043,10,270
NEJYX,Natixis Vaughan Nelson Small Cap Fund Y,Small Blend,Active,77.41282850767269,66.03014368425933,-11.382684823413356,REVIEW,REVIEW,Q4_Both_Weak,WATCH,Downgraded by 2025 system,1,1,147,908,271
PBUS,Invesco MSCI USA ETF,Large Blend,Passive,59.60700696116711,92.24186716569551,32.6348602045284,WEAK,STRONG,Q2_Only_2025,REVIEW,Upgraded by 2025 system,0.57,0.8444,1007,49,272
DRLYX,BNY Mellon Dvlpd Mrkts Real Estate Securities Fd Y,Global Real Estate,Active,76.7214596617211,66.45950611827702,-10.26195354344408,REVIEW,REVIEW,Q4_Both_Weak,WATCH,Downgraded by 2025 system,1,1,162,895,273
DFEMX,DFA Emerging Markets Portfolio Institutional,Diversified Emerging Mkts,Active,69.2485622238793,73.73659632664224,4.4880341027629385,REVIEW,REVIEW,Q4_Both_Weak,WATCH,Stable,1,1,468,590,274
FDGRX,Fidelity Growth Company Fund,Large Growth,Active,71.26648628081257,71.0459083156251,-0.22057796518747352,REVIEW,REVIEW,Q4_Both_Weak,WATCH,Stable,1,1,368,690,274
FOCPX,Fidelity OTC Portfolio,Large Growth,Active,73.28832666934345,69.23372098442351,-4.054605684919935,REVIEW,REVIEW,Q4_Both_Weak,WATCH,Stable,1,1,296,762,274
DALCX,Dean Mid Cap Value Fund,Mid-Cap Value,Active,76.18492778568275,66.92079458808126,-9.264133197601481,REVIEW,REVIEW,Q4_Both_Weak,WATCH,Stable,1,1,187,873,275
FSMDX,Fidelity Mid Cap Index Fund,Mid-Cap Blend,Passive,59.40824204738399,92.86074506158648,33.45250301420249,WEAK,STRONG,Q2_Only_2025,REVIEW,Upgraded by 2025 system,1,1,1025,37,276
PSC,Principal U.S. Small-Cap ETF,Small Blend,Active,69.56732921548284,73.30059122642477,3.733262010941928,REVIEW,REVIEW,Q4_Both_Weak,WATCH,Stable,0.57,0.79,453,610,277
HAP,VanEck Natural Resources ETF,Natural Resources,Passive,65.72176811146846,78.24395468811959,12.522186576651123,REVIEW,REVIEW,Q4_Both_Weak,WATCH,Upgraded by 2025 system,1,1,641,424,278
FMDE,Fidelity Enhanced Mid Cap ETF,Mid-Cap Blend,Active,69.01233273470582,73.95041072450667,4.938077989800846,REVIEW,REVIEW,Q4_Both_Weak,WATCH,Stable,1,1,484,582,279
DFETX,DFA Emerging Markets Portfolio II Institutional,Diversified Emerging Mkts,Active,68.49565417975725,74.33828512212838,5.84263094237113,REVIEW,REVIEW,Q4_Both_Weak,WATCH,Stable,1,1,506,562,280
PJEZX,PGIM US Real Estate Fund Z,Real Estate,Active,74.58551495748867,68.06007799706863,-6.525436960420038,REVIEW,REVIEW,Q4_Both_Weak,WATCH,Stable,1,1,249,822,281
SIXA,ETC 6 Meridian Mega Cap Equity ETF,Large Value,Active,72.39266273184828,69.6804355189114,-2.712227212936881,REVIEW,REVIEW,Q4_Both_Weak,WATCH,Stable,0.57,0.79,328,743,281
ILCG,iShares Morningstar Growth ETF,Large Growth,Passive,61.03106992512192,88.29775409824937,27.26668417312745,REVIEW,STRONG,Q2_Only_2025,REVIEW,Upgraded by 2025 system,1,1,924,151,282
OTIIX,T Rowe Price Small-Cap Stock Fund I,Small Growth,Active,71.77886992572715,70.22040270585096,-1.5584672198761922,REVIEW,REVIEW,Q4_Both_Weak,WATCH,Stable,1,1,349,726,282
VLEIX,Value Line Small Cap Opportunities Fund Inst,Small Growth,Active,77.35567535911785,65.75473524829192,-11.600940110825931,REVIEW,REVIEW,Q4_Both_Weak,WATCH,Downgraded by 2025 system,1,1,149,926,282
LZEMX,Lazard Emerging Markets Equity Portfolio Inst,Diversified Emerging Mkts,Active,75.21263602199804,67.41131696435687,-7.801319057641166,REVIEW,REVIEW,Q4_Both_Weak,WATCH,Stable,1,1,225,852,283
TCIEX,Nuveen International Equity Index Fund R6,Foreign Large Blend,Passive,65.26033313958474,78.68147662301298,13.421143483428239,REVIEW,REVIEW,Q4_Both_Weak,WATCH,Upgraded by 2025 system,1,1,667,411,284
TAAGX,Timothy Plan Small/Mid Cap Growth Fund A,Mid-Cap Growth,Active,75.99764111153533,66.69330514953835,-9.304335961996983,REVIEW,REVIEW,Q4_Both_Weak,WATCH,Stable,1,1,198,881,285
DFWVX,DFA World ex US Value Portfolio Institutional,Foreign Large Value,Active,67.0843853058025,75.95118391258531,8.866798606782808,REVIEW,REVIEW,Q4_Both_Weak,WATCH,Stable,1,1,574,511,286
ONEO,State Street SPDR Russell 1000 Momentum Focus ETF,Mid-Cap Blend,Passive,65.29192548877707,78.3436914865774,13.05176599780033,REVIEW,REVIEW,Q4_Both_Weak,WATCH,Upgraded by 2025 system,1,1,664,421,286
MAIRX,Victory Trivalent International Fund-Core Eqty R6,Foreign Large Blend,Active,69.81148842304408,72.45446841409087,2.6429799910467864,REVIEW,REVIEW,Q4_Both_Weak,WATCH,Stable,1,1,440,646,287
BSMKX,iShares Russell Small/Mid-Cap Idx Fd K,Small Blend,Passive,60.164208945331524,89.68234872151969,29.518139776188164,REVIEW,STRONG,Q2_Only_2025,REVIEW,Upgraded by 2025 system,1,1,974,114,288
DYNF,iShares US Equity Factor Rotation Active ETF,Large Blend,Active,69.10855489935003,73.29708789914972,4.1885329997996905,REVIEW,REVIEW,Q4_Both_Weak,WATCH,Stable,0.57,0.79,478,611,289
VLCAX,Vanguard Large-Cap Index Fund Admiral,Large Blend,Passive,59.73603499749062,90.70531592516505,30.969280927674433,WEAK,STRONG,Q2_Only_2025,REVIEW,Upgraded by 2025 system,1,1,999,91,290
VMVAX,Vanguard Mid-Cap Value Index Fund Admiral,Mid-Cap Value,Passive,58.73249844619451,93.56355159531033,34.83105314911582,WEAK,STRONG,Q2_Only_2025,REVIEW,Upgraded by 2025 system,1,1,1076,23,291
AIVSX,American Funds Investment Co of America A,Large Blend,Active,75.18599608129156,66.87930055438662,-8.306695526904946,REVIEW,REVIEW,Q4_Both_Weak,WATCH,Stable,1,1,227,874,292
FSGGX,Fidelity Global ex US Index Fund,Foreign Large Blend,Passive,59.56537500972706,90.80038714062457,31.235012130897502,WEAK,STRONG,Q2_Only_2025,REVIEW,Upgraded by 2025 system,1,1,1013,88,292
FGINX,Nomura Growth & Income Fund A,Large Value,Active,74.58868511610764,67.2406962294213,-7.347988886686338,REVIEW,REVIEW,Q4_Both_Weak,WATCH,Stable,1,1,248,856,293
FSAKX,Strategic Advisers US Total Stock Fund,Large Blend,Active,73.64407187001065,68.04900397740106,-5.595067892609592,REVIEW,REVIEW,Q4_Both_Weak,WATCH,Stable,0.37,0.66,281,823,293
WWNPX,Kinetics Paradigm Fund No Load,Mid-Cap Growth,Active,77.2885221915112,65.1747060808255,-12.113816110685704,REVIEW,REVIEW,Q4_Both_Weak,WATCH,Downgraded by 2025 system,1,1,151,954,294
RPMFX,Reinhart Genesis PMV Fund Adv,Small Blend,Active,77.43088244235574,65.04403858322107,-12.386843859134672,REVIEW,REVIEW,Q4_Both_Weak,WATCH,Downgraded by 2025 system,0.57,0.79,146,961,295
VV,Vanguard Large-Cap Index Fund ETF,Large Blend,Passive,59.35016396428029,91.22557320147932,31.87540923719903,WEAK,STRONG,Q2_Only_2025,REVIEW,Upgraded by 2025 system,1,1,1029,81,296
RWL,Invesco S&P 500 Revenue ETF,Large Value,Passive,79.58998268634156,64.06785420150828,-15.522128484833274,REVIEW,REVIEW,Q4_Both_Weak,WATCH,Downgraded by 2025 system,1,1,99,1014,297
DFAE,DFA Dimensional Emerging Core Equity Market ETF,Diversified Emerging Mkts,Active,68.63111105169256,73.20637823659087,4.575267184898308,REVIEW,REVIEW,Q4_Both_Weak,WATCH,Stable,0.57,0.79,499,615,298
FNDE,Schwab Fundamental EM Equity ETF,Diversified Emerging Mkts,Passive,82.01318480365673,63.38234082858077,-18.630843975075955,STRONG,REVIEW,Q3_Only_2023,REVIEW,Downgraded by 2025 system,1,1,52,1063,299
GUNR,FlexShs Morningstar Glbl Upsteam Ntrl Res Idx Fd,Natural Resources,Passive,63.8370962332487,80.15790230729834,16.320806074049642,REVIEW,STRONG,Q2_Only_2025,REVIEW,Upgraded by 2025 system,1,1,751,364,299
EQPGX,Fidelity Advisor Equity Growth Fund I,Large Growth,Active,75.98042068811121,65.88789501860407,-10.09252566950714,REVIEW,REVIEW,Q4_Both_Weak,WATCH,Downgraded by 2025 system,1,1,199,918,300
ACBEX,Allspring CoreBuilder Shares - Srs EM,Diversified Emerging Mkts,Active,62.43401759530792,82.98091799896854,20.546900403660615,REVIEW,STRONG,Q2_Only_2025,REVIEW,Upgraded by 2025 system,0.11,0.35,839,282,301
DFWIX,DFA World ex US Core Equity Port Inst,Foreign Large Blend,Active,67.63543262450072,74.04807021144015,6.412637586939425,REVIEW,REVIEW,Q4_Both_Weak,WATCH,Stable,1,1,547,576,302
SPXE,ProShares S&P 500 Ex-Energy ETF,Large Blend,Passive,64.50372094076714,78.64925945820528,14.14553851743814,REVIEW,REVIEW,Q4_Both_Weak,WATCH,Upgraded by 2025 system,1,1,710,413,302
GVEQX,Government Street Equity Fund,Large Blend,Active,76.12802717233325,65.625291700329,-10.502735472004247,REVIEW,REVIEW,Q4_Both_Weak,WATCH,Downgraded by 2025 system,1,1,192,932,303
VXUS,Vanguard Total International Stock Index Fund ETF,Foreign Large Blend,Passive,58.96924174333863,91.75007876891965,32.78083702558102,WEAK,STRONG,Q2_Only_2025,REVIEW,Upgraded by 2025 system,1,1,1057,67,303
USVM,VictoryShares US Small Mid Cap Value Momentum ETF,Small Value,Passive,67.5256413822956,74.09510213244452,6.56946075014892,REVIEW,REVIEW,Q4_Both_Weak,WATCH,Stable,0.57,0.8444,554,574,304
VOE,Vanguard Mid-Cap Value Index Fund ETF,Mid-Cap Value,Passive,58.16145910756757,93.70733131657093,35.545872209003356,WEAK,STRONG,Q2_Only_2025,REVIEW,Upgraded by 2025 system,1,1,1108,20,304
DCOR,Dimensional US Core Equity 1 ETF,Large Blend,Active,60.56817661302865,87.16904276985743,26.60086615682878,REVIEW,STRONG,Q2_Only_2025,REVIEW,Upgraded by 2025 system,0.15,0.25,950,182,305
TRSZX,T Rowe Price Mid-Cap Index Fund Z,Mid-Cap Growth,Passive,62.355938062462634,82.88895466809805,20.533016605635417,REVIEW,STRONG,Q2_Only_2025,REVIEW,Upgraded by 2025 system,0.76,0.8667,844,288,305
CWI,State Street SPDR MSCI ACWI ex-US ETF,Foreign Large Blend,Passive,62.55769512008399,82.17602039875945,19.618325278675457,REVIEW,STRONG,Q2_Only_2025,REVIEW,Upgraded by 2025 system,1,1,830,303,306
DFCEX,DFA Emerging Markets Core Equity 2 Portfolio Inst,Diversified Emerging Mkts,Active,71.70409260582669,68.71567339996841,-2.9884192058582784,REVIEW,REVIEW,Q4_Both_Weak,WATCH,Stable,1,1,357,780,307
SVYAX,SEI Inst Inv US Managed Volatility Fund A,Mid-Cap Value,Active,70.19977417189823,70.39447045900512,0.19469628710689335,REVIEW,REVIEW,Q4_Both_Weak,WATCH,Stable,1,1,418,719,307
DFAT,DFA Dimensional US Targeted Value ETF,Small Value,Active,67.96547577931081,73.1470055569713,5.1815297776604865,REVIEW,REVIEW,Q4_Both_Weak,WATCH,Stable,1,1,524,616,308
JOPSX,JOHCM International Opportunities Fund Inst,Foreign Large Blend,Active,77.74074208222629,64.26412268050812,-13.476619401718168,REVIEW,REVIEW,Q4_Both_Weak,WATCH,Downgraded by 2025 system,0.57,0.79,134,1006,308
FCEEX,Franklin Emerging Market Core Equity Adv,Diversified Emerging Mkts,Active,61.375240162066305,84.52606035058955,23.15082018852324,REVIEW,STRONG,Q2_Only_2025,REVIEW,Upgraded by 2025 system,0.52,0.79,905,237,309
GCIIX,Goldman Sachs Intl Equity Insights Fund Inst,Foreign Large Blend,Active,71.83188301659979,68.4653430534835,-3.3665399631162956,REVIEW,REVIEW,Q4_Both_Weak,WATCH,Stable,1,1,348,795,310
NSMRX,Nuveen Small/Mid Cap Value Fund I,Small Blend,Active,74.75582387329128,66.29585329873991,-8.459970574551363,REVIEW,REVIEW,Q4_Both_Weak,WATCH,Stable,1,1,245,898,310
FZILX,Fidelity ZERO International Index Fund,Foreign Large Blend,Passive,57.80322905654022,95.005147918512,37.20191886197178,WEAK,STRONG,Q2_Only_2025,REVIEW,Upgraded by 2025 system,0.52,0.8444,1132,12,311
TENWX,Nuveen Emerging Markets Equity Index Fund W,Diversified Emerging Mkts,Passive,58.04623945848121,93.35834333569994,35.31210387721873,WEAK,STRONG,Q2_Only_2025,REVIEW,Upgraded by 2025 system,0.76,0.8667,1118,28,312
AIVFX,American Funds International Vantage Fund F2,Foreign Large Growth,Active,72.88390724141931,67.88602016326512,-4.997887078154193,REVIEW,REVIEW,Q4_Both_Weak,WATCH,Stable,0.89,0.88,313,834,313
FIONX,Fidelity SAI International Index Fund,Foreign Large Blend,Passive,63.12020784736367,80.50246751709099,17.38225966972732,REVIEW,STRONG,Q2_Only_2025,REVIEW,Upgraded by 2025 system,1,1,799,351,314
MSGZX,MassMutual Small Cap Growth Equity Fund I,Small Growth,Active,70.38176450730577,69.70434400845264,-0.677420498853138,REVIEW,REVIEW,Q4_Both_Weak,WATCH,Stable,1,1,408,742,314
QGRW,WisdomTree US Quality Growth Fund,Large Growth,Passive,61.329115835122586,84.24977614235516,22.920660307232573,REVIEW,STRONG,Q2_Only_2025,REVIEW,Upgraded by 2025 system,0.15,0.6222,909,241,314
DFSVX,DFA US Small Cap Value Portfolio Institutional,Small Value,Active,67.59510056691262,73.36153967456097,5.7664391076483525,REVIEW,REVIEW,Q4_Both_Weak,WATCH,Stable,1,1,548,604,315
MDYG,State Street SPDR S&P 400 Mid Cap Growth ETF,Mid-Cap Growth,Passive,71.18499225026196,68.62909153881667,-2.5559007114452896,REVIEW,REVIEW,Q4_Both_Weak,WATCH,Stable,1,1,372,782,316
HNSGX,Harbor Small Cap Growth Fund Retirement,Small Growth,Active,69.8505553823172,70.42859544593756,0.5780400636203638,REVIEW,REVIEW,Q4_Both_Weak,WATCH,Stable,0.89,0.88,437,718,317
FFIDX,Fidelity Fund,Large Growth,Active,71.98616804502751,68.22636525190576,-3.75980279312175,REVIEW,REVIEW,Q4_Both_Weak,WATCH,Stable,1,1,343,813,318
VGIAX,Vanguard Growth & Income Fund Admiral,Large Blend,Active,71.54969495325722,68.45798145781097,-3.0917134954462426,REVIEW,REVIEW,Q4_Both_Weak,WATCH,Stable,0.95,1,360,796,318
EISIX,Carillon ClariVest International Stock Fund I,Foreign Large Value,Active,74.28382028899217,66.09014250417341,-8.19367778481876,REVIEW,REVIEW,Q4_Both_Weak,WATCH,Stable,1,1,254,906,319
SSIFX,Saturna International Fund Investor,Foreign Large Growth,Active,75.48697624056608,65.22384885364235,-10.263127386923728,REVIEW,REVIEW,Q4_Both_Weak,WATCH,Downgraded by 2025 system,1,1,208,952,319
DDWM,WisdomTree Dynamic International Equity Fund,Foreign Large Value,Passive,75.4062751638096,65.32630258484798,-10.079972578961616,REVIEW,REVIEW,Q4_Both_Weak,WATCH,Downgraded by 2025 system,1,1,215,950,320
FCENX,Franklin International Core Equity Adv,Foreign Large Blend,Active,62.05123484145876,82.13292132706187,20.081686485603107,REVIEW,STRONG,Q2_Only_2025,REVIEW,Upgraded by 2025 system,0.52,0.79,860,305,320
IUSV,iShares Core S&P US Value ETF,Large Value,Passive,59.31204641455983,88.86123488320567,29.549188468645838,WEAK,STRONG,Q2_Only_2025,REVIEW,Upgraded by 2025 system,1,1,1030,137,321
PRFZ,Invesco RAFI US 1500 Small-Mid ETF,Small Blend,Passive,66.20985057731333,74.28860882963998,8.07875825232665,REVIEW,REVIEW,Q4_Both_Weak,WATCH,Stable,1,1,601,567,322
TRNZX,T Rowe Price International Stock Fund Z,Foreign Large Growth,Active,69.88421909474542,70.04536435730282,0.16114526255739747,REVIEW,REVIEW,Q4_Both_Weak,WATCH,Stable,0.57,0.79,436,733,323
GACIX,Gabelli Small Cap Growth Fund I,Small Blend,Active,78.85254902079612,63.44170315495943,-15.410845865836691,REVIEW,REVIEW,Q4_Both_Weak,WATCH,Downgraded by 2025 system,1,1,110,1062,324
BROIX,BlackRock Advantage International Fund Inst,Foreign Large Blend,Active,72.2778153452644,67.66922726286884,-4.608588082395556,REVIEW,REVIEW,Q4_Both_Weak,WATCH,Stable,1,1,331,844,325
LEAIX,Lazard Emerging Markets Equity Advantage Port Inst,Diversified Emerging Mkts,Active,70.36146076036164,69.08610204178802,-1.2753587185736137,REVIEW,REVIEW,Q4_Both_Weak,WATCH,Stable,1,1,410,766,326
GSPFX,Gotham Enhanced S&P 500 Index Fund Instl,Large Blend,Active,76.66742851526179,64.13067683207817,-12.536751683183624,REVIEW,REVIEW,Q4_Both_Weak,WATCH,Downgraded by 2025 system,0.57,0.79,167,1010,327
FIVA,Fidelity International Value Factor ETF,Foreign Large Value,Passive,60.35984081898748,85.61368784115709,25.25384702216961,REVIEW,STRONG,Q2_Only_2025,REVIEW,Upgraded by 2025 system,0.57,0.8444,965,216,328
DTD,WisdomTree US Total Dividend Fund,Large Value,Passive,71.02155849232183,68.36268293225814,-2.6588755600636915,REVIEW,REVIEW,Q4_Both_Weak,WATCH,Stable,1,1,380,803,329
SPXV,ProShares S&P 500 Ex-Health Care ETF,Large Blend,Passive,66.03876675797191,74.11888966375393,8.08012290578202,REVIEW,REVIEW,Q4_Both_Weak,WATCH,Stable,1,1,613,570,329
DQIRX,BNY Mellon Equity Income Fund I,Large Value,Active,74.99389597407941,65.23567411197382,-9.758221862105586,REVIEW,REVIEW,Q4_Both_Weak,WATCH,Stable,1,1,233,951,330
SSCDX,Sit Small Cap Dividend Growth Fund I,Small Blend,Active,70.82192479626373,68.42376655579041,-2.3981582404733217,REVIEW,REVIEW,Q4_Both_Weak,WATCH,Stable,1,1,389,798,331
SETAX,SEI Inst Mgd Real Estate Fund F,Real Estate,Active,73.43750333826225,66.09721525756726,-7.3402880806949895,REVIEW,REVIEW,Q4_Both_Weak,WATCH,Stable,1,1,289,905,332
AVSC,Avantis US Small Cap Equity ETF,Small Value,Active,65.26160831035949,75.23171080766615,9.970102497306655,REVIEW,REVIEW,Q4_Both_Weak,WATCH,Stable,0.15,0.46,666,529,333
FNDA,Schwab Fundamental US Small Company ETF,Small Blend,Passive,64.26563942479011,76.87225908285524,12.606619658065128,REVIEW,REVIEW,Q4_Both_Weak,WATCH,Upgraded by 2025 system,1,1,727,474,334
KSCOX,Kinetics Small Cap Opportunities Fund No Load,Small Growth,Active,82.89025415064636,61.499640669733004,-21.390613480913352,STRONG,REVIEW,Q3_Only_2023,REVIEW,Downgraded by 2025 system,1,1,41,1164,335
GSFTX,Columbia Dividend Income Fund I,Large Value,Active,76.1378505284882,64.03499865100747,-12.102851877480731,REVIEW,REVIEW,Q4_Both_Weak,WATCH,Downgraded by 2025 system,1,1,190,1019,336
KEMX,KraneShares MSCI Emerging Markets ex China Idx ETF,Diversified Emerging Mkts,Passive,78.05734058048048,62.86889994072406,-15.188440639756422,REVIEW,REVIEW,Q4_Both_Weak,WATCH,Downgraded by 2025 system,0.57,0.8444,122,1087,336
CHAIX,Chase Growth Fund Inst,Large Growth,Active,77.55331840673396,63.24652950261408,-14.306788904119884,REVIEW,REVIEW,Q4_Both_Weak,WATCH,Downgraded by 2025 system,1,1,138,1072,337
ONEY,State Street SPDR Russell 1000 Yield Focus ETF,Mid-Cap Value,Passive,65.20708346631099,75.16219813329532,9.95511466698433,REVIEW,REVIEW,Q4_Both_Weak,WATCH,Stable,1,1,675,535,337
SPYX,State Street SPDR S&P 500 Fssl Fuel Rsrvs Free ETF,Large Blend,Passive,64.30007183490117,76.6053396611841,12.305267826282929,REVIEW,REVIEW,Q4_Both_Weak,WATCH,Upgraded by 2025 system,1,1,726,485,338
HDIVX,Janus Henderson International Dividend Fund I,Foreign Large Blend,Active,76.39674858541237,63.846490430605876,-12.550258154806492,REVIEW,REVIEW,Q4_Both_Weak,WATCH,Downgraded by 2025 system,1,1,178,1034,339
DNSMX,Driehaus Small Cap Growth Fund Institutional,Small Growth,Active,64.18739429265065,76.57114535403214,12.383751061381489,REVIEW,REVIEW,Q4_Both_Weak,WATCH,Upgraded by 2025 system,0.57,0.79,730,487,340
FGRIX,Fidelity Growth & Income Portfolio,Large Blend,Active,75.02720543470004,64.64361876993608,-10.383586664763953,REVIEW,REVIEW,Q4_Both_Weak,WATCH,Downgraded by 2025 system,1,1,232,985,340
EYLD,Cambria Emerging Shareholder Yield ETF,Diversified Emerging Mkts,Active,75.40229446701268,64.31135535109807,-11.090939115914608,REVIEW,REVIEW,Q4_Both_Weak,WATCH,Downgraded by 2025 system,0.57,0.79,217,1002,341
XCEM,Columbia EM Core ex-China ETF,Diversified Emerging Mkts,Passive,76.51285290556419,63.65543101909539,-12.8574218864688,REVIEW,REVIEW,Q4_Both_Weak,WATCH,Downgraded by 2025 system,1,1,172,1047,341
ACAFX,American Century International Value Fund G,Foreign Large Value,Active,58.097977487648855,89.97664198722973,31.87866449958087,WEAK,STRONG,Q2_Only_2025,REVIEW,Upgraded by 2025 system,0.15,0.46,1113,107,342
IJK,iShares S&P Mid-Cap 400 Growth ETF,Mid-Cap Growth,Passive,69.60102409772347,68.91826116998077,-0.6827629277427008,REVIEW,REVIEW,Q4_Both_Weak,WATCH,Stable,1,1,451,771,343
SFSNX,Schwab Fundamental US Small Company Index Fund,Small Blend,Passive,64.05552077043626,76.58834425014207,12.532823479705812,REVIEW,REVIEW,Q4_Both_Weak,WATCH,Upgraded by 2025 system,1,1,738,486,344
GMCQX,GMO US Equity Fund VI,Large Value,Active,69.27344891967766,69.4062980049662,0.1328490852885409,REVIEW,REVIEW,Q4_Both_Weak,WATCH,Stable,1,1,467,759,345
JHSC,John Hancock Multifactor Small Cap ETF,Small Blend,Passive,63.220143548837726,78.18721617592618,14.967072627088456,REVIEW,REVIEW,Q4_Both_Weak,WATCH,Upgraded by 2025 system,0.57,0.8444,797,429,345
QVMM,Invesco S&P MidCap 400 QVM Multi-factor ETF,Mid-Cap Blend,Passive,62.250943747566566,79.83978831884819,17.588844571281626,REVIEW,REVIEW,Q4_Both_Weak,WATCH,Upgraded by 2025 system,0.15,0.6222,849,377,345
EUSA,iShares MSCI USA Equal Weighted ETF,Mid-Cap Blend,Passive,58.813059644330615,87.79716720967188,28.98410756534127,WEAK,STRONG,Q2_Only_2025,REVIEW,Upgraded by 2025 system,1,1,1064,163,346
SCHY,Schwab International Dividend Equity ETF,Foreign Large Value,Passive,61.03688868947085,82.13171222822912,21.09482353875827,REVIEW,STRONG,Q2_Only_2025,REVIEW,Upgraded by 2025 system,0.15,0.6222,922,306,347
QMOM,Alpha Architect US Quantitative Momentum ETF,Mid-Cap Growth,Active,68.2728703752959,70.47175933732488,2.198888962028988,REVIEW,REVIEW,Q4_Both_Weak,WATCH,Stable,1,1,514,715,348
FCPI,Fidelity Stocks for Inflation ETF,Large Blend,Passive,84.45136711313064,60.69338125792439,-23.75798585520625,STRONG,REVIEW,Q3_Only_2023,REVIEW,Downgraded by 2025 system,0.57,0.8444,27,1203,349
VOTE,TCW Engine No 1 Transform 500 ETF,Large Blend,Passive,57.26985331757562,91.74289787996125,34.47304456238563,WEAK,STRONG,Q2_Only_2025,REVIEW,Upgraded by 2025 system,0.15,0.6222,1166,68,350
RSSL,Global X Russell 2000 ETF,Small Blend,Passive,57.68556236974699,90.70563512447849,33.0200727547315,WEAK,STRONG,Q2_Only_2025,REVIEW,Upgraded by 2025 system,0.15,0.5111,1146,90,351
STEYX,AB International Strategic Equities Advisor,Foreign Large Blend,Active,69.28617337697911,68.9031964048572,-0.3829769721219094,REVIEW,REVIEW,Q4_Both_Weak,WATCH,Stable,1,1,466,772,352
MXXIX,Marsico Midcap Growth Focus Fund Investor,Mid-Cap Growth,Active,72.66583708491163,65.88321702022469,-6.782620064686938,REVIEW,REVIEW,Q4_Both_Weak,WATCH,Stable,1,1,320,919,353
BBUS,JPMorgan BetaBuilders US Equity ETF,Large Blend,Passive,56.81804483707145,93.02187014311176,36.20382530604031,WEAK,STRONG,Q2_Only_2025,REVIEW,Upgraded by 2025 system,0.57,0.8444,1208,32,354
FITFX,Fidelity Flex International Index Fund,Foreign Large Blend,Passive,56.61597689176829,94.10348245535202,37.48750556358373,WEAK,STRONG,Q2_Only_2025,REVIEW,Upgraded by 2025 system,0.52,0.8444,1222,18,354
SPEM,State Street SPDR Portfolio Emerging Markets ETF,Diversified Emerging Mkts,Passive,58.794318565071336,87.2816158877889,28.487297322717566,WEAK,STRONG,Q2_Only_2025,REVIEW,Upgraded by 2025 system,1,1,1068,174,355
AVLVX,Avantis US Large Cap Value Fund Inst,Large Value,Active,58.14798542185857,89.11496217692505,30.966976755066476,WEAK,STRONG,Q2_Only_2025,REVIEW,Upgraded by 2025 system,0.15,0.46,1110,133,356
VOOV,Vanguard S&P 500 Value Index Fund ETF,Large Value,Passive,59.07511196571371,86.50603265642656,27.430920690712846,WEAK,STRONG,Q2_Only_2025,REVIEW,Upgraded by 2025 system,1,1,1047,199,357
FTQGX,Fidelity Focused Stock Fund,Large Growth,Active,76.00576053608215,63.59846694465491,-12.40729359142724,REVIEW,REVIEW,Q4_Both_Weak,WATCH,Downgraded by 2025 system,1,1,197,1051,358
INEQ,Columbia International Equity Income ETF,Foreign Large Value,Active,65.72395786416698,73.31614977274913,7.592191908582151,REVIEW,REVIEW,Q4_Both_Weak,WATCH,Stable,0.57,0.79,640,608,358
FTIHX,Fidelity Total International Index Fund,Foreign Large Blend,Passive,56.89541453752667,92.18990857430369,35.29449403677702,WEAK,STRONG,Q2_Only_2025,REVIEW,Upgraded by 2025 system,0.57,0.8444,1198,51,359
FNDB,Schwab Fundamental US Broad Market ETF,Large Value,Passive,67.82344783770539,70.46097391756724,2.637526079861857,REVIEW,REVIEW,Q4_Both_Weak,WATCH,Stable,1,1,535,716,360
VEXRX,Vanguard Explorer Fund Admiral,Small Growth,Active,69.91332612708737,68.11446766587812,-1.7988584612092495,REVIEW,REVIEW,Q4_Both_Weak,WATCH,Stable,1,1,433,818,360
STSCX,Sterling Capital Small Cap Value Fund Inst,Small Blend,Active,73.44854196787368,64.99526548161974,-8.453276486253941,REVIEW,REVIEW,Q4_Both_Weak,WATCH,Stable,1,1,287,965,361
VSPVX,Vanguard S&P 500 Value Index Fund Institutional,Large Value,Passive,59.59404705070257,84.04120794698568,24.44716089628311,WEAK,STRONG,Q2_Only_2025,REVIEW,Upgraded by 2025 system,1,1,1011,248,362
LCIAX,SEI Inst Inv Large Cap Index Fund A,Large Blend,Passive,58.10216667147225,88.3382231610723,30.23605648960006,WEAK,STRONG,Q2_Only_2025,REVIEW,Upgraded by 2025 system,1,1,1111,150,363
GSIKX,Goldman Sachs International Equity Income Fd Inst,Foreign Large Value,Active,76.78214796160249,62.62428383705016,-14.157864124552333,REVIEW,REVIEW,Q4_Both_Weak,WATCH,Downgraded by 2025 system,1,1,161,1101,364
FDIVX,Fidelity Diversified International Fund,Foreign Large Growth,Active,69.62782880823657,68.15511263354934,-1.4727161746872355,REVIEW,REVIEW,Q4_Both_Weak,WATCH,Stable,1,1,450,816,365
PJSQX,PGIM Jennison Small Company Fund R6,Small Growth,Active,70.70151531649981,66.87237830745083,-3.829137009048978,REVIEW,REVIEW,Q4_Both_Weak,WATCH,Stable,1,1,394,875,366
FLRG,Fidelity US Multifactor ETF,Large Blend,Passive,74.75722657329229,63.92766000121686,-10.829566572075429,REVIEW,REVIEW,Q4_Both_Weak,WATCH,Downgraded by 2025 system,0.57,0.8444,244,1027,367
FTXSX,FullerThaler Behavioral Sml-Cp Growth Fund Inst,Small Growth,Active,70.84162218519661,66.66664534438075,-4.174976840815859,REVIEW,REVIEW,Q4_Both_Weak,WATCH,Stable,0.57,0.79,388,884,368
IDOG,Alps Internatl Sector Dividends Dogs ETF,Foreign Large Value,Passive,68.79566539949877,68.80180714755029,0.006141748051518903,REVIEW,REVIEW,Q4_Both_Weak,WATCH,Stable,1,1,495,777,368
SPHQ,Invesco S&P 500 Quality ETF,Large Blend,Passive,77.50380893773487,62.028356851548224,-15.47545208618665,REVIEW,REVIEW,Q4_Both_Weak,WATCH,Downgraded by 2025 system,1,1,140,1132,368
VBK,Vanguard Small-Cap Growth Index Fund ETF,Small Growth,Passive,56.8740222987027,91.73322074284869,34.85919844414599,WEAK,STRONG,Q2_Only_2025,REVIEW,Upgraded by 2025 system,1,1,1203,69,368
AVEMX,Ave Maria Value Fund,Mid-Cap Blend,Active,76.356866900169,62.73774102642663,-13.619125873742362,REVIEW,REVIEW,Q4_Both_Weak,WATCH,Downgraded by 2025 system,1,1,179,1094,369
FBLEX,Fidelity Series Stock Selector Large Cap Value,Large Value,Active,61.76000246427413,79.06000071532988,17.299998251055747,REVIEW,REVIEW,Q4_Both_Weak,WATCH,Upgraded by 2025 system,1,1,879,397,370
IFPUX,Independent Franchise Partners US Equity Fund,Large Blend,Active,75.87667902948239,63.22205926430021,-12.654619765182176,REVIEW,REVIEW,Q4_Both_Weak,WATCH,Downgraded by 2025 system,1,1,202,1074,370
VSGAX,Vanguard Small-Cap Growth Index Fund Adm,Small Growth,Passive,56.78167062501232,91.76198542874212,34.980314803729804,WEAK,STRONG,Q2_Only_2025,REVIEW,Upgraded by 2025 system,1,1,1211,65,370
FGKPX,Fidelity SAI Emerging Markets Low Volatility Index,Diversified Emerging Mkts,Passive,70.2294373480254,67.07273347113244,-3.156703876892962,REVIEW,REVIEW,Q4_Both_Weak,WATCH,Stable,0.57,0.8444,416,864,371
IVE,iShares S&P 500 Value ETF,Large Value,Passive,59.164261300320206,84.203367851698,25.0391065513778,WEAK,STRONG,Q2_Only_2025,REVIEW,Upgraded by 2025 system,1,1,1041,242,372
NOIEX,Northern Income Equity Fund,Large Value,Active,70.38322822691516,66.80610323322027,-3.577124993694895,REVIEW,REVIEW,Q4_Both_Weak,WATCH,Stable,1,1,407,877,373
FSWCX,Fidelity SAI US Value Index Fund,Large Value,Passive,67.94673018902425,69.09488737159016,1.1481571825659103,REVIEW,REVIEW,Q4_Both_Weak,WATCH,Stable,0.57,0.8444,526,765,374
LP40226081,John Hancock International Dynamic Growth Fund NAV,Foreign Large Growth,Active,70.51000544246935,66.56450674262311,-3.9454986998462402,REVIEW,REVIEW,Q4_Both_Weak,WATCH,Stable,0.57,0.79,405,890,375
VMFGX,Vanguard S&P Mid-Cap 400 Growth Index Fund Inst,Mid-Cap Growth,Passive,70.208330218254,66.76273152353421,-3.4455986947197914,REVIEW,REVIEW,Q4_Both_Weak,WATCH,Stable,1,1,417,878,375
FDKFX,Fidelity International Discovery K6 Fund,Foreign Large Growth,Active,65.84654568119869,71.86772866849758,6.021182987298886,REVIEW,REVIEW,Q4_Both_Weak,WATCH,Stable,0.57,0.79,631,668,376
CSDIX,Cohen & Steers Real Estate Securities Fund I,Real Estate,Active,70.70965300220593,66.03395968548995,-4.675693316715979,REVIEW,REVIEW,Q4_Both_Weak,WATCH,Stable,1,1,393,907,377
FMSTX,Federated Hermes MDT Large Cap Value Fund Inst,Large Value,Active,73.42463543741212,64.07382616483673,-9.35080927257539,REVIEW,REVIEW,Q4_Both_Weak,WATCH,Stable,1,1,292,1013,378
SFENX,Schwab Fundamental EM Equity Index Fund,Diversified Emerging Mkts,Passive,80.74457325613861,60.21067330076457,-20.53389995537404,STRONG,REVIEW,Q3_Only_2023,REVIEW,Downgraded by 2025 system,1,1,77,1228,378
USCL,iShares Climate Conscious & Transtn MSCI USA ETF,Large Blend,Passive,57.123790110999174,89.48074754598203,32.35695743498285,WEAK,STRONG,Q2_Only_2025,REVIEW,Upgraded by 2025 system,0.15,0.5111,1180,125,378
BRZKX,BlackRock Sustainable Aware Adv Internatl Eq K,Foreign Large Blend,Active,69.66916546886495,67.20818861574595,-2.460976853118993,REVIEW,REVIEW,Q4_Both_Weak,WATCH,Stable,0.57,0.79,447,859,379
CUSEX,Capital Group US Equity Fund,Large Blend,Active,73.79567242642712,63.883391661479735,-9.912280764947383,REVIEW,REVIEW,Q4_Both_Weak,WATCH,Stable,1,1,278,1030,380
PRF,Invesco RAFI US 1000 ETF,Large Value,Passive,68.0833539585633,68.52975342719812,0.44639946863482294,REVIEW,REVIEW,Q4_Both_Weak,WATCH,Stable,1,1,521,787,380
DEMGX,DFA Emerging Markets Targeted Value Portfolio Inst,Diversified Emerging Mkts,Active,75.46419144787255,62.65928584079923,-12.804905607073323,REVIEW,REVIEW,Q4_Both_Weak,WATCH,Downgraded by 2025 system,0.57,0.79,209,1100,381
FDCAX,Fidelity Capital Appreciation Fund,Large Growth,Active,70.60391033209588,65.94817222347667,-4.655738108619204,REVIEW,REVIEW,Q4_Both_Weak,WATCH,Stable,1,1,399,910,381
PCBIX,Principal MidCap Fund Inst,Mid-Cap Growth,Active,73.88863457147266,63.81109734422722,-10.077537227245443,REVIEW,REVIEW,Q4_Both_Weak,WATCH,Downgraded by 2025 system,1,1,273,1037,382
IVOG,Vanguard S&P Mid-Cap 400 Growth Index Fund ETF,Mid-Cap Growth,Passive,68.74266245689684,68.19527487223573,-0.5473875846611094,REVIEW,REVIEW,Q4_Both_Weak,WATCH,Stable,1,1,497,814,383
CSRSX,Cohen & Steers Realty Shares L,Real Estate,Active,73.93905668931741,63.717948788045895,-10.221107901271516,REVIEW,REVIEW,Q4_Both_Weak,WATCH,Downgraded by 2025 system,1,1,272,1043,384
DREVX,BNY Mellon Large Cap Securities Fund,Large Growth,Active,76.34133311823902,61.95841005299854,-14.382923065240483,REVIEW,REVIEW,Q4_Both_Weak,WATCH,Downgraded by 2025 system,1,1,180,1135,384
VSEQX,Vanguard Strategic Equity Fund Investor,Mid-Cap Blend,Active,63.661750004440975,74.6221958378173,10.960445833376326,REVIEW,REVIEW,Q4_Both_Weak,WATCH,Upgraded by 2025 system,0.95,1,760,555,384
JPEF,JPMorgan Equity Focus ETF,Large Blend,Active,68.85752506275215,67.91334945656776,-0.9441756061843876,REVIEW,REVIEW,Q4_Both_Weak,WATCH,Stable,1,1,492,831,385
IEMG,iShares Core MSCI Emerging Markets ETF,Diversified Emerging Mkts,Passive,56.43171961824871,91.07161488487064,34.639895266621934,WEAK,STRONG,Q2_Only_2025,REVIEW,Upgraded by 2025 system,1,1,1239,85,386
VLMIX,Value Line Mid Cap Focused Fund Institutional,Mid-Cap Growth,Active,81.75937038467514,59.49931627885026,-22.260054105824878,STRONG,WEAK,Q3_Only_2023,REVIEW,Downgraded by 2025 system,0.76,0.88,58,1270,387
DLN,WisdomTree US LargeCap Dividend Fund,Large Value,Passive,77.5387043130176,60.93372785832525,-16.604976454692356,REVIEW,REVIEW,Q4_Both_Weak,WATCH,Downgraded by 2025 system,1,1,139,1191,388
FMCSX,Fidelity Mid-Cap Stock Fund,Mid-Cap Blend,Active,72.69758749930256,64.0563616062696,-8.641225893032953,REVIEW,REVIEW,Q4_Both_Weak,WATCH,Stable,1,1,319,1015,389
JMGRX,Janus Henderson Enterprise Fund I,Mid-Cap Growth,Active,78.87669320686997,60.22076291514611,-18.655930291723863,REVIEW,REVIEW,Q4_Both_Weak,WATCH,Downgraded by 2025 system,1,1,109,1226,390
HERFX,Hartford Emerging Markets Equity Fund F,Diversified Emerging Mkts,Active,68.59550244072223,67.82845581193325,-0.7670466287889752,REVIEW,REVIEW,Q4_Both_Weak,WATCH,Stable,0.89,0.88,501,838,391
QCERX,AQR Large Cap Multi-Style Fund R6,Large Blend,Active,65.21023227753136,71.89048836963893,6.6802560921075695,REVIEW,REVIEW,Q4_Both_Weak,WATCH,Stable,1,1,673,667,392
GSUS,Goldman Sachs MarketBeta US Equity ETF,Large Blend,Passive,56.67038056042964,89.35210651966389,32.68172595923425,WEAK,STRONG,Q2_Only_2025,REVIEW,Upgraded by 2025 system,0.57,0.8444,1217,129,393
PWCIX,Principal Capital Appreciation Fund Institutional,Large Blend,Active,74.93464578258384,62.31987054320107,-12.614775239382773,REVIEW,REVIEW,Q4_Both_Weak,WATCH,Downgraded by 2025 system,1,1,236,1117,394
FNKFX,Fidelity Mid-Cap Stock K6 Fund,Mid-Cap Blend,Active,69.49315817116684,66.21865935927327,-3.274498811893565,REVIEW,REVIEW,Q4_Both_Weak,WATCH,Stable,0.57,0.79,456,899,395
SSGVX,State Street Global All Cap Equity ex-US Index Prt,Foreign Large Blend,Passive,55.87287164547594,91.80319717567612,35.93032553020018,WEAK,STRONG,Q2_Only_2025,REVIEW,Upgraded by 2025 system,1,1,1291,64,395
FZAJX,Fidelity Advisor International Growth Fund Z,Foreign Large Growth,Active,72.1412304475274,64.0437015090401,-8.0975289384873,REVIEW,REVIEW,Q4_Both_Weak,WATCH,Stable,1,1,338,1018,396
AEMZX,Acadian Emerging Markets Portfolio I,Diversified Emerging Mkts,Active,73.26341511870875,63.4527640770533,-9.810651041655447,REVIEW,REVIEW,Q4_Both_Weak,WATCH,Stable,0.57,0.79,297,1061,397
ANCFX,American Funds Fundamental Investors A,Large Blend,Active,70.86664378582934,64.84631947615972,-6.020324309669618,REVIEW,REVIEW,Q4_Both_Weak,WATCH,Stable,1,1,387,974,398
DAADX,DFA Emerg Markets ex China Core Equity Portfolio I,Diversified Emerging Mkts,Active,61.41082865472553,77.1890627711074,15.778234116381874,REVIEW,REVIEW,Q4_Both_Weak,WATCH,Upgraded by 2025 system,0.15,0.46,902,460,399
DFIV,DFA Dimensional International Value ETF,Foreign Large Value,Active,64.65953821037475,72.09243929545877,7.432901085084026,REVIEW,REVIEW,Q4_Both_Weak,WATCH,Stable,1,1,703,659,399
GRHIX,Goehring & Rozencwajg Resources Fund Institutional,Natural Resources,Active,75.12519477071842,62.04043389719609,-13.084760873522335,REVIEW,REVIEW,Q4_Both_Weak,WATCH,Downgraded by 2025 system,0.57,0.79,231,1131,399
WMKSX,WesMark Small Company Fund,Small Blend,Active,72.16507140167799,63.949452446786346,-8.215618954891646,REVIEW,REVIEW,Q4_Both_Weak,WATCH,Stable,1,1,336,1026,399
FOKFX,Fidelity OTC K6 Portfolio,Large Growth,Active,65.76513320120448,69.99345759985512,4.228324398650642,REVIEW,REVIEW,Q4_Both_Weak,WATCH,Stable,0.57,0.79,635,735,400
SGOIX,First Eagle Overseas Fund I,Foreign Large Blend,Active,74.11765994147027,62.46738011791712,-11.650279823553142,REVIEW,REVIEW,Q4_Both_Weak,WATCH,Downgraded by 2025 system,1,1,261,1109,400
SEIM,SEI Enhanced US Large Cap Momentum Factor ETF,Large Growth,Active,57.127218341764795,86.7107966199524,29.58357827818761,WEAK,STRONG,Q2_Only_2025,REVIEW,Upgraded by 2025 system,0.15,0.46,1179,193,401
DFSCX,DFA US Micro Cap Portfolio Institutional,Small Blend,Active,65.99653733709063,69.44704400897112,3.4505066718804898,REVIEW,REVIEW,Q4_Both_Weak,WATCH,Stable,1,1,618,756,402
BBEM,JPMorgan BetaBuilders Emerging Markets Equity ETF,Diversified Emerging Mkts,Passive,56.23330578955967,89.51352541111714,33.28021962155747,WEAK,STRONG,Q2_Only_2025,REVIEW,Upgraded by 2025 system,0.15,0.5111,1254,121,403
SEIV,SEI Enhanced US Large Cap Value Factor ETF,Large Value,Active,54.74821174478329,95.55881263831459,40.8106008935313,WEAK,STRONG,Q2_Only_2025,REVIEW,Upgraded by 2025 system,0.15,0.46,1367,9,404
FQAL,Fidelity Quality Factor ETF,Large Blend,Passive,62.9322546596351,74.06710769595148,11.134853036316379,REVIEW,REVIEW,Q4_Both_Weak,WATCH,Upgraded by 2025 system,0.57,0.8444,808,575,405
AVLC,Avantis US Large Cap Equity ETF,Large Blend,Active,56.94625153861129,86.76171079429736,29.815459255686065,WEAK,STRONG,Q2_Only_2025,REVIEW,Upgraded by 2025 system,0.15,0.25,1192,192,406
TNVIX,1290 GAMCO Small/Mid Cap Value Fund I,Small Value,Active,70.08951170048059,65.02736237482245,-5.06214932565814,REVIEW,REVIEW,Q4_Both_Weak,WATCH,Stable,1,1,424,964,407
PIODX,Victory Pioneer Fund A,Large Blend,Active,74.17768887545836,61.99657137256727,-12.181117502891091,REVIEW,REVIEW,Q4_Both_Weak,WATCH,Downgraded by 2025 system,1,1,257,1133,408
TAREX,Third Avenue Real Estate Value Fund Institutional,Global Real Estate,Active,68.33419798050666,66.71905742111821,-1.6151405593884505,REVIEW,REVIEW,Q4_Both_Weak,WATCH,Stable,1,1,511,880,409
NOLCX,Northern Large Cap Core Fund,Large Blend,Active,65.0445361270689,70.63174773393082,5.587211606861928,REVIEW,REVIEW,Q4_Both_Weak,WATCH,Stable,1,1,684,709,410
PNRAX,Putnam US Research Fund A,Large Blend,Active,72.49156028693842,63.31977442508616,-9.171785861852264,REVIEW,REVIEW,Q4_Both_Weak,WATCH,Stable,1,1,325,1069,411
EPDPX,EuroPac International Dividend Income Fund A,Foreign Large Value,Active,77.31942388699036,59.86157401688097,-17.457849870109392,REVIEW,WEAK,Q4_Both_Weak,WATCH,Downgraded by 2025 system,1,1,150,1247,412
BRMKX,iShares Russell Mid-Cap Idx Fund K,Mid-Cap Blend,Passive,55.57609501574458,90.88045032407999,35.30435530833541,WEAK,STRONG,Q2_Only_2025,REVIEW,Upgraded by 2025 system,1,1,1311,87,413
PBFDX,Payson Total Return Fund,Large Blend,Active,75.40024211121309,61.13241672184482,-14.26782538936827,REVIEW,REVIEW,Q4_Both_Weak,WATCH,Downgraded by 2025 system,1,1,218,1181,414
FMILX,Fidelity New Millennium Fund,Large Blend,Active,74.41324871630374,61.78221460236251,-12.631034113941233,REVIEW,REVIEW,Q4_Both_Weak,WATCH,Downgraded by 2025 system,1,1,251,1149,415
SSPIX,SEI Inst Mgd S&P 500 Index Fund F,Large Blend,Passive,63.5319352193857,72.70197820769216,9.170042988306463,REVIEW,REVIEW,Q4_Both_Weak,WATCH,Stable,0.95,1,768,632,415
AUSF,Global X Adaptive US Factor ETF,Mid-Cap Value,Passive,84.7999578426023,57.493344578889726,-27.30661326371257,STRONG,WEAK,Q3_Only_2023,REVIEW,Downgraded by 2025 system,0.57,0.8444,23,1378,416
DOL,WisdomTree True Developed International Fund,Foreign Large Value,Passive,60.198107532328635,77.8527044099313,17.65459687760267,REVIEW,REVIEW,Q4_Both_Weak,WATCH,Upgraded by 2025 system,1,1,972,440,417
CGXU,Capital Group International Focus Equity ETF,Foreign Large Growth,Active,65.44026548672566,69.4572014066926,4.01693591996694,REVIEW,REVIEW,Q4_Both_Weak,WATCH,Stable,0.15,0.46,660,754,418
FZFLX,Fidelity SAI Small-Mid Cap Momentum Index Fund,Mid-Cap Blend,Passive,59.516951480928036,79.08655283573762,19.569601354809585,WEAK,REVIEW,Q4_Both_Weak,WATCH,Upgraded by 2025 system,1,1,1019,396,419
FMIUX,FMI Common Stock Fund Institutional,Mid-Cap Blend,Active,79.32978060222037,58.58621516753435,-20.74356543468602,REVIEW,WEAK,Q4_Both_Weak,WATCH,Downgraded by 2025 system,0.76,0.88,103,1313,420
PTL,Inspire 500 ETF,Large Blend,Passive,56.562698475332816,86.99015086262771,30.4274523872949,WEAK,STRONG,Q2_Only_2025,REVIEW,Upgraded by 2025 system,0.15,0.5111,1232,185,421
DFSTX,DFA US Small Cap Portfolio Institutional,Small Blend,Active,66.01095447011757,68.31401150331958,2.303057033202009,REVIEW,REVIEW,Q4_Both_Weak,WATCH,Stable,1,1,617,804,422
SCHK,Schwab 1000 Index ETF,Large Blend,Passive,55.01879094452702,91.65854913493291,36.63975819040589,WEAK,STRONG,Q2_Only_2025,REVIEW,Upgraded by 2025 system,0.57,0.8444,1349,72,422
PABU,iShares Paris-Aligned Climate Optmzd MSCI USA ETF,Large Growth,Passive,57.035219900295054,84.46334293052422,27.428123030229166,WEAK,STRONG,Q2_Only_2025,REVIEW,Upgraded by 2025 system,0.15,0.6222,1185,238,423
FPADX,Fidelity Emerging Markets Index Fund,Diversified Emerging Mkts,Passive,55.35389168584432,90.59499620091525,35.24110451507093,WEAK,STRONG,Q2_Only_2025,REVIEW,Upgraded by 2025 system,1,1,1329,96,424
SIVLX,Seafarer Overseas Value Fund Institutional,Diversified Emerging Mkts,Active,81.77314865667935,57.62905348842128,-24.144095168258076,STRONG,WEAK,Q3_Only_2023,REVIEW,Downgraded by 2025 system,0.57,0.79,57,1370,425
IMCV,iShares Morningstar Mid-Cap Value ETF,Mid-Cap Value,Passive,55.17927145420383,91.07018006787828,35.890908613674455,WEAK,STRONG,Q2_Only_2025,REVIEW,Upgraded by 2025 system,1,1,1342,86,426
REET,iShares Global REIT ETF,Global Real Estate,Passive,55.41308603252557,89.92941610701934,34.516330074493766,WEAK,STRONG,Q2_Only_2025,REVIEW,Upgraded by 2025 system,1,1,1324,108,427
AGEM,abrdn Emerging Markets Dividend Active ETF,Diversified Emerging Mkts,Active,68.31206449645376,65.80506186175367,-2.507002634700086,REVIEW,REVIEW,Q4_Both_Weak,WATCH,Stable,0.37,0.66,512,922,428
SFMIX,American Beacon Stephens Mid-Cap Growth Fund R5,Mid-Cap Growth,Active,71.76988295846041,62.934213965704366,-8.835668992756048,REVIEW,REVIEW,Q4_Both_Weak,WATCH,Stable,1,1,351,1084,429
CSVZX,Columbia Select Large Cap Value Fund I,Large Value,Active,68.98657043420268,65.3287570024554,-3.6578134317472717,REVIEW,REVIEW,Q4_Both_Weak,WATCH,Stable,1,1,487,949,430
VVOAX,Invesco Value Opportunities Fund A,Mid-Cap Value,Active,69.93069321850274,64.26261264479251,-5.6680805737102276,REVIEW,REVIEW,Q4_Both_Weak,WATCH,Stable,1,1,429,1007,430
PXH,Invesco RAFI Emerging Markets ETF,Diversified Emerging Mkts,Passive,78.68520420729219,58.46095384950887,-20.22425035778332,REVIEW,WEAK,Q4_Both_Weak,WATCH,Downgraded by 2025 system,1,1,114,1323,431
GSID,Goldman Sachs MarketBeta International Equity ETF,Foreign Large Blend,Passive,58.00962639604615,81.89420170471068,23.88457530866453,WEAK,STRONG,Q2_Only_2025,REVIEW,Upgraded by 2025 system,0.57,0.8444,1121,317,432
XLB,State Street Materials Select Sector SPDR ETF,Natural Resources,Passive,58.051039906678845,81.7616452523956,23.71060534571675,WEAK,STRONG,Q2_Only_2025,REVIEW,Upgraded by 2025 system,1,1,1117,321,432
DAABX,DFA US Sustainability Targeted Value Portf Inst,Small Value,Active,64.12744697872968,70.66489315408452,6.5374461753548445,REVIEW,REVIEW,Q4_Both_Weak,WATCH,Stable,0.57,0.79,733,706,433
GSIE,Goldman Sachs ActiveBeta International Equity ETF,Foreign Large Blend,Passive,62.28294021440642,73.71691238297558,11.433972168569156,REVIEW,REVIEW,Q4_Both_Weak,WATCH,Upgraded by 2025 system,1,1,847,592,433
VGTSX,Vanguard Total International Stock Index Fund Inv,Foreign Large Blend,Passive,55.68931155560433,88.66920929470918,32.97989773910485,WEAK,STRONG,Q2_Only_2025,REVIEW,Upgraded by 2025 system,1,1,1302,141,434
SNXFX,Schwab 1000 Index Fund,Large Blend,Passive,55.26890225062553,89.90902290739385,34.64012065676832,WEAK,STRONG,Q2_Only_2025,REVIEW,Upgraded by 2025 system,1,1,1335,109,435
DFSV,DFA Dimensional US Small Cap Value ETF,Small Value,Active,64.10922245863446,70.57529864072742,6.466076182092962,REVIEW,REVIEW,Q4_Both_Weak,WATCH,Stable,0.15,0.46,734,711,436
LSVMX,LSV US Managed Volatility Fund Inst,Mid-Cap Value,Active,69.90886081072313,64.08082190398206,-5.828038906741071,REVIEW,REVIEW,Q4_Both_Weak,WATCH,Stable,1,1,434,1012,437
SWISX,Schwab International Index Fund,Foreign Large Blend,Passive,60.66033363304446,76.25303717848347,15.592703545439008,REVIEW,REVIEW,Q4_Both_Weak,WATCH,Upgraded by 2025 system,1,1,944,502,437
MMTM,State Street SPDR S&P 1500 Momentum TILT ETF,Large Blend,Passive,66.45963656125714,67.24022782361963,0.780591262362492,REVIEW,REVIEW,Q4_Both_Weak,WATCH,Stable,1,1,594,857,438
USPX,Franklin US Equity Index ETF,Large Blend,Passive,57.789653125510085,81.908158999907,24.118505874396917,WEAK,STRONG,Q2_Only_2025,REVIEW,Upgraded by 2025 system,0.57,0.8444,1135,316,438
ROUS,Hartford Multifactor US Equity ETF,Large Value,Passive,65.95796982278995,67.91764361891293,1.9596737961229849,REVIEW,REVIEW,Q4_Both_Weak,WATCH,Stable,0.95,1,623,830,439
BRKIX,MFS Blended Research Emerging Markets Equity Fd I,Diversified Emerging Mkts,Active,68.35399749621843,65.37643266936999,-2.977564826848436,REVIEW,REVIEW,Q4_Both_Weak,WATCH,Stable,1,1,509,945,440
KLMN,Invesco MSCI North America Climate ETF,Large Blend,Passive,55.6863780736465,88.1524410046854,32.4660629310389,WEAK,STRONG,Q2_Only_2025,REVIEW,Upgraded by 2025 system,0.15,0.5111,1303,155,441
JHMD,John Hancock Multifactor Developed Internatl ETF,Foreign Large Blend,Passive,66.42417590402151,67.0862374251098,0.6620615210882903,REVIEW,REVIEW,Q4_Both_Weak,WATCH,Stable,0.57,0.8444,596,863,442
FDESX,Fidelity Advisor Diversified Stock Fund O,Large Blend,Active,73.05449069817392,61.58735225148915,-11.467138446684771,REVIEW,REVIEW,Q4_Both_Weak,WATCH,Downgraded by 2025 system,1,1,304,1156,443
JHMM,John Hancock Multifactor Mid Cap ETF,Mid-Cap Blend,Passive,61.98962847336378,73.46576085876602,11.476132385402238,REVIEW,REVIEW,Q4_Both_Weak,WATCH,Upgraded by 2025 system,1,1,863,600,444
PENNX,Royce Small-Cap Fund Investment,Small Blend,Active,70.66218368569105,63.347997204113284,-7.314186481577764,REVIEW,REVIEW,Q4_Both_Weak,WATCH,Stable,1,1,397,1066,444
SPMO,Invesco S&P 500 Momentum ETF,Large Blend,Passive,92.05036398865191,55.9519469058725,-36.09841708277941,STRONG,WEAK,Q3_Only_2023,REVIEW,Downgraded by 2025 system,1,1,1,1464,445
F00000V2IK,Allspring Discplnd Intl Dev Mkts Port,Foreign Large Blend,Active,59.397808126172656,77.87610619469027,18.47829806851761,WEAK,REVIEW,Q4_Both_Weak,WATCH,Upgraded by 2025 system,0.11,0.25,1027,439,446
DHANX,Centre American Select Equity Fund Investor,Large Blend,Active,80.75758619064148,57.22893357021287,-23.52865262042861,STRONG,WEAK,Q3_Only_2023,REVIEW,Downgraded by 2025 system,1,1,76,1391,447
REIT,ALPS Active REIT ETF,Real Estate,Active,70.10406749881601,63.6390207485187,-6.465046750297304,REVIEW,REVIEW,Q4_Both_Weak,WATCH,Stable,0.57,0.79,421,1049,448
CGDV,Capital Group Dividend Value ETF,Large Value,Active,62.55443741955472,72.58863615787253,10.034198738317805,REVIEW,REVIEW,Q4_Both_Weak,WATCH,Upgraded by 2025 system,0.15,0.46,831,641,449
GSPY,Gotham Enhanced 500 ETF,Large Blend,Active,70.02321373533573,63.70407168527884,-6.31914205005689,REVIEW,REVIEW,Q4_Both_Weak,WATCH,Stable,0.57,0.79,428,1045,450
GHTRX,Goldman Sachs International Tax-Mgd Eqty Fd R6,Foreign Large Blend,Active,68.53496130795286,64.89695275339763,-3.6380085545552276,REVIEW,REVIEW,Q4_Both_Weak,WATCH,Stable,0.76,0.88,503,971,451
TLVIX,Thrivent Large Cap Value Fund S,Large Value,Active,70.50624551142431,63.29042385400228,-7.215821657422033,REVIEW,REVIEW,Q4_Both_Weak,WATCH,Stable,1,1,406,1070,452
MSSYX,AMG Frontier Small Cap Growth Fund Z,Small Growth,Active,65.48271608526285,68.10168911936222,2.618973034099369,REVIEW,REVIEW,Q4_Both_Weak,WATCH,Stable,1,1,657,820,453
SLYG,State Street SPDR S&P 600 Small Cap Growth ETF,Small Growth,Passive,60.761047165460425,74.95277716789481,14.191730002434383,REVIEW,REVIEW,Q4_Both_Weak,WATCH,Upgraded by 2025 system,1,1,938,540,454
QMORX,AQR Large Cap Momentum Style Fund R6,Large Growth,Active,68.20065935651897,65.03644004190436,-3.1642193146146127,REVIEW,REVIEW,Q4_Both_Weak,WATCH,Stable,1,1,516,963,455
SDVY,First Trust SMID Cap Rising Dividend Achievers ETF,Small Value,Passive,71.32128330156738,62.385568089880984,-8.935715211686393,REVIEW,REVIEW,Q4_Both_Weak,WATCH,Stable,0.57,0.8444,365,1114,455
MIOFX,Marsico International Opportunities Fund Investor,Foreign Large Growth,Active,70.75981565024072,62.79988449177881,-7.959931158461913,REVIEW,REVIEW,Q4_Both_Weak,WATCH,Stable,1,1,390,1091,456
IWX,iShares Russell Top 200 Value ETF,Large Value,Passive,56.23027350825418,84.96228376328547,28.73201025503129,WEAK,STRONG,Q2_Only_2025,REVIEW,Upgraded by 2025 system,1,1,1257,227,457
NOINX,Northern International Equity Index Fund,Foreign Large Blend,Passive,59.6017749034505,76.87138929749692,17.26961439404642,WEAK,REVIEW,Q4_Both_Weak,WATCH,Upgraded by 2025 system,1,1,1009,475,457
VWO,Vanguard Emerging Markets Stock Index Fund ETF,Diversified Emerging Mkts,Passive,56.267323878020406,84.58067353646676,28.313349658446356,WEAK,STRONG,Q2_Only_2025,REVIEW,Upgraded by 2025 system,1,1,1253,235,458
FITLX,Fidelity US Sustainability Index Fund,Large Blend,Passive,60.191311353209045,75.69995335449347,15.508642001284429,REVIEW,REVIEW,Q4_Both_Weak,WATCH,Upgraded by 2025 system,0.57,0.8444,973,516,459
TIQIX,Touchstone Non-US Equity Fund Y,Foreign Large Blend,Active,71.08746211843878,62.39608077368926,-8.691381344749516,REVIEW,REVIEW,Q4_Both_Weak,WATCH,Stable,1,1,378,1113,460
LP40209516,Adara Smaller Companies Fund,Small Blend,Active,68.52376799445355,64.5374892718896,-3.986278722563952,REVIEW,REVIEW,Q4_Both_Weak,WATCH,Stable,1,1,505,992,461
VVIFX,Voya VACS Series EME Fund,Diversified Emerging Mkts,Active,53.30760025314321,92.81437125748504,39.50677100434183,WEAK,STRONG,Q2_Only_2025,REVIEW,Upgraded by 2025 system,0.15,0.25,1460,40,462
ANODX,American Century Small Cap Growth Fund R6,Small Growth,Active,68.12461212183689,64.69717345107232,-3.427438670764573,REVIEW,REVIEW,Q4_Both_Weak,WATCH,Stable,1,1,518,983,463
GEM,Goldman Sachs ActiveBeta Em Mkts Equity ETF,Diversified Emerging Mkts,Passive,56.37492465638421,83.51602678746633,27.14110213108212,WEAK,STRONG,Q2_Only_2025,REVIEW,Upgraded by 2025 system,1,1,1243,261,464
VO,Vanguard Mid-Cap Index Fund ETF,Mid-Cap Blend,Passive,53.64921682134626,91.70657082684531,38.05735400549905,WEAK,STRONG,Q2_Only_2025,REVIEW,Upgraded by 2025 system,1,1,1436,71,465
SBASX,Segall Bryant & Hamill Small Cap Core Fund Inst,Small Growth,Active,72.08952936100916,61.33688898899398,-10.752640372015179,REVIEW,REVIEW,Q4_Both_Weak,WATCH,Downgraded by 2025 system,0.57,0.79,339,1170,466
SWMCX,Schwab US Mid-Cap Index Fund,Mid-Cap Blend,Passive,53.47756771718277,91.99623696076749,38.51866924358472,WEAK,STRONG,Q2_Only_2025,REVIEW,Upgraded by 2025 system,0.57,0.8444,1452,57,466
SECAX,SEI Inst Inv Small Cap II Fund A,Small Blend,Active,63.626459021107564,69.52591817907931,5.899459157971748,REVIEW,REVIEW,Q4_Both_Weak,WATCH,Stable,1,1,763,747,467
MVALX,Meridian Contrarian Fund Legacy,Small Blend,Active,74.8505994002137,59.459299931811735,-15.39129946840196,REVIEW,WEAK,Q4_Both_Weak,WATCH,Downgraded by 2025 system,1,1,238,1274,468
DFAR,DFA Dimensional US Real Estate ETF,Real Estate,Active,63.28891211566936,70.29406952356871,7.005157407899347,REVIEW,REVIEW,Q4_Both_Weak,WATCH,Stable,0.15,0.46,792,721,469
VIG,Vanguard Dividend Appreciation Index Fund ETF,Large Blend,Passive,66.41140029855333,65.88802787314027,-0.5233724254130578,REVIEW,REVIEW,Q4_Both_Weak,WATCH,Stable,1,1,597,917,470
GCAVX,GMO US Small Cap Value Fund VI,Small Value,Active,59.25658778705226,76.67211813566247,17.41553034861021,WEAK,REVIEW,Q4_Both_Weak,WATCH,Upgraded by 2025 system,0.57,0.79,1034,482,471
BTMKX,iShares MSCI EAFE Intl Index Fund K,Foreign Large Blend,Passive,61.179267533448176,73.32204176383276,12.142774230384582,REVIEW,REVIEW,Q4_Both_Weak,WATCH,Upgraded by 2025 system,1,1,914,606,472
JHEM,John Hancock Multifactor Emerging Markets ETF,Diversified Emerging Mkts,Passive,59.51809437585768,76.20995404061513,16.69185966475745,WEAK,REVIEW,Q4_Both_Weak,WATCH,Upgraded by 2025 system,0.57,0.8444,1018,503,473
REGS,Columbia Large Cap Growth ETF,Large Growth,Active,66.14572421599635,65.92963966517826,-0.21608455081809552,REVIEW,REVIEW,Q4_Both_Weak,WATCH,Stable,0.37,0.66,608,913,473
SCPAX,SEI Inst Inv Large Cap Disciplined Equity Fund A,Large Blend,Active,62.53683018934685,71.07872190271745,8.541891713370596,REVIEW,REVIEW,Q4_Both_Weak,WATCH,Stable,1,1,832,689,473
AVUS,Avantis US Equity ETF,Large Blend,Active,65.20762742714543,67.52925306880118,2.321625641655757,REVIEW,REVIEW,Q4_Both_Weak,WATCH,Stable,0.57,0.79,674,849,474
QGIAX,Pear Tree Quality Fund Inst,Large Blend,Active,73.61923350032595,59.90299883252427,-13.716234667801679,REVIEW,WEAK,Q4_Both_Weak,WATCH,Downgraded by 2025 system,1,1,282,1243,475
LCSMX,ClearBridge SMASh Series EM Fund,Diversified Emerging Mkts,Active,60.633079295373435,73.96557959563775,13.332500300264314,REVIEW,REVIEW,Q4_Both_Weak,WATCH,Upgraded by 2025 system,0.57,0.79,946,580,476
FZAIX,Fidelity Advisor International Discovery Fund Z,Foreign Large Growth,Active,65.00023180972464,67.77783472849484,2.7776029187701994,REVIEW,REVIEW,Q4_Both_Weak,WATCH,Stable,1,1,686,841,477
FHUMX,Federated Hermes US SMID Fd Inst,Mid-Cap Growth,Active,74.15752562203447,59.48669363838659,-14.67083198364788,REVIEW,WEAK,Q4_Both_Weak,WATCH,Downgraded by 2025 system,0.57,0.79,259,1272,478
FIDI,Fidelity International High Dividend ETF,Foreign Large Value,Passive,56.30215272954453,82.94281837556767,26.640665646023137,WEAK,STRONG,Q2_Only_2025,REVIEW,Upgraded by 2025 system,0.57,0.8444,1249,285,479
JIESX,JPMorgan Developed International Value Fund I,Foreign Large Value,Active,65.29099013883763,67.00017714447218,1.709187005634547,REVIEW,REVIEW,Q4_Both_Weak,WATCH,Stable,1,1,665,869,479
PWB,Invesco Large Cap Growth ETF,Large Growth,Passive,80.16041133831024,56.29267663977774,-23.8677346985325,STRONG,WEAK,Q3_Only_2023,REVIEW,Downgraded by 2025 system,1,1,89,1445,479
VYSVX,Vericimetry US Small Cap Value Fund,Small Value,Active,63.461390654051144,69.42531959968946,5.963928945638315,REVIEW,REVIEW,Q4_Both_Weak,WATCH,Stable,1,1,777,758,480
IMCB,iShares Morningstar Mid-Cap ETF,Mid-Cap Blend,Passive,53.43742005866318,91.21501980291566,37.777599744252484,WEAK,STRONG,Q2_Only_2025,REVIEW,Upgraded by 2025 system,1,1,1454,82,481
FLQM,Franklin US Mid Cap Multifactor Index ETF,Mid-Cap Blend,Passive,65.60852529684766,66.5899327262819,0.9814074294342419,REVIEW,REVIEW,Q4_Both_Weak,WATCH,Stable,0.57,0.8444,650,889,482
SSKEX,State Street Emerging Markets Equity Index K,Diversified Emerging Mkts,Passive,53.89116740157177,89.52715396129013,35.635986559718354,WEAK,STRONG,Q2_Only_2025,REVIEW,Upgraded by 2025 system,1,1,1419,120,482
BKRDX,iShares Developed Real Estate Index Fund K,Global Real Estate,Passive,55.520164450680845,85.28349879904991,29.763334348369064,WEAK,STRONG,Q2_Only_2025,REVIEW,Upgraded by 2025 system,1,1,1318,222,483
CSCZX,Columbia Small Cap Value Discovery Fund I,Small Value,Active,67.22041744751647,64.89562713052554,-2.324790316990928,REVIEW,REVIEW,Q4_Both_Weak,WATCH,Stable,1,1,568,972,483
JPSE,JPMorgan Diversified Return US Small Cp Equity ETF,Small Blend,Passive,66.18013954401432,65.51237036534273,-0.6677691786715911,REVIEW,REVIEW,Q4_Both_Weak,WATCH,Stable,0.57,0.8444,603,937,483
CEMIX,Causeway Emerging Markets Fund Instl,Diversified Emerging Mkts,Active,69.48972903336679,62.94439526246368,-6.545333770903106,REVIEW,REVIEW,Q4_Both_Weak,WATCH,Stable,1,1,458,1083,484
VRNIX,Vanguard Russell 1000 Index Fund Institutional,Large Blend,Passive,53.99284491017661,89.08198033595525,35.08913542577864,WEAK,STRONG,Q2_Only_2025,REVIEW,Upgraded by 2025 system,1,1,1407,134,484
FSGJX,Fidelity SAI Global ex US Low Volatility Index Fd,Foreign Large Blend,Passive,56.3708159740186,82.26504915163449,25.894233177615888,WEAK,STRONG,Q2_Only_2025,REVIEW,Upgraded by 2025 system,0.15,0.5111,1244,300,485
GSLC,Goldman Sachs ActiveBeta US Large Cap Equity ETF,Large Blend,Passive,56.27705543595752,82.67605399417216,26.398998558214643,WEAK,STRONG,Q2_Only_2025,REVIEW,Upgraded by 2025 system,1,1,1251,294,486
EQWL,Invesco S&P 100 Equal Weight ETF,Large Value,Passive,74.11260328201132,59.24142688952902,-14.871176392482298,REVIEW,WEAK,Q4_Both_Weak,WATCH,Downgraded by 2025 system,1,1,262,1285,487
QGRO,American Century US Quality Growth ETF,Large Growth,Passive,66.7536461159417,64.9934472874008,-1.7601988285409078,REVIEW,REVIEW,Q4_Both_Weak,WATCH,Stable,0.57,0.8444,581,966,487
SMLV,SPDR SSGA US Small Cap Low Volatility Index ETF,Small Value,Passive,63.24295489936139,69.46969590785594,6.2267410084945425,REVIEW,REVIEW,Q4_Both_Weak,WATCH,Stable,1,1,795,752,487
TRLWX,Nuveen Large Cap Value Fund W,Large Value,Active,58.79360435315264,76.82040966285096,18.026805309698325,WEAK,REVIEW,Q4_Both_Weak,WATCH,Upgraded by 2025 system,0.76,0.88,1069,478,487
VEMAX,Vanguard Emerging Markets Stock Index Fund Admiral,Diversified Emerging Mkts,Passive,56.03746443822659,83.07231119020913,27.034846751982542,WEAK,STRONG,Q2_Only_2025,REVIEW,Upgraded by 2025 system,1,1,1272,280,488
FAPCX,Fidelity International Capital Appreciation K6 Fnd,Foreign Large Growth,Active,65.93662343021914,65.58487992958787,-0.35174350063127235,REVIEW,REVIEW,Q4_Both_Weak,WATCH,Stable,0.57,0.79,624,935,489
VIMAX,Vanguard Mid-Cap Index Fund Admiral,Mid-Cap Blend,Passive,53.18883731303779,90.5968088302284,37.40797151719061,WEAK,STRONG,Q2_Only_2025,REVIEW,Upgraded by 2025 system,1,1,1471,95,490
SICNX,Schwab International Core Equity Fund,Foreign Large Blend,Active,66.83141192588546,64.56610982915471,-2.26530209673075,REVIEW,REVIEW,Q4_Both_Weak,WATCH,Stable,1,1,579,990,491
EFV,iShares MSCI EAFE Value ETF,Foreign Large Value,Passive,55.92368005680785,82.90955164752562,26.98587159071777,WEAK,STRONG,Q2_Only_2025,REVIEW,Upgraded by 2025 system,1,1,1284,287,492
PEFIX,PIMCO RAE PLUS EMG Fund Institutional,Diversified Emerging Mkts,Active,69.89865186591736,61.92864457656269,-7.970007289354669,REVIEW,REVIEW,Q4_Both_Weak,WATCH,Stable,1,1,435,1140,493
ARIIX,AB Global Real Estate Investment Fund II I,Global Real Estate,Active,62.71881110583768,69.44891491294597,6.730103807108286,REVIEW,REVIEW,Q4_Both_Weak,WATCH,Stable,1,1,822,755,494
JSGAX,John Hancock US Growth Fund A,Large Growth,Active,71.26362425364401,60.46069197305365,-10.802932280590362,REVIEW,REVIEW,Q4_Both_Weak,WATCH,Downgraded by 2025 system,1,1,369,1212,495
TASCX,Third Avenue Small-Cap Value Fund Institutional,Small Value,Active,71.15264266411694,60.54071418760041,-10.611928476516532,REVIEW,REVIEW,Q4_Both_Weak,WATCH,Downgraded by 2025 system,1,1,376,1209,496
DFEM,DFA Dimensional Emerging Markets Core Equity 2 ETF,Diversified Emerging Mkts,Active,64.89638055940401,66.4267461124135,1.5303655530094886,REVIEW,REVIEW,Q4_Both_Weak,WATCH,Stable,0.15,0.46,693,896,497
GNR,State Street SPDR S&P Global Nat Resources ETF,Natural Resources,Passive,55.43903076605184,83.37271676818803,27.933686002136184,WEAK,STRONG,Q2_Only_2025,REVIEW,Upgraded by 2025 system,1,1,1323,266,497
WHGMX,Westwood Quality SMidCap Fund Institutional,Small Blend,Active,65.49022992798808,65.60617940719429,0.11594947920620768,REVIEW,REVIEW,Q4_Both_Weak,WATCH,Stable,1,1,656,933,497
DFEV,DFA Dimensional Emerging Markets Value ETF,Diversified Emerging Mkts,Active,59.28659856807764,74.53933151245693,15.252732944379282,WEAK,REVIEW,Q4_Both_Weak,WATCH,Upgraded by 2025 system,0.15,0.46,1032,558,498
QVMS,Invesco S&P SmallCap 600 QVM Multi-factor ETF,Small Blend,Passive,58.20866347344703,76.63821982971017,18.429556356263134,WEAK,REVIEW,Q4_Both_Weak,WATCH,Upgraded by 2025 system,0.15,0.6222,1106,484,498
SSHQX,State Street Hedged Internatl Developed Eq Idx K,Foreign Large Blend,Passive,85.60906046697983,54.257962662939406,-31.35109780404042,STRONG,WEAK,Q3_Only_2023,REVIEW,Downgraded by 2025 system,1,1,16,1574,498
AMRMX,American Funds American Mutual Fund A,Large Value,Active,73.94807221208593,58.48483483061781,-15.463237381468126,REVIEW,WEAK,Q4_Both_Weak,WATCH,Downgraded by 2025 system,1,1,271,1321,499
SELCX,SEI Inst Mgd Large Cap Growth Fund F,Large Growth,Active,69.36241179565198,62.11386406674847,-7.24854772890351,REVIEW,REVIEW,Q4_Both_Weak,WATCH,Stable,1,1,464,1128,499
VONE,Vanguard Russell 1000 Index Fund ETF,Large Blend,Passive,53.45352641122973,88.73021751512806,35.27669110389833,WEAK,STRONG,Q2_Only_2025,REVIEW,Upgraded by 2025 system,1,1,1453,139,499
SCHE,Schwab Emerging Markets Equity ETF,Diversified Emerging Mkts,Passive,53.73250099730396,87.71654595420829,33.98404495690433,WEAK,STRONG,Q2_Only_2025,REVIEW,Upgraded by 2025 system,1,1,1431,166,500
DFESX,DFA Emerging Markets Social Core Equity Port Inst,Diversified Emerging Mkts,Active,66.05146507463486,64.61297420919709,-1.438490865437771,REVIEW,REVIEW,Q4_Both_Weak,WATCH,Stable,1,1,611,987,501
IGRO,iShares International Dividend Growth ETF,Foreign Large Blend,Passive,64.84579643335057,66.18055426145354,1.3347578281029655,REVIEW,REVIEW,Q4_Both_Weak,WATCH,Stable,0.57,0.8444,696,902,501
ROSC,Hartford Multifactor Small Cap ETF,Small Value,Passive,64.83950366396965,66.20391940939092,1.3644157454212689,REVIEW,REVIEW,Q4_Both_Weak,WATCH,Stable,1,1,697,901,501
LSGRX,Loomis Sayles Growth Fund Y,Large Growth,Active,66.88249483798127,63.99461702432432,-2.8878778136569494,REVIEW,REVIEW,Q4_Both_Weak,WATCH,Stable,1,1,578,1023,502
VWID,Virtus WMC International Dividend ETF,Foreign Large Value,Active,62.407035479087,69.34413242494259,6.937096945855586,REVIEW,REVIEW,Q4_Both_Weak,WATCH,Stable,0.57,0.79,841,760,502
FLCOX,Fidelity Large Cap Value Index Fund,Large Value,Passive,51.5347330502711,94.05006400692363,42.515330956652534,WEAK,STRONG,Q2_Only_2025,REVIEW,Upgraded by 2025 system,0.57,0.8444,1583,19,503
TEQWX,Nuveen Equity Index Fund W,Large Blend,Passive,53.39096657769187,88.38221229893017,34.9912457212383,WEAK,STRONG,Q2_Only_2025,REVIEW,Upgraded by 2025 system,0.76,0.8667,1455,149,504
XMVM,Invesco S&P MidCap Value with Momentum ETF,Small Value,Passive,82.76657661386736,54.45136850026439,-28.31520811360297,STRONG,WEAK,Q3_Only_2023,REVIEW,Downgraded by 2025 system,1,1,42,1563,505
QSMLX,AQR Small Cap Multi-Style Fund I,Small Blend,Active,61.341489467966525,70.82709321753782,9.485603749571297,REVIEW,REVIEW,Q4_Both_Weak,WATCH,Stable,1,1,907,700,506
MSOOX,MassMutual Small Cap Opportunities Fund I,Small Blend,Active,66.27595134985849,64.25363113668304,-2.0223202131754476,REVIEW,REVIEW,Q4_Both_Weak,WATCH,Stable,1,1,600,1008,507
EQAL,Invesco Russell 1000 Equal Weight ETF,Mid-Cap Blend,Passive,56.97161774496359,78.42738176748396,21.455764022520377,WEAK,REVIEW,Q4_Both_Weak,WATCH,Upgraded by 2025 system,1,1,1190,419,508
BKMC,BNY Mellon US Mid Cap Core Equity ETF,Mid-Cap Blend,Passive,53.84723766622711,86.88445411412543,33.037216447898324,WEAK,STRONG,Q2_Only_2025,REVIEW,Upgraded by 2025 system,0.57,0.8444,1423,187,509
DJD,Invesco Dow Jones Industrial Average Div ETF,Large Value,Passive,67.28485872838608,63.70732526216268,-3.5775334662234,REVIEW,REVIEW,Q4_Both_Weak,WATCH,Stable,1,1,566,1044,509
BKGI,BNY Mellon Global Infrastructure Income ETF,Infrastructure,Active,58.86359887844302,74.74435068649885,15.880751808055827,WEAK,REVIEW,Q4_Both_Weak,WATCH,Upgraded by 2025 system,0.15,0.46,1062,549,510
WCMI,First Trust WCM International Equity ETF,Foreign Large Growth,Active,67.3645813724994,63.59395839284415,-3.7706229796552506,REVIEW,REVIEW,Q4_Both_Weak,WATCH,Stable,0.57,0.79,559,1052,510
ADVGX,North Square Select Small Cap Fund I,Small Blend,Active,72.16578885660577,59.38275396152566,-12.783034895080114,REVIEW,WEAK,Q4_Both_Weak,WATCH,Downgraded by 2025 system,1,1,335,1278,511
EVSAX,Allspring Disciplined US Core Fund A,Large Blend,Active,67.35564732093226,63.57127905724981,-3.7843682636824525,REVIEW,REVIEW,Q4_Both_Weak,WATCH,Stable,1,1,560,1054,512
SUSIX,State Street Institutional US Equity Fund Inv,Large Blend,Active,68.0525364934026,62.70888671781529,-5.343649775587309,REVIEW,REVIEW,Q4_Both_Weak,WATCH,Stable,1,1,522,1096,513
VDADX,Vanguard Dividend Appreciation Index Fund Admiral,Large Blend,Passive,65.97878356401657,64.47667008529751,-1.5021134787190533,REVIEW,REVIEW,Q4_Both_Weak,WATCH,Stable,1,1,622,996,513
GREYX,GuideStone Global Real Estate Securities Fund Inst,Global Real Estate,Active,69.91442120636948,60.985388845715136,-8.929032360654347,REVIEW,REVIEW,Q4_Both_Weak,WATCH,Stable,0.95,1,432,1188,514
BSVO,EA Bridgeway Omni Small-Cap Value ETF,Small Value,Active,63.38202048361645,67.83289551632308,4.450875032706627,REVIEW,REVIEW,Q4_Both_Weak,WATCH,Stable,0.37,0.67,784,837,515
HFCGX,Hennessy Cornerstone Growth Fund Investor,Small Blend,Active,69.69207172648461,61.17626332930677,-8.515808397177842,REVIEW,REVIEW,Q4_Both_Weak,WATCH,Stable,1,1,444,1179,516
SSGLX,State Street Global All Cap Equity ex-US Indx Fd K,Foreign Large Blend,Passive,53.26778339016984,87.93302225113297,34.66523886096313,WEAK,STRONG,Q2_Only_2025,REVIEW,Upgraded by 2025 system,1,1,1465,161,517
TSPA,T Rowe Price US Equity Research ETF,Large Blend,Active,62.43586416336674,68.49205751300646,6.05619334963972,REVIEW,REVIEW,Q4_Both_Weak,WATCH,Stable,0.15,0.46,838,790,518
AUUYX,AB Select US Equity Portfolio Advisor,Large Blend,Active,73.47271044828561,58.23739436026186,-15.235316088023751,REVIEW,WEAK,Q4_Both_Weak,WATCH,Downgraded by 2025 system,1,1,286,1343,519
BTIEX,DWS Equity 500 Index Fund S,Large Blend,Passive,61.146314718390826,70.51290821704261,9.366593498651781,REVIEW,REVIEW,Q4_Both_Weak,WATCH,Stable,1,1,916,713,519
SPMD,State Street SPDR Portfolio S&P 400 Mid Cap ETF,Mid-Cap Blend,Passive,55.23262187465704,82.73773585764543,27.50511398298839,WEAK,STRONG,Q2_Only_2025,REVIEW,Upgraded by 2025 system,1,1,1338,293,520
LVHI,Franklin Intl Low Volatility High Dividend Index,Foreign Large Value,Passive,80.1382556679945,54.71492855358605,-25.42332711440845,STRONG,WEAK,Q3_Only_2023,REVIEW,Downgraded by 2025 system,0.57,0.8444,90,1544,521
TEGYX,Touchstone Mid Cap Growth Fund Y,Mid-Cap Growth,Active,72.00653956180666,59.084321630703265,-12.922217931103397,REVIEW,WEAK,Q4_Both_Weak,WATCH,Downgraded by 2025 system,1,1,342,1292,521
RNWGX,American Funds New World Fund R6,Diversified Emerging Mkts,Active,73.97586521170022,57.756102535327535,-16.21976267637269,REVIEW,WEAK,Q4_Both_Weak,WATCH,Downgraded by 2025 system,1,1,269,1366,522
HILIX,Hartford International Value Fund I,Foreign Large Value,Active,69.80387448508574,60.88625192177473,-8.917622563311014,REVIEW,REVIEW,Q4_Both_Weak,WATCH,Stable,1,1,441,1195,523
FESM,Fidelity Enhanced Small Cap ETF,Small Blend,Active,58.90885485469259,73.98217806327067,15.073323208578074,WEAK,REVIEW,Q4_Both_Weak,WATCH,Upgraded by 2025 system,1,1,1060,579,524
TGRT,T Rowe Price Growth ETF,Large Growth,Active,55.620253421662134,81.40096618357488,25.780712761912746,WEAK,STRONG,Q2_Only_2025,REVIEW,Upgraded by 2025 system,0.15,0.25,1309,330,524
TRZSX,T Rowe Price Overseas Stock Fund Z,Foreign Large Blend,Active,62.168102271790616,68.52127390520512,6.3531716334145045,REVIEW,REVIEW,Q4_Both_Weak,WATCH,Stable,0.76,0.88,851,788,524
QEFA,State Street SPDR MSCI EAFE StrategicFactors ETF,Foreign Large Blend,Passive,65.75542164969761,64.2934908318948,-1.4619308178028092,REVIEW,REVIEW,Q4_Both_Weak,WATCH,Stable,1,1,637,1004,525
FDLO,Fidelity Low Volatility Factor ETF,Large Blend,Passive,67.59465075384246,62.77146026786168,-4.823190485980781,REVIEW,REVIEW,Q4_Both_Weak,WATCH,Stable,0.57,0.8444,549,1093,526
USNZ,Xtrackers Net Zero Pathway Paris Aligned US Eq ETF,Large Blend,Passive,55.919639995831325,80.38875395738621,24.46911396155489,WEAK,STRONG,Q2_Only_2025,REVIEW,Upgraded by 2025 system,0.15,0.6222,1286,356,526
AVES,Avantis Emerging Markets Value ETF,Diversified Emerging Mkts,Active,62.396979503775604,68.36386997216208,5.966890468386474,REVIEW,REVIEW,Q4_Both_Weak,WATCH,Stable,0.15,0.46,842,802,527
FRCSX,Franklin Small Cap Value Fund R6,Small Value,Active,66.43669459303466,63.61337780541078,-2.823316787623881,REVIEW,REVIEW,Q4_Both_Weak,WATCH,Stable,1,1,595,1050,528
SPFFX,Sphere 500 Climate Fund R6,Large Blend,Passive,56.15112854187223,79.77923531986472,23.628106777992492,WEAK,REVIEW,Q4_Both_Weak,WATCH,Upgraded by 2025 system,0.15,0.6222,1266,379,528
TPSC,Timothy Plan US Small Cap Core ETF,Small Blend,Passive,69.62802245412199,60.83955181985182,-8.788470634270169,REVIEW,REVIEW,Q4_Both_Weak,WATCH,Stable,0.57,0.8444,449,1198,529
FCTDX,Fidelity Strategic Advisers Fidelity US Total Stk,Large Blend,Active,62.24851442507185,68.41399774341006,6.165483318338211,REVIEW,REVIEW,Q4_Both_Weak,WATCH,Stable,0.57,0.79,850,799,530
FERGX,Fidelity SAI Emerging Markets Index Fund,Diversified Emerging Mkts,Passive,52.15286384397769,89.8665143414353,37.713650497457614,WEAK,STRONG,Q2_Only_2025,REVIEW,Upgraded by 2025 system,1,1,1540,110,531
FBCGX,Fidelity Blue Chip Growth K6 Fund,Large Growth,Active,60.475841166479725,70.9393508355832,10.463509669103473,REVIEW,REVIEW,Q4_Both_Weak,WATCH,Upgraded by 2025 system,0.57,0.79,957,695,532
IFRA,iShares US Infrastructure ETF,Infrastructure,Passive,76.62518371032915,55.650849171197045,-20.97433453913211,REVIEW,WEAK,Q4_Both_Weak,WATCH,Downgraded by 2025 system,0.57,0.8444,169,1484,533
JOMMX,JOHCM Emerging Markets Discovery Fd Inst,Diversified Emerging Mkts,Active,77.81015597375803,55.137062541552226,-22.673093432205803,REVIEW,WEAK,Q4_Both_Weak,WATCH,Downgraded by 2025 system,1,1,131,1523,534
TRMIX,T Rowe Price Mid-Cap Value Fund I,Mid-Cap Value,Active,69.11859485446898,61.1990418810056,-7.919552973463382,REVIEW,REVIEW,Q4_Both_Weak,WATCH,Stable,1,1,477,1177,534
QLV,FlexShares US Quality Low Volatility Index Fund,Large Blend,Passive,68.78863204560508,61.53958789488878,-7.249044150716301,REVIEW,REVIEW,Q4_Both_Weak,WATCH,Stable,0.57,0.8444,496,1159,535
ISCG,iShares Morningstar Small-Cap Growth ETF,Small Growth,Passive,51.99163218748011,90.22397260364842,38.23234041616831,WEAK,STRONG,Q2_Only_2025,REVIEW,Upgraded by 2025 system,1,1,1554,102,536
DFVEX,DFA US Vector Equity Portfolio Institutional,Mid-Cap Value,Active,61.939941952058966,68.45346882214449,6.513526870085521,REVIEW,REVIEW,Q4_Both_Weak,WATCH,Stable,1,1,864,797,537
DNL,WisdomTree Global ex-US Quality Growth Fund,Foreign Large Growth,Passive,55.828019411815596,80.12237624005537,24.294356828239778,WEAK,STRONG,Q2_Only_2025,REVIEW,Upgraded by 2025 system,1,1,1295,366,537
MRFOX,Marshfield Concentrated Opportunity Fund,Large Blend,Active,77.06139812308014,55.273117477096854,-21.788280645983285,REVIEW,WEAK,Q4_Both_Weak,WATCH,Downgraded by 2025 system,1,1,155,1508,538
GGUS,Goldman Sachs MarketBeta Russell 1000 Grwth Eq ETF,Large Growth,Passive,52.94873325892503,87.15023651103878,34.20150325211375,WEAK,STRONG,Q2_Only_2025,REVIEW,Upgraded by 2025 system,0.15,0.5111,1482,183,539
IWB,iShares Russell 1000 ETF,Large Blend,Passive,53.21267753601822,86.57007108108208,33.35739354506386,WEAK,STRONG,Q2_Only_2025,REVIEW,Upgraded by 2025 system,1,1,1470,197,540
HDPBX,Hodges Blue Chip Equity Income Fund Retail,Large Blend,Active,69.18872556233173,60.76659361402134,-8.422131948310387,REVIEW,REVIEW,Q4_Both_Weak,WATCH,Stable,1,1,469,1200,541
DMCRX,Driehaus Micro Cap Growth Fund,Small Growth,Active,69.84212226592534,60.14459548577984,-9.697526780145502,REVIEW,REVIEW,Q4_Both_Weak,WATCH,Stable,1,1,438,1232,542
FDVIX,Fidelity Advisor Diversified International Fd I,Foreign Large Growth,Active,67.51637512614633,62.35926786964342,-5.157107256502911,REVIEW,REVIEW,Q4_Both_Weak,WATCH,Stable,1,1,555,1116,543
SMMD,iShares Russell 2500 ETF,Small Blend,Passive,52.188623839300355,88.91313521907514,36.72451137977479,WEAK,STRONG,Q2_Only_2025,REVIEW,Upgraded by 2025 system,0.57,0.8444,1536,135,543
XLG,Invesco S&P 500 Top 50 ETF,Large Blend,Passive,76.30129664477502,55.52471180963229,-20.776584835142735,REVIEW,WEAK,Q4_Both_Weak,WATCH,Downgraded by 2025 system,1,1,182,1490,544
BBTLX,Bridge Builder Tax Managed Large Cap Fund,Large Blend,Active,63.684720752876764,65.90313056333508,2.2184098104583185,REVIEW,REVIEW,Q4_Both_Weak,WATCH,Stable,0.15,0.46,758,915,545
AVIV,Avantis International Large Cap Value ETF,Foreign Large Value,Active,57.90885866003237,74.74348522601186,16.834626565979484,WEAK,REVIEW,Q4_Both_Weak,WATCH,Upgraded by 2025 system,0.15,0.46,1126,550,546
HEEM,iShares Currency Hedged MSCI Emerging Markets ETF,Diversified Emerging Mkts,Passive,69.45094923110803,60.41831116465527,-9.032638066452755,REVIEW,REVIEW,Q4_Both_Weak,WATCH,Stable,1,1,460,1217,547
FCFMX,Fidelity Series Total Market Index Fund,Large Blend,Passive,51.66545479203171,89.64475561026794,37.979300818236226,WEAK,STRONG,Q2_Only_2025,REVIEW,Upgraded by 2025 system,0.57,0.8444,1571,115,548
VRGEX,Virtus Duff & Phelps Global Real Estate Sec Fd R6,Global Real Estate,Active,67.31400839476514,62.242410908069246,-5.071597486695893,REVIEW,REVIEW,Q4_Both_Weak,WATCH,Stable,0.76,0.88,564,1122,548
QTERX,AQR Emerging Multi-Style II Fund R6,Diversified Emerging Mkts,Active,60.7975430895475,69.47963021658103,8.682087127033526,REVIEW,REVIEW,Q4_Both_Weak,WATCH,Stable,1,1,936,751,549
QUS,State Street SPDR MSCI USA StrategicFactors ETF,Large Blend,Passive,66.03690371148198,63.14304900807349,-2.8938547034084934,REVIEW,REVIEW,Q4_Both_Weak,WATCH,Stable,1,1,614,1076,550
BRGKX,iShares Russell 1000 LC Idx Fund K,Large Blend,Passive,52.353482976913135,87.57604349759093,35.222560520677796,WEAK,STRONG,Q2_Only_2025,REVIEW,Upgraded by 2025 system,0.95,1,1520,171,551
QQMG,Invesco ESG NASDAQ 100 ETF,Large Growth,Passive,56.16735212800405,78.2068206265217,22.039468498517657,WEAK,REVIEW,Q4_Both_Weak,WATCH,Upgraded by 2025 system,0.15,0.6222,1264,427,551
IJT,iShares S&P Small-Cap 600 Growth ETF,Small Growth,Passive,57.7203773880136,74.7130788372642,16.992701449250603,WEAK,REVIEW,Q4_Both_Weak,WATCH,Upgraded by 2025 system,1,1,1142,551,552
IXUS,iShares Core MSCI Total International Stock ETF,Foreign Large Blend,Passive,51.555786179414234,89.72149123954564,38.16570506013141,WEAK,STRONG,Q2_Only_2025,REVIEW,Upgraded by 2025 system,1,1,1581,112,552
COWG,Pacer US Large Cap Cash Cows Growth Leaders ETF,Mid-Cap Growth,Passive,59.945570414286586,70.47366099165401,10.52809057736743,WEAK,REVIEW,Q4_Both_Weak,WATCH,Upgraded by 2025 system,0.15,0.6222,980,714,553
NWAMX,Nationwide BNY Mellon Dynamic US Eqty Inc Fd K,Large Value,Active,68.70490912939466,60.87870590340487,-7.826203225989794,REVIEW,REVIEW,Q4_Both_Weak,WATCH,Stable,1,1,498,1196,553
QLVE,FlexShares EmMkts Quality Low Volatility Idx Fd,Diversified Emerging Mkts,Passive,60.654066754663695,69.46198996514184,8.807923210478144,REVIEW,REVIEW,Q4_Both_Weak,WATCH,Stable,0.57,0.8444,945,753,554
FSUMX,Fidelity Series Sustainable US Market Fund,Large Blend,Active,49.90457891888378,100,50.09542108111622,WEAK,STRONG,Q2_Only_2025,REVIEW,Upgraded by 2025 system,0.15,0.25,1700,1,555
CECYX,Columbia Large Cap Enhanced Core Fund I3,Large Blend,Active,66.80205518826327,62.19519406179107,-4.606861126472197,REVIEW,REVIEW,Q4_Both_Weak,WATCH,Stable,1,1,580,1125,556
FGIYX,Nuveen Global Infrastructure Fund I,Infrastructure,Active,66.0273478850854,62.82336126150065,-3.203986623584754,REVIEW,REVIEW,Q4_Both_Weak,WATCH,Stable,1,1,616,1089,556
CDHIX,Calvert International Responsible Index Fund I,Foreign Large Blend,Passive,62.27421703939322,67.22649172374275,4.952274684349533,REVIEW,REVIEW,Q4_Both_Weak,WATCH,Stable,1,1,848,858,557
DRESX,Driehaus Emerging Markets Small Cap Growth Fund,Diversified Emerging Mkts,Active,75.49435996699474,55.34339376133428,-20.150966205660453,REVIEW,WEAK,Q4_Both_Weak,WATCH,Downgraded by 2025 system,1,1,207,1502,558
MFEM,PIMCO RAFI Dynamic Multi-Factor Emerg Mkts Eq ETF,Diversified Emerging Mkts,Passive,71.73622826205455,57.89667721568649,-13.839551046368065,REVIEW,WEAK,Q4_Both_Weak,WATCH,Downgraded by 2025 system,0.57,0.8444,355,1356,559
VIOG,Vanguard S&P Small-Cap 600 Growth Index Fund ETF,Small Growth,Passive,57.9177895720969,73.74618545854548,15.828395886448583,WEAK,REVIEW,Q4_Both_Weak,WATCH,Upgraded by 2025 system,1,1,1124,589,560
MUSEX,MFS Blended Research Core Equity Fund I,Large Blend,Active,64.31629480329501,64.52473619353046,0.20844139023544983,REVIEW,REVIEW,Q4_Both_Weak,WATCH,Stable,1,1,724,993,561
EZM,WisdomTree US MidCap Fund,Small Value,Passive,63.95071470299424,64.87569871941518,0.9249840164209431,REVIEW,REVIEW,Q4_Both_Weak,WATCH,Stable,1,1,745,973,562
STSIX,American Beacon Stephens Small Cap Growth Fd R5,Small Growth,Active,67.57196360516224,61.36759025601491,-6.204373349147332,REVIEW,REVIEW,Q4_Both_Weak,WATCH,Stable,1,1,550,1169,563
IQDG,WisdomTree International Quality Dividend Growth,Foreign Large Growth,Passive,59.921662847838896,69.79738729895261,9.875724451113719,WEAK,REVIEW,Q4_Both_Weak,WATCH,Stable,0.57,0.8444,982,738,564
TPLC,Timothy Plan US Large/Mid Cap Core ETF,Mid-Cap Blend,Passive,65.41877534801806,63.53764737168805,-1.8811279763300064,REVIEW,REVIEW,Q4_Both_Weak,WATCH,Stable,0.57,0.8444,662,1058,564
UMBMX,Carillon Scout Mid Cap Fund I,Mid-Cap Blend,Active,68.9278611705241,60.18912841508782,-8.738732755436274,REVIEW,REVIEW,Q4_Both_Weak,WATCH,Stable,1,1,491,1229,564
IQSM,NYLI Candriam US Mid Cap Equity ETF,Mid-Cap Blend,Passive,53.90940023360926,82.08807151838393,28.178671284774666,WEAK,STRONG,Q2_Only_2025,REVIEW,Upgraded by 2025 system,0.15,0.6222,1416,308,565
JGRO,JPMorgan Active Growth ETF,Large Growth,Active,64.44579460243287,64.14775962616865,-0.29803497626421915,REVIEW,REVIEW,Q4_Both_Weak,WATCH,Stable,0.15,0.46,715,1009,565
CGIE,Capital Group International Equity ETF,Foreign Large Growth,Active,56.82915437561456,75.53956834532374,18.710413969709187,WEAK,REVIEW,Q4_Both_Weak,WATCH,Upgraded by 2025 system,0.15,0.25,1207,520,566
SCHD,Schwab US Dividend Equity ETF,Large Value,Passive,65.9287919232018,62.60604769986998,-3.322744223331817,REVIEW,REVIEW,Q4_Both_Weak,WATCH,Stable,1,1,626,1103,567
UEVM,VictoryShares Emerging Markets Value Momentum ETF,Diversified Emerging Mkts,Passive,76.4929796699198,54.55949739040319,-21.933482279516618,REVIEW,WEAK,Q4_Both_Weak,WATCH,Downgraded by 2025 system,0.57,0.8444,174,1556,568
SCPIX,DWS S&P 500 Index Fund S,Large Blend,Passive,60.68689730490458,68.51548232821982,7.8285850233152345,REVIEW,REVIEW,Q4_Both_Weak,WATCH,Stable,1,1,943,789,569
FZROX,Fidelity ZERO Total Market Index Fund,Large Blend,Passive,51.019281945997754,90.171826173931,39.15254422793324,WEAK,STRONG,Q2_Only_2025,REVIEW,Upgraded by 2025 system,0.52,0.8444,1632,104,570
JEMA,JPMorgan ActiveBuilders Emerging Markets Eqty ETF,Diversified Emerging Mkts,Active,67.15761231460297,61.404584306671474,-5.753028007931498,REVIEW,REVIEW,Q4_Both_Weak,WATCH,Stable,0.15,0.47,570,1167,571
KCVIX,Knights of Columbus Large Cap Value Fund I,Large Value,Active,65.07637280051568,63.5467306968402,-1.529642103675485,REVIEW,REVIEW,Q4_Both_Weak,WATCH,Stable,1,1,681,1057,572
PISIX,PIMCO StocksPLUS International Fd (DH) Inst,Foreign Large Blend,Active,76.14214150682824,54.61978259266076,-21.522358914167476,REVIEW,WEAK,Q4_Both_Weak,WATCH,Downgraded by 2025 system,1,1,189,1551,573
CRSSX,Catholic Responsible Investments Small-Cap Fd Inst,Small Blend,Passive,57.225529840687194,74.10910405652896,16.88357421584177,WEAK,REVIEW,Q4_Both_Weak,WATCH,Upgraded by 2025 system,0.15,0.6222,1170,571,574
RRGRX,DWS RREEF Global Real Estate Securities R6,Global Real Estate,Active,63.84562527581411,64.49530329723405,0.6496780214199376,REVIEW,REVIEW,Q4_Both_Weak,WATCH,Stable,0.76,0.88,750,994,575
FECGX,Fidelity Small Cap Growth Index Fund,Small Growth,Passive,49.72196715835423,93.01006290284415,43.28809574448992,WEAK,STRONG,Q2_Only_2025,REVIEW,Upgraded by 2025 system,0.57,0.8444,1712,33,576
UIVM,VictoryShares International Value Momentum ETF,Foreign Large Value,Passive,57.65164106656503,73.6222715014051,15.970630434840068,WEAK,REVIEW,Q4_Both_Weak,WATCH,Upgraded by 2025 system,0.57,0.8444,1149,597,577
LSVEX,LSV Value Equity Fund Institutional,Mid-Cap Value,Active,65.71450798547883,62.603348293237474,-3.1111596922413582,REVIEW,REVIEW,Q4_Both_Weak,WATCH,Stable,1,1,644,1104,578
NGREX,Northern Global Real Estate Index Fund,Global Real Estate,Passive,59.057020639735505,70.78717698540466,11.730156345669151,WEAK,REVIEW,Q4_Both_Weak,WATCH,Upgraded by 2025 system,1,1,1048,701,579
EPS,WisdomTree US LargeCap Fund,Large Value,Passive,67.1410304573563,61.15417798070251,-5.986852476653787,REVIEW,REVIEW,Q4_Both_Weak,WATCH,Stable,1,1,571,1180,580
FIMVX,Fidelity Mid Cap Value Index Fund,Mid-Cap Value,Passive,49.44282395018459,93.61003016416987,44.16720621398528,WEAK,STRONG,Q2_Only_2025,REVIEW,Upgraded by 2025 system,0.57,0.8444,1730,22,581
GVUS,Goldman Sachs MarketBeta Russell 1000 Value Eq ETF,Large Value,Passive,50.92275999399863,89.56304788750423,38.640287893505594,WEAK,STRONG,Q2_Only_2025,REVIEW,Upgraded by 2025 system,0.15,0.5111,1637,118,582
IHDG,WisdomTree International Hedged Qual Dividend Gro,Foreign Large Growth,Passive,79.71970946209076,52.72930584112777,-26.990403620962994,REVIEW,WEAK,Q4_Both_Weak,WATCH,Downgraded by 2025 system,1,1,97,1659,583
LRND,NYLI US Large Cap R&D Leaders ETF,Large Growth,Passive,54.499030180338124,79.82085660234247,25.32182642200435,WEAK,REVIEW,Q4_Both_Weak,WATCH,Upgraded by 2025 system,0.15,0.6222,1379,378,584
TGVIX,Thornburg International Equity Fund I,Foreign Large Blend,Active,67.40717975738782,60.693698737044656,-6.713481020343167,REVIEW,REVIEW,Q4_Both_Weak,WATCH,Stable,1,1,558,1202,585
PRWAX,T Rowe Price All-Cap Opportunities Fund,Large Growth,Active,73.15742878017831,55.970586350435894,-17.186842429742413,REVIEW,WEAK,Q4_Both_Weak,WATCH,Downgraded by 2025 system,1,1,300,1461,586
GGTL,Gabelli Automation ETF,Mid-Cap Blend,Active,52.21674876847291,84.7080745341615,32.491325765688586,WEAK,STRONG,Q2_Only_2025,REVIEW,Upgraded by 2025 system,0.15,0.46,1532,233,587
UMBHX,Carillon Chartwell Small Cap Fund I,Small Growth,Active,59.798329511539464,68.85408169264866,9.055752181109199,WEAK,REVIEW,Q4_Both_Weak,WATCH,Stable,1,1,992,774,588
AEPIX,Allspring CoreBuilder Shares - Srs EPI,Large Blend,Active,48.789256785562024,100,51.210743214437976,WEAK,STRONG,Q2_Only_2025,REVIEW,Upgraded by 2025 system,0.15,0.25,1771,1,589
WSCVX,North Star Small Cap Value Investor,Small Blend,Active,65.42551773856911,62.4065632901154,-3.0189544484537123,REVIEW,REVIEW,Q4_Both_Weak,WATCH,Stable,1,1,661,1112,590
VAW,Vanguard Materials Index Fund ETF,Natural Resources,Passive,54.30721650893846,79.46009273578206,25.152876226843595,WEAK,REVIEW,Q4_Both_Weak,WATCH,Upgraded by 2025 system,1,1,1388,387,591
DFUS,DFA Dimensional US Equity Market ETF,Large Blend,Active,60.239930483062444,68.27876366718935,8.038833184126908,REVIEW,REVIEW,Q4_Both_Weak,WATCH,Stable,1,1,968,808,592
FMAT,Fidelity MSCI Materials Index ETF,Natural Resources,Passive,54.677643603860645,78.84139160008068,24.16374799622004,WEAK,REVIEW,Q4_Both_Weak,WATCH,Upgraded by 2025 system,1,1,1371,405,592
WSCJX,Allspring Disciplined Small Cap Fd R6,Small Blend,Active,58.45890707577579,71.20603466008042,12.747127584304629,WEAK,REVIEW,Q4_Both_Weak,WATCH,Upgraded by 2025 system,0.76,0.88,1090,686,592
XSMO,Invesco S&P SmallCap Momentum ETF,Small Blend,Passive,83.39504290009661,51.50832830505476,-31.886714595041852,STRONG,WEAK,Q3_Only_2023,REVIEW,Downgraded by 2025 system,1,1,36,1740,592
APHKX,Artisan International Value Fund Institutional,Foreign Large Blend,Active,73.85575474073568,55.30980249383891,-18.545952246896768,REVIEW,WEAK,Q4_Both_Weak,WATCH,Downgraded by 2025 system,1,1,274,1504,593
ARKQ,ARK Autonomous Technology & Robotics ETF,Mid-Cap Growth,Active,60.89762442301991,67.58090142776018,6.683277004740269,REVIEW,REVIEW,Q4_Both_Weak,WATCH,Stable,0.95,1,932,848,594
BOSVX,Bridgeway Omni Small-Cap Value Fund,Small Value,Active,63.878844922995,63.85880106717462,-0.020043855820382817,REVIEW,REVIEW,Q4_Both_Weak,WATCH,Stable,1,1,749,1031,594
AVMV,Avantis US Mid Cap Value ETF,Mid-Cap Value,Active,51.5741029101353,86.29032258064517,34.716219670509865,WEAK,STRONG,Q2_Only_2025,REVIEW,Upgraded by 2025 system,0.15,0.25,1580,203,595
GII,State Street SPDR S&P Global Infrastructure ETF,Infrastructure,Passive,66.30614016838348,61.08223691899152,-5.2239032493919595,REVIEW,REVIEW,Q4_Both_Weak,WATCH,Stable,1,1,599,1184,595
IDMO,Invesco S&P Intl Developed Momentum ETF,Foreign Large Blend,Passive,88.61005584260248,50.83646647034732,-37.77358937225516,STRONG,WEAK,Q3_Only_2023,REVIEW,Downgraded by 2025 system,1,1,4,1780,596
USSG,Xtrackers MSCI USA Selection Equity ETF,Large Blend,Passive,56.8425612822941,74.03356035512111,17.19099907282701,WEAK,REVIEW,Q4_Both_Weak,WATCH,Upgraded by 2025 system,0.57,0.8444,1206,578,596
ORSIX,North Square Dynamic Small Cap Fund I,Small Blend,Active,64.60109997839854,63.005849861976074,-1.5952501164224628,REVIEW,REVIEW,Q4_Both_Weak,WATCH,Stable,1,1,704,1082,597
JUST,Goldman Sachs JUST US Large Cap Equity ETF,Large Blend,Passive,56.60618231533382,74.32756609706236,17.72138378172854,WEAK,REVIEW,Q4_Both_Weak,WATCH,Upgraded by 2025 system,0.57,0.8444,1224,563,598
VVJEX,Voya VACS Series MCV Fund,Mid-Cap Value,Active,48.529822254518606,96.37096774193549,47.84114548741688,WEAK,STRONG,Q2_Only_2025,REVIEW,Upgraded by 2025 system,0.15,0.25,1785,7,599
AVSD,Avantis Responsible International Equity ETF,Foreign Large Blend,Active,53.01972419127724,81.78923046316018,28.76950627188294,WEAK,STRONG,Q2_Only_2025,REVIEW,Upgraded by 2025 system,0.15,0.46,1477,319,600
CMEUX,Six Circles Mgd Eq Port US Uncons,Large Blend,Active,57.38951522298248,72.61977650218628,15.230261279203802,WEAK,REVIEW,Q4_Both_Weak,WATCH,Upgraded by 2025 system,0.57,0.79,1159,640,601
DIA,State Street SPDR Dow Jones Indust Avg ETF Trust,Large Value,Passive,60.42044894864962,67.7894882820732,7.369039333423572,REVIEW,REVIEW,Q4_Both_Weak,WATCH,Stable,1,1,960,839,601
JAMEX,Jamestown Equity Fund,Large Blend,Active,69.56138057301678,58.09114481159081,-11.470235761425968,REVIEW,WEAK,Q4_Both_Weak,WATCH,Downgraded by 2025 system,1,1,454,1349,602
ULVM,VictoryShares US Value Momentum ETF,Large Value,Passive,57.39457452795611,72.4659726523742,15.071398124418096,WEAK,REVIEW,Q4_Both_Weak,WATCH,Upgraded by 2025 system,0.57,0.8444,1158,645,602
SCHV,Schwab US Large-Cap Value ETF,Large Value,Passive,49.16773255742024,91.8859947529422,42.71826219552196,WEAK,STRONG,Q2_Only_2025,REVIEW,Upgraded by 2025 system,1,1,1743,62,603
JPRE,JPMorgan Realty Income ETF,Real Estate,Active,66.49106682553246,60.45937655309947,-6.031690272432989,REVIEW,REVIEW,Q4_Both_Weak,WATCH,Stable,0.37,0.77,593,1213,604
VMIAX,Vanguard Materials Index Fund Admiral,Natural Resources,Passive,54.174844992692705,78.6979367208856,24.523091728192888,WEAK,REVIEW,Q4_Both_Weak,WATCH,Upgraded by 2025 system,1,1,1397,410,605
ESGD,iShares ESG Aware MSCI EAFE ETF,Foreign Large Blend,Passive,55.06252737483717,77.15242957120057,22.089902196363404,WEAK,REVIEW,Q4_Both_Weak,WATCH,Upgraded by 2025 system,0.57,0.8444,1348,461,606
ESML,iShares ESG Aware MSCI USA Small-Cap ETF,Small Blend,Passive,51.13438262735587,86.88349516262754,35.74911253527167,WEAK,STRONG,Q2_Only_2025,REVIEW,Upgraded by 2025 system,0.57,0.8444,1621,188,606
FEDIX,Fidelity Adv Emerging Markets Discovery Fund I,Diversified Emerging Mkts,Active,74.2588285630416,54.53041864539983,-19.728409917641777,REVIEW,WEAK,Q4_Both_Weak,WATCH,Downgraded by 2025 system,1,1,255,1558,607
STRBX,Sterling Capital Behavioral Small Cap Val Eq R6,Small Value,Active,60.722802751583856,66.92517599259028,6.202373241006427,REVIEW,REVIEW,Q4_Both_Weak,WATCH,Stable,0.76,0.88,942,872,608
MFDX,PIMCO RAFI Dynamic Multi-Factor Internatl Eqty ETF,Foreign Large Blend,Passive,75.1650567756233,54.06474639943597,-21.10031037618733,REVIEW,WEAK,Q4_Both_Weak,WATCH,Downgraded by 2025 system,0.57,0.8444,230,1587,609
IEFA,iShares Core MSCI EAFE ETF,Foreign Large Blend,Passive,53.74011903252979,79.33844393484573,25.598324902315937,WEAK,REVIEW,Q4_Both_Weak,WATCH,Upgraded by 2025 system,1,1,1430,389,610
DNINX,Dunham International Stock Fund N,Foreign Large Value,Active,70.56823847409208,56.74705583631482,-13.821182637777262,REVIEW,WEAK,Q4_Both_Weak,WATCH,Downgraded by 2025 system,0.95,1,402,1418,611
AVSE,Avantis Responsible Emerging Markets Equity ETF,Diversified Emerging Mkts,Active,54.23677854629035,78.17070405148174,23.933925505191382,WEAK,REVIEW,Q4_Both_Weak,WATCH,Upgraded by 2025 system,0.15,0.46,1391,431,612
F00000V2IN,Allspring Small Company Gr,Small Growth,Active,56.875737898465175,72.83236994219652,15.956632043731346,WEAK,REVIEW,Q4_Both_Weak,WATCH,Upgraded by 2025 system,0.11,0.25,1202,628,613
IGE,iShares North American Natural Resources ETF,Natural Resources,Passive,58.59722420560073,69.53453544472409,10.937311239123353,WEAK,REVIEW,Q4_Both_Weak,WATCH,Upgraded by 2025 system,1,1,1084,746,613
DFSU,DFA Dimensional US Sustainability Core 1 ETF,Large Blend,Active,61.7641046469291,65.17673697680532,3.4126323298762173,REVIEW,REVIEW,Q4_Both_Weak,WATCH,Stable,0.15,0.46,878,953,614
FEMSX,Fidelity Series Emerging Markets Opportunities Fnd,Diversified Emerging Mkts,Active,56.4402927684884,73.61298165471199,17.17268888622359,WEAK,REVIEW,Q4_Both_Weak,WATCH,Upgraded by 2025 system,1,1,1237,598,615
LKSCX,LKCM Small Cap Equity Fund Institutional,Small Growth,Active,64.24490427645895,62.414464552658465,-1.8304397238004881,REVIEW,REVIEW,Q4_Both_Weak,WATCH,Stable,1,1,728,1111,616
MVIIX,Praxis Value Index Fund I,Large Value,Passive,63.62650882536944,63.033202223896446,-0.593306601472996,REVIEW,REVIEW,Q4_Both_Weak,WATCH,Stable,1,1,762,1081,617
DBEM,Xtrackers MSCI Em Mkts Hdg Eqty ETF,Diversified Emerging Mkts,Passive,61.33963177519258,65.50824596647182,4.168614191279239,REVIEW,REVIEW,Q4_Both_Weak,WATCH,Stable,1,1,908,938,618
GSIOX,Goldman Sachs Small Cap Growth Insights Fund Inst,Small Growth,Active,56.912056297607094,72.16047197482222,15.248415677215121,WEAK,REVIEW,Q4_Both_Weak,WATCH,Upgraded by 2025 system,1,1,1195,656,619
DUHP,DFA Dimensional US High Profitability ETF,Large Blend,Active,66.51232183044935,59.62774778199357,-6.884574048455782,REVIEW,WEAK,Q4_Both_Weak,WATCH,Stable,0.15,0.46,590,1264,620
GQEIX,GQG Partners US Select Quality Equity Fund Inst,Large Blend,Active,74.16174542020957,53.82823550101053,-20.333509919199038,REVIEW,WEAK,Q4_Both_Weak,WATCH,Downgraded by 2025 system,0.57,0.79,258,1598,621
FBGRX,Fidelity Blue Chip Growth Fund,Large Growth,Active,60.94074323261099,65.70846285214611,4.7677196195351215,REVIEW,REVIEW,Q4_Both_Weak,WATCH,Stable,1,1,929,928,622
PGRQX,PGIM Global Real Estate Fund R6,Global Real Estate,Active,62.57188656858092,63.92320070839461,1.351314139813688,REVIEW,REVIEW,Q4_Both_Weak,WATCH,Stable,1,1,829,1028,622
IGF,iShares Global Infrastructure ETF,Infrastructure,Passive,63.702105730736356,62.58290759384445,-1.119198136891903,REVIEW,REVIEW,Q4_Both_Weak,WATCH,Stable,1,1,756,1105,623
FCPIX,Fidelity Adv International Capital Apprec Fund I,Foreign Large Growth,Active,67.16851372620894,58.96924401352479,-8.19926971268415,REVIEW,WEAK,Q4_Both_Weak,WATCH,Stable,1,1,569,1297,624
FTRNX,Fidelity Trend Fund,Large Growth,Active,62.986169099034186,63.498940900023435,0.512771800989249,REVIEW,REVIEW,Q4_Both_Weak,WATCH,Stable,1,1,807,1060,625
PQCCX,PGIM Quant Solutions Mid-Cap Index Fund R6,Mid-Cap Blend,Passive,60.471435670560915,66.02392421237181,5.552488541810895,REVIEW,REVIEW,Q4_Both_Weak,WATCH,Stable,0.57,0.8444,958,909,625
TOWFX,Towpath Focus Fund Inst,Large Value,Active,67.6604594747444,58.469652239014344,-9.190807235730055,REVIEW,WEAK,Q4_Both_Weak,WATCH,Stable,0.57,0.79,546,1322,626
EPIVX,EuroPac International Value Fund A,Foreign Large Value,Active,70.26654674530259,56.08825272855159,-14.178294016751003,REVIEW,WEAK,Q4_Both_Weak,WATCH,Downgraded by 2025 system,1,1,414,1455,627
OUSM,ALPS O'Shares US Small-Cap Quality Dividend ETF,Small Blend,Passive,74.96665064925207,53.16577383300135,-21.80087681625072,REVIEW,WEAK,Q4_Both_Weak,WATCH,Downgraded by 2025 system,0.57,0.8444,234,1636,628
TVOIX,Touchstone Small Cap Value Fund Inst,Small Value,Active,64.85547989461018,61.22038496436764,-3.635094930242545,REVIEW,REVIEW,Q4_Both_Weak,WATCH,Stable,1,1,695,1176,629
VITPX,Vanguard Institutional Tot Stk Mkt Id Fd Inst Plus,Large Blend,Passive,50.796930516006654,84.97486089186341,34.17793037585676,WEAK,STRONG,Q2_Only_2025,REVIEW,Upgraded by 2025 system,1,1,1646,226,630
STSEX,BlackRock Exchange Portfolio BlackRock,Large Blend,Active,69.12326771783309,57.18268477087861,-11.940582946954478,REVIEW,WEAK,Q4_Both_Weak,WATCH,Downgraded by 2025 system,1,1,476,1398,631
FTZIX,FullerThaler Behavioral Unconstrained E Fd Inst,Mid-Cap Blend,Active,62.4764598484028,63.74401669015628,1.267556841753482,REVIEW,REVIEW,Q4_Both_Weak,WATCH,Stable,0.57,0.79,837,1039,632
DIVB,iShares Core Dividend ETF,Large Value,Passive,50.01411010824802,87.03904709259304,37.02493698434502,WEAK,STRONG,Q2_Only_2025,REVIEW,Upgraded by 2025 system,0.57,0.8444,1694,184,633
F00000QK6U,MIP International Tilts Master Portfolio,Foreign Large Blend,Active,67.86943348700089,58.11209439528023,-9.75733909172066,REVIEW,WEAK,Q4_Both_Weak,WATCH,Stable,0.15,0.25,530,1348,633
PCIEX,PACE International Equity Investments P,Foreign Large Blend,Active,68.98941686135555,57.227541422110484,-11.761875439245067,REVIEW,WEAK,Q4_Both_Weak,WATCH,Downgraded by 2025 system,1,1,486,1392,633
PMYAX,Putnam Core Equity Fund A,Large Blend,Active,66.37069629469283,59.3155798462647,-7.055116448428137,REVIEW,WEAK,Q4_Both_Weak,WATCH,Stable,1,1,598,1280,633
VSPMX,Vanguard S&P Mid-Cap 400 Index Fund Inst,Mid-Cap Blend,Passive,51.30843554871281,83.10613050443337,31.79769495572056,WEAK,STRONG,Q2_Only_2025,REVIEW,Upgraded by 2025 system,1,1,1603,277,634
DFREX,DFA Real Estate Securities Portfolio Institutional,Real Estate,Active,59.99283057419411,66.15006400787568,6.157233433681576,WEAK,REVIEW,Q4_Both_Weak,WATCH,Stable,1,1,978,903,635
SLCGX,Saratoga Large Capitalization Growth Portfolio I,Large Growth,Active,71.28727324465389,55.243199718964334,-16.044073525689555,REVIEW,WEAK,Q4_Both_Weak,WATCH,Downgraded by 2025 system,1,1,367,1514,635
FEUS,FlexShares ESG & Climate US Large Cap Core Index,Large Blend,Passive,51.78037186978609,81.7627717056191,29.982399835833014,WEAK,STRONG,Q2_Only_2025,REVIEW,Upgraded by 2025 system,0.15,0.6222,1564,320,636
CVLC,Calvert US Large-Cap Core Responsible Index ETF,Large Blend,Passive,51.53403645039793,82.1955729261395,30.661536475741578,WEAK,STRONG,Q2_Only_2025,REVIEW,Upgraded by 2025 system,0.15,0.6222,1584,302,637
IWR,iShares Russell Mid-Cap ETF,Mid-Cap Blend,Passive,50.256932509410646,85.96835603126513,35.711423521854485,WEAK,STRONG,Q2_Only_2025,REVIEW,Upgraded by 2025 system,1,1,1677,209,637
DEMIX,Nomura Emerging Markets Fund Institutional,Diversified Emerging Mkts,Active,66.16759681159274,59.272728591612534,-6.894868219980211,REVIEW,WEAK,Q4_Both_Weak,WATCH,Stable,1,1,604,1283,638
HDEF,Xtrackers MSCI EAFE Hi Dv Yld Eq ETF,Foreign Large Value,Passive,57.53133483837082,70.04073568834532,12.509400849974504,WEAK,REVIEW,Q4_Both_Weak,WATCH,Upgraded by 2025 system,1,1,1153,734,638
USMIX,Victory Extended Market Index Fund,Small Blend,Passive,52.69073171098692,79.18427449512717,26.493542784140253,WEAK,REVIEW,Q4_Both_Weak,WATCH,Upgraded by 2025 system,1,1,1494,394,639
BEMIX,Brandes Emerging Markets Value Fund I,Diversified Emerging Mkts,Active,64.4062236217826,61.24416324462902,-3.16206037715358,REVIEW,REVIEW,Q4_Both_Weak,WATCH,Stable,1,1,717,1174,640
QEMM,State Street SPDR MSCI Emerg Mkts StratFacts ETF,Diversified Emerging Mkts,Passive,56.40444999613358,72.19699915187574,15.792549155742165,WEAK,REVIEW,Q4_Both_Weak,WATCH,Upgraded by 2025 system,1,1,1240,653,641
FTIEX,Fidelity Total International Equity Fund,Foreign Large Blend,Active,67.6918380377365,58.08056368905194,-9.61127434868456,REVIEW,WEAK,Q4_Both_Weak,WATCH,Stable,1,1,544,1350,642
MEFOX,Meehan Focus Fund,Large Blend,Active,65.91004892908133,59.517654721161996,-6.392394207919331,REVIEW,WEAK,Q4_Both_Weak,WATCH,Stable,1,1,627,1268,643
VWNAX,Vanguard Windsor II Fund Admiral,Large Value,Active,61.119977330568275,64.79404271424957,3.6740653836812953,REVIEW,REVIEW,Q4_Both_Weak,WATCH,Stable,1,1,919,977,644
CSSPX,Cohen & Steers Global Realty Shares I,Global Real Estate,Active,68.38115333292062,57.28559849127603,-11.095554841644585,REVIEW,WEAK,Q4_Both_Weak,WATCH,Downgraded by 2025 system,1,1,508,1389,645
LMGNX,ClearBridge International Growth Fund I,Foreign Large Growth,Active,65.57136223079185,59.76859671053211,-5.80276552025974,REVIEW,WEAK,Q4_Both_Weak,WATCH,Stable,1,1,651,1253,646
HULEX,Huber Select Large Cap Value Fund Inst,Large Value,Active,77.43295440889975,51.14388208046699,-26.28907232843276,REVIEW,WEAK,Q4_Both_Weak,WATCH,Downgraded by 2025 system,1,1,145,1761,647
STXG,Strive 1000 Growth ETF,Large Growth,Passive,51.164778304330326,82.782948692776,31.618170388445677,WEAK,STRONG,Q2_Only_2025,REVIEW,Upgraded by 2025 system,0.15,0.6222,1618,290,648
DFVX,Dimensional US Large Cap Vector ETF,Large Value,Active,49.83613237995665,86.2796833773087,36.44355099735205,WEAK,STRONG,Q2_Only_2025,REVIEW,Upgraded by 2025 system,0.15,0.25,1704,205,649
NULG,Nuveen ESG Large-Cap Growth ETF,Large Growth,Passive,55.816153650339054,73.26572666219174,17.449573011852685,WEAK,REVIEW,Q4_Both_Weak,WATCH,Upgraded by 2025 system,0.57,0.8444,1296,613,649
FMKFX,Fidelity Magellan K6 Fund,Large Growth,Active,63.413907556705496,62.07489448885053,-1.3390130678549639,REVIEW,REVIEW,Q4_Both_Weak,WATCH,Stable,0.57,0.79,780,1130,650
LCTU,iShares US Carbon Transition Readiness Awr Act ETF,Large Blend,Active,65.16895031836563,60.143440487958,-5.025509830407628,REVIEW,REVIEW,Q4_Both_Weak,WATCH,Stable,0.15,0.46,677,1233,650
FSKAX,Fidelity Total Market Index Fund,Large Blend,Passive,50.22417148764091,84.76249014444416,34.53831865680325,WEAK,STRONG,Q2_Only_2025,REVIEW,Upgraded by 2025 system,1,1,1679,232,651
SWLVX,Schwab US Large-Cap Value Index Fund,Large Value,Passive,47.58900184428152,92.031931319306,44.44292947502448,WEAK,STRONG,Q2_Only_2025,REVIEW,Upgraded by 2025 system,0.57,0.8444,1857,55,652
QARP,Xtrackers Russell 1000 US Qlty at a Rsnbl Prce ETF,Large Blend,Passive,67.43279031261653,57.830883147656245,-9.601907164960288,REVIEW,WEAK,Q4_Both_Weak,WATCH,Stable,0.57,0.8444,557,1358,653
ARMIX,Arga Emerging Markets Value Fund Inst,Diversified Emerging Mkts,Active,56.91529788266825,70.282231375976,13.366933493307748,WEAK,REVIEW,Q4_Both_Weak,WATCH,Upgraded by 2025 system,0.15,0.46,1194,724,654
HASCX,Harbor Small Cap Value Fund Institutional,Small Blend,Active,68.29426770206815,56.98407640813736,-11.310191293930792,REVIEW,WEAK,Q4_Both_Weak,WATCH,Downgraded by 2025 system,1,1,513,1406,655
FDRR,Fidelity Dividend ETF for Rising Rates,Large Value,Passive,60.37435988486736,65.12180775358726,4.747447868719902,REVIEW,REVIEW,Q4_Both_Weak,WATCH,Stable,0.57,0.8444,962,958,656
PVFIX,Bertolet Pinnacle Value Fund,Small Value,Active,69.14944613008751,56.25882090612889,-12.890625223958622,REVIEW,WEAK,Q4_Both_Weak,WATCH,Downgraded by 2025 system,1,1,473,1448,657
CFGRX,Commerce Growth Fund,Large Growth,Active,70.92941642348475,54.78566762377092,-16.143748799713833,REVIEW,WEAK,Q4_Both_Weak,WATCH,Downgraded by 2025 system,1,1,384,1539,658
FUSIX,Fidelity Strategic Advisers Fidelity Intl Fund,Foreign Large Blend,Active,65.85668245819843,59.037865225694134,-6.818817232504301,REVIEW,WEAK,Q4_Both_Weak,WATCH,Stable,1,1,630,1294,659
JGVVX,JPMorgan Growth Advantage Fund R6,Large Growth,Active,65.83000319306949,59.0748581217028,-6.755145071366684,REVIEW,WEAK,Q4_Both_Weak,WATCH,Stable,1,1,632,1293,660
NWHFX,Nationwide Bailard Small Cap Value Fund M,Small Value,Active,57.91044107140478,68.39727547089262,10.48683439948784,WEAK,REVIEW,Q4_Both_Weak,WATCH,Upgraded by 2025 system,1,1,1125,801,661
FIMKX,Fidelity Advisor Focused Emerging Markets Fund I,Diversified Emerging Mkts,Active,66.50005432140699,58.33510782030103,-8.164946501105959,REVIEW,WEAK,Q4_Both_Weak,WATCH,Stable,1,1,591,1338,662
REMVX,RBC Emerging Markets Value Equity Fund I,Diversified Emerging Mkts,Active,64.00191694268085,60.95700304912112,-3.0449138935597304,REVIEW,REVIEW,Q4_Both_Weak,WATCH,Stable,0.57,0.79,740,1189,662
EELV,Invesco S&P Emerging Markets Low Volatility ETF,Diversified Emerging Mkts,Passive,67.56083832591821,57.466852756676666,-10.093985569241546,REVIEW,WEAK,Q4_Both_Weak,WATCH,Downgraded by 2025 system,1,1,551,1381,663
SCHB,Schwab US Broad Market ETF,Large Blend,Passive,49.89500199165492,84.76742038123007,34.872418389575145,WEAK,STRONG,Q2_Only_2025,REVIEW,Upgraded by 2025 system,1,1,1701,231,663
FCMVX,Fidelity Mid Cap Value K6 Fund,Mid-Cap Value,Active,59.03202845735203,66.68456010732484,7.652531649972815,WEAK,REVIEW,Q4_Both_Weak,WATCH,Stable,0.57,0.79,1051,882,664
INTF,iShares International Equity Factor ETF,Foreign Large Blend,Passive,56.864354594275,70.18534078185361,13.320986187578612,WEAK,REVIEW,Q4_Both_Weak,WATCH,Upgraded by 2025 system,1,1,1204,729,664
NQCRX,Nuveen Large Cap Value Opportunities Fund I,Large Value,Active,61.84119891219553,63.38026547213539,1.5390665599398616,REVIEW,REVIEW,Q4_Both_Weak,WATCH,Stable,1,1,869,1064,664
ACWDX,AMG GW&K Small/Mid Cap Growth Fund N,Small Growth,Active,64.58992444284134,60.18023293092703,-4.409691511914303,REVIEW,REVIEW,Q4_Both_Weak,WATCH,Stable,1,1,706,1230,665
GMAPX,Goldman Sachs Small Cap Equity Insights Fund P,Small Blend,Active,59.76634072906833,65.40761641338374,5.641275684315403,WEAK,REVIEW,Q4_Both_Weak,WATCH,Stable,0.76,0.88,994,942,665
FRDM,Freedom 100 Emerging Markets ETF,Diversified Emerging Mkts,Passive,76.22756389078687,51.29924258557802,-24.928321305208847,REVIEW,WEAK,Q4_Both_Weak,WATCH,Downgraded by 2025 system,0.57,0.8444,185,1752,666
FGOMX,Fidelity Strategic Advisers Fidelity EM Fund,Diversified Emerging Mkts,Active,58.26658104208735,67.90743892217002,9.640857880082663,WEAK,REVIEW,Q4_Both_Weak,WATCH,Stable,0.57,0.79,1105,833,667
TSWEX,TSW Large Cap Value Fund Institutional,Large Value,Active,68.6216801325064,56.34777289737119,-12.273907235135205,REVIEW,WEAK,Q4_Both_Weak,WATCH,Downgraded by 2025 system,1,1,500,1438,667
MINJX,MFS International Intrinsic Value Fund R6,Foreign Large Blend,Active,67.3331208567847,57.525559290736986,-9.807561566047717,REVIEW,WEAK,Q4_Both_Weak,WATCH,Stable,1,1,563,1376,668
DEM,WisdomTree Emerging Markets High Dividend Fund,Diversified Emerging Mkts,Passive,74.81069608615839,52.076823105835516,-22.73387298032287,REVIEW,WEAK,Q4_Both_Weak,WATCH,Downgraded by 2025 system,1,1,242,1698,669
WBSIX,William Blair Small Cap Growth Fund I,Small Growth,Active,66.69397649465213,57.821584666606874,-8.87239182804526,REVIEW,WEAK,Q4_Both_Weak,WATCH,Stable,1,1,582,1359,670
DFLV,DFA Dimensional US Large Cap Value ETF,Large Value,Active,60.37648447022568,64.70851884058251,4.332034370356837,REVIEW,REVIEW,Q4_Both_Weak,WATCH,Stable,0.15,0.46,961,981,671
KGIIX,Kopernik International Fund I,Foreign Large Value,Active,71.7410654615088,53.99836940771192,-17.742696053796877,REVIEW,WEAK,Q4_Both_Weak,WATCH,Downgraded by 2025 system,1,1,354,1589,672
TLTE,FlexShares Morningstar Em Mkts Factors Tilt Idx,Diversified Emerging Mkts,Passive,55.95563759048458,71.90220563589325,15.946568045408675,WEAK,REVIEW,Q4_Both_Weak,WATCH,Upgraded by 2025 system,1,1,1280,666,673
FEMYX,Fidelity Series Sustainable Emerging Markets Fund,Diversified Emerging Mkts,Active,46.74186765659107,96.7065868263473,49.964719169756236,WEAK,STRONG,Q2_Only_2025,REVIEW,Upgraded by 2025 system,0.15,0.25,1941,6,674
GQRE,FlexShares Global Quality Real Estate Index Fund,Global Real Estate,Passive,58.346298317776714,67.28685632057699,8.940558002800273,WEAK,REVIEW,Q4_Both_Weak,WATCH,Stable,1,1,1097,854,675
PKAIX,PIMCO RAE US Fund Institutional,Large Value,Active,63.0571251155004,61.79848466345668,-1.2586404520437213,REVIEW,REVIEW,Q4_Both_Weak,WATCH,Stable,1,1,804,1147,675
IQSI,NYLI Candriam International Equity ETF,Foreign Large Blend,Passive,52.36951879148837,78.07726441365779,25.70774562216942,WEAK,REVIEW,Q4_Both_Weak,WATCH,Upgraded by 2025 system,0.57,0.8444,1517,435,676
DFAS,DFA Dimensional US Small Cap ETF,Small Blend,Active,61.78529445893922,63.1022224647876,1.316928005848382,REVIEW,REVIEW,Q4_Both_Weak,WATCH,Stable,1,1,874,1079,677
MUHLX,Muhlenkamp Fund,Large Value,Active,68.3534245513683,56.33278220904242,-12.020642342325885,REVIEW,WEAK,Q4_Both_Weak,WATCH,Downgraded by 2025 system,1,1,510,1443,677
RERGX,American Funds EUPAC Fund R6,Foreign Large Growth,Active,59.879527225465715,64.97456743723025,5.095040211764534,WEAK,REVIEW,Q4_Both_Weak,WATCH,Stable,1,1,986,967,677
DURPX,DFA US High Relative Profitability Portfolio Instl,Large Blend,Active,67.5514204682408,57.02807449763516,-10.523345970605646,REVIEW,WEAK,Q4_Both_Weak,WATCH,Downgraded by 2025 system,0.57,0.79,553,1402,678
HHDFX,Hamlin High Dividend Equity Fund Inst,Large Value,Active,69.79332681302047,55.19536016402557,-14.597966648994898,REVIEW,WEAK,Q4_Both_Weak,WATCH,Downgraded by 2025 system,1,1,442,1516,679
PIEQX,T Rowe Price International Equity Index Fund,Foreign Large Blend,Passive,57.36104219863225,68.46700674558,11.105964546947746,WEAK,REVIEW,Q4_Both_Weak,WATCH,Upgraded by 2025 system,1,1,1164,794,679
EQL,Alps Equal Sector Weight ETF,Large Value,Passive,67.56055760318324,56.941123435193795,-10.619434167989446,REVIEW,WEAK,Q4_Both_Weak,WATCH,Downgraded by 2025 system,1,1,552,1407,680
INCE,Franklin Income Equity Focus ETF,Large Value,Active,61.72609215471976,63.14212982312931,1.416037668409551,REVIEW,REVIEW,Q4_Both_Weak,WATCH,Stable,0.57,0.79,882,1077,680
NWAVX,Nationwide GQG US Quality Equity Fund R6,Large Blend,Active,71.63882813115322,53.69221139770948,-17.94661673344374,REVIEW,WEAK,Q4_Both_Weak,WATCH,Downgraded by 2025 system,0.57,0.79,358,1601,680
EFG,iShares MSCI EAFE Growth ETF,Foreign Large Growth,Passive,50.939872840908066,81.68903769888635,30.749164857978286,WEAK,STRONG,Q2_Only_2025,REVIEW,Upgraded by 2025 system,1,1,1636,324,681
AVMC,Avantis US Mid Cap Equity ETF,Mid-Cap Blend,Active,50.482284630880436,82.44897959183673,31.966694960956296,WEAK,STRONG,Q2_Only_2025,REVIEW,Upgraded by 2025 system,0.15,0.25,1666,296,682
FNDMX,Fidelity Series Sustainable Non-US Developed Mkt,Foreign Large Blend,Active,46.43369264233505,97.6401179941003,51.20642535176524,WEAK,STRONG,Q2_Only_2025,REVIEW,Upgraded by 2025 system,0.15,0.25,1960,4,683
VSMPX,Vanguard Total Stock Market Index Fund Inst +,Large Blend,Passive,49.09700697659814,85.3542585434125,36.25725156681436,WEAK,STRONG,Q2_Only_2025,REVIEW,Upgraded by 2025 system,1,1,1749,220,684
RWO,State Street SPDR Dow Jones Global Real Estate ETF,Global Real Estate,Passive,52.1280395575824,78.18106653590952,26.053026978327125,WEAK,REVIEW,Q4_Both_Weak,WATCH,Upgraded by 2025 system,1,1,1541,430,685
SPXUX,WisdomTree 500 Digital Fund,Large Blend,Passive,49.04808755708596,85.5423332804667,36.49424572338075,WEAK,STRONG,Q2_Only_2025,REVIEW,Upgraded by 2025 system,0.15,0.6222,1754,217,685
NOEMX,Northern Emerging Markets Equity Index Fund,Diversified Emerging Mkts,Passive,47.824369313878464,89.18644875168418,41.36207943780572,WEAK,STRONG,Q2_Only_2025,REVIEW,Upgraded by 2025 system,1,1,1840,132,686
DUSQX,DFA US Large Cap Equity Portfolio Inst,Large Blend,Active,58.99865798144006,65.85489950283174,6.856241521391681,WEAK,REVIEW,Q4_Both_Weak,WATCH,Stable,1,1,1053,920,687
RSIYX,Victory RS Investors Fund Y,Mid-Cap Blend,Active,68.8558025377,55.703832402333674,-13.151970135366327,REVIEW,WEAK,Q4_Both_Weak,WATCH,Downgraded by 2025 system,1,1,493,1480,687
CUSUX,Six Circles U.S. Unconstrained Equity,Large Blend,Active,55.38200130635653,72.30180411385545,16.919802807498925,WEAK,REVIEW,Q4_Both_Weak,WATCH,Upgraded by 2025 system,0.57,0.79,1327,650,688
EICIX,EIC Value Fund Inst,Large Value,Active,71.61044178165795,53.40980886103136,-18.200632920626596,REVIEW,WEAK,Q4_Both_Weak,WATCH,Downgraded by 2025 system,1,1,359,1618,688
LRGF,iShares US Equity Factor ETF,Large Blend,Passive,53.23027843497752,76.04491639579484,22.814637960817322,WEAK,REVIEW,Q4_Both_Weak,WATCH,Upgraded by 2025 system,1,1,1469,508,688
NSCRX,Nuveen Small Cap Value Opportunities Fund I,Small Blend,Active,62.762601201563314,61.53343343856129,-1.2291677630020246,REVIEW,REVIEW,Q4_Both_Weak,WATCH,Stable,1,1,817,1161,689
DWMF,WisdomTree International Multifactor Fund,Foreign Large Value,Active,59.75742254680133,64.70030771400225,4.94288516720092,WEAK,REVIEW,Q4_Both_Weak,WATCH,Stable,0.57,0.79,997,982,690
FVAL,Fidelity Value Factor ETF,Large Value,Passive,59.64830436993787,64.7600611876905,5.111756817752628,WEAK,REVIEW,Q4_Both_Weak,WATCH,Stable,0.57,0.8444,1003,979,691
ILCB,iShares Morningstar US Equity ETF,Large Blend,Passive,48.8207432459004,85.38842024070932,36.56767699480892,WEAK,STRONG,Q2_Only_2025,REVIEW,Upgraded by 2025 system,1,1,1767,218,692
JOPPX,Johnson Opportunity Fund I,Small Blend,Active,70.23304728823676,54.3539601142311,-15.879087174005662,REVIEW,WEAK,Q4_Both_Weak,WATCH,Downgraded by 2025 system,1,1,415,1570,692
MGMT,Ballast Small/Mid Cap ETF,Small Blend,Active,68.11909449903422,55.900021138136054,-12.219073360898165,REVIEW,WEAK,Q4_Both_Weak,WATCH,Downgraded by 2025 system,0.57,0.79,519,1466,692
FISPX,Federated Hermes Max-Cap Index Fund Institutional,Large Blend,Passive,62.7456891903342,61.37836181753833,-1.3673273727958701,REVIEW,REVIEW,Q4_Both_Weak,WATCH,Stable,1,1,819,1168,693
FNKIX,Frank Value Fund Instl,Mid-Cap Value,Active,68.56092211616144,55.613094588205556,-12.94782752795588,REVIEW,WEAK,Q4_Both_Weak,WATCH,Downgraded by 2025 system,1,1,502,1485,693
FOSFX,Fidelity Overseas Fund,Foreign Large Growth,Active,63.93940189287915,59.943988448327126,-3.995413444552021,REVIEW,WEAK,Q4_Both_Weak,WATCH,Stable,1,1,746,1241,693
BKTSX,iShares Total US Stock Market Index Fund K,Large Blend,Passive,49.40184967201143,83.69340524277224,34.29155557076081,WEAK,STRONG,Q2_Only_2025,REVIEW,Upgraded by 2025 system,1,1,1732,256,694
CCNR,ALPS/CoreCommodity Natural Resources ETF,Natural Resources,Active,51.415511352220214,79.20792079207921,27.792409439858993,WEAK,REVIEW,Q4_Both_Weak,WATCH,Upgraded by 2025 system,0.15,0.25,1595,393,694
KSMIX,KEELEY Gabelli SMID Cap Value Fund I,Small Value,Active,64.02790448928387,59.773315582941464,-4.254588906342406,REVIEW,WEAK,Q4_Both_Weak,WATCH,Stable,1,1,739,1252,695
VGSR,Vert Global Sustainable Real Estate ETF,Global Real Estate,Active,59.303251226755634,65.05931275157451,5.756061524818875,WEAK,REVIEW,Q4_Both_Weak,WATCH,Stable,0.57,0.79,1031,960,695
FEDM,FlexShares ESG & Climate Dev Mkts ex-US Core Ix Fd,Foreign Large Blend,Passive,52.460044763117885,76.77126073061794,24.311215967500054,WEAK,REVIEW,Q4_Both_Weak,WATCH,Upgraded by 2025 system,0.15,0.6222,1512,480,696
XMHQ,Invesco S&P MidCap Quality ETF,Mid-Cap Blend,Passive,75.41252128305092,50.85875377920854,-24.55376750384238,REVIEW,WEAK,Q4_Both_Weak,WATCH,Downgraded by 2025 system,1,1,214,1779,697
BDOKX,iShares MSCI Total International Index Fund K,Foreign Large Blend,Passive,48.099668851643514,87.24725576894174,39.14758691729823,WEAK,STRONG,Q2_Only_2025,REVIEW,Upgraded by 2025 system,1,1,1818,178,698
EMXF,iShares ESG Advanced MSCI EM ETF,Diversified Emerging Mkts,Passive,50.80979374408364,80.44093960085895,29.631145856775312,WEAK,STRONG,Q2_Only_2025,REVIEW,Upgraded by 2025 system,0.57,0.8444,1644,352,698
REGL,ProShares S&P MidCap 400 Dividend Aristocrats ETF,Small Value,Passive,75.42836988255027,50.765846179232796,-24.662523703317476,REVIEW,WEAK,Q4_Both_Weak,WATCH,Downgraded by 2025 system,1,1,213,1783,698
WFILX,Allspring Index Fund A,Large Blend,Passive,59.491427920805165,64.798315645972,5.306887725166831,WEAK,REVIEW,Q4_Both_Weak,WATCH,Stable,1,1,1020,976,698
MSXAX,NYLI S&P 500 Index Fund A,Large Blend,Passive,61.40339334373736,62.72804686195883,1.3246535182214672,REVIEW,REVIEW,Q4_Both_Weak,WATCH,Stable,1,1,903,1095,699
DVRUX,UBS US Dividend Ruler Fund P,Large Value,Active,65.19152325343065,58.44393532583467,-6.747587927595973,REVIEW,WEAK,Q4_Both_Weak,WATCH,Stable,0.57,0.79,676,1324,700
JVLIX,John Hancock Disciplined Value Fund I,Large Value,Active,63.516043965810184,60.16983599335241,-3.3462079724577762,REVIEW,REVIEW,Q4_Both_Weak,WATCH,Stable,1,1,770,1231,701
ILOW,AB International Low Volatility Equity ETF,Foreign Large Blend,Active,64.41524699289558,59.18603678107653,-5.229210211819044,REVIEW,WEAK,Q4_Both_Weak,WATCH,Stable,1,1,716,1286,702
MSCGX,Mercer US Small/Mid Cap Equity Fund Y-3,Small Blend,Active,64.87700204729782,58.64683938566239,-6.230162661635433,REVIEW,WEAK,Q4_Both_Weak,WATCH,Stable,1,1,694,1309,703
PVAL,Putnam Focused Large Cap Value ETF,Large Value,Active,58.94562757267947,65.3605699411281,6.414942368448635,WEAK,REVIEW,Q4_Both_Weak,WATCH,Stable,0.15,0.46,1058,946,704
FDEV,Fidelity International Multifactor ETF,Foreign Large Blend,Passive,63.97364363183464,59.64970810242611,-4.32393552940853,REVIEW,WEAK,Q4_Both_Weak,WATCH,Stable,0.57,0.8444,742,1263,705
CEFIX,Calvert Emerging Markets Advancement Fund I,Diversified Emerging Mkts,Active,62.77922965710714,60.92734739322611,-1.8518822638810306,REVIEW,REVIEW,Q4_Both_Weak,WATCH,Stable,0.89,0.88,815,1192,706
DFAU,DFA Dimensional US Core Equity Market ETF,Large Blend,Active,60.42137404273108,63.642996802808064,3.2216227600769827,REVIEW,REVIEW,Q4_Both_Weak,WATCH,Stable,0.57,0.79,959,1048,706
VTI,Vanguard Total Stock Market Index Fund ETF,Large Blend,Passive,48.62383028766048,84.84247991455233,36.218649626891846,WEAK,STRONG,Q2_Only_2025,REVIEW,Upgraded by 2025 system,1,1,1779,230,707
CREEX,Columbia Real Estate Equity Fund I,Real Estate,Active,63.23563614697548,60.42652859949548,-2.8091075474800036,REVIEW,REVIEW,Q4_Both_Weak,WATCH,Stable,1,1,796,1215,708
FNSTX,Fidelity Infrastructure Fund,Infrastructure,Active,64.39282881288206,58.927474523817146,-5.465354289064912,REVIEW,WEAK,Q4_Both_Weak,WATCH,Stable,0.57,0.79,719,1300,709
SNTCX,Steward Values Enhanced International Fund Inst,Foreign Large Blend,Active,63.36097519265177,60.11973993703017,-3.2412352556216035,REVIEW,REVIEW,Q4_Both_Weak,WATCH,Stable,1,1,785,1234,709
BBTGX,Sterling Capital Behavioral Large Cap Val Eq A,Large Value,Active,63.92965488935284,59.44808116603061,-4.481573723322228,REVIEW,WEAK,Q4_Both_Weak,WATCH,Stable,1,1,747,1275,710
MXI,iShares Global Materials ETF,Natural Resources,Passive,52.5688292401875,75.55393079385753,22.985101553670034,WEAK,REVIEW,Q4_Both_Weak,WATCH,Upgraded by 2025 system,1,1,1505,519,711
FISVX,Fidelity Small Cap Value Index Fund,Small Value,Passive,45.80139434252242,93.30668519384803,47.505290851325604,WEAK,STRONG,Q2_Only_2025,REVIEW,Upgraded by 2025 system,0.57,0.8444,1995,30,712
FSUVX,Fidelity SAI US Low Volatility Index Fund,Large Blend,Passive,63.646422336745424,59.55711760889978,-4.089304727845644,REVIEW,WEAK,Q4_Both_Weak,WATCH,Stable,1,1,761,1266,713
GXUS,Goldman Sachs MarketBeta Total Internatl Eqty ETF,Foreign Large Blend,Passive,49.90473381383543,81.42309636436337,31.518362550527947,WEAK,STRONG,Q2_Only_2025,REVIEW,Upgraded by 2025 system,0.15,0.5111,1699,328,713
SWTSX,Schwab Total Stock Market Index Fund,Large Blend,Passive,48.64615833857555,83.91504621799547,35.268887879419914,WEAK,STRONG,Q2_Only_2025,REVIEW,Upgraded by 2025 system,1,1,1777,251,714
EEMX,State Street SPDR MSCI EM Fossil Fuel Res Fr ETF,Diversified Emerging Mkts,Passive,50.07153148965868,80.96154827522135,30.890016785562665,WEAK,STRONG,Q2_Only_2025,REVIEW,Upgraded by 2025 system,0.57,0.8444,1690,339,715
HOMPX,HW Opportunities MP Fund,Mid-Cap Value,Active,56.6120679272552,68.29864215990327,11.68657423264807,WEAK,REVIEW,Q4_Both_Weak,WATCH,Upgraded by 2025 system,0.57,0.79,1223,807,716
MIRSX,Victory Integrity Small/Mid-Cap Value Fund R6,Small Value,Active,65.25412706593761,57.77862009222374,-7.47550697371387,REVIEW,WEAK,Q4_Both_Weak,WATCH,Stable,1,1,668,1363,717
DSCLX,DFA International Social Core Eqty Portfolio Inst,Foreign Large Blend,Active,56.303275012486196,68.55595185347032,12.252676840984122,WEAK,REVIEW,Q4_Both_Weak,WATCH,Upgraded by 2025 system,1,1,1248,786,718
SUSL,iShares ESG MSCI USA Leaders ETF,Large Blend,Passive,53.49369744454295,73.93196488844751,20.438267443904557,WEAK,REVIEW,Q4_Both_Weak,WATCH,Upgraded by 2025 system,0.57,0.8444,1450,584,718
EIVIX,Allspring Special Large Cap Value Fund Inst,Large Value,Active,60.91546308957179,62.570665235442256,1.6552021458704687,REVIEW,REVIEW,Q4_Both_Weak,WATCH,Stable,1,1,931,1106,719
DFGEX,DFA Global Real Estate Securities Portfolio,Global Real Estate,Active,64.1466423057258,58.75780120540324,-5.388841100322566,REVIEW,WEAK,Q4_Both_Weak,WATCH,Stable,1,1,732,1306,720
GWILX,Glenmede SMID Core Equity Portfolio Adv,Small Blend,Active,63.95332926755694,59.013233558041854,-4.940095709515084,REVIEW,WEAK,Q4_Both_Weak,WATCH,Stable,1,1,743,1295,720
SCHA,Schwab US Small-Cap ETF,Small Blend,Passive,46.9377965081664,89.62168959745817,42.68389308929177,WEAK,STRONG,Q2_Only_2025,REVIEW,Upgraded by 2025 system,1,1,1922,116,720
FDM,First Trust Dow Jones Select MicroCap Index Fund,Small Value,Passive,72.15336767562641,51.963304832987234,-20.19006284263918,REVIEW,WEAK,Q4_Both_Weak,WATCH,Downgraded by 2025 system,1,1,337,1702,721
FICGX,Cantor Fitzgerald Large Cap Focused Fund A,Large Growth,Active,73.43516177106925,51.31380924003429,-22.121352531034958,REVIEW,WEAK,Q4_Both_Weak,WATCH,Downgraded by 2025 system,1,1,290,1751,722
NGJFX,Nuveen Global Real Estate Securities Fund R6,Global Real Estate,Active,65.90422225335595,56.71408143643634,-9.190140816919616,REVIEW,WEAK,Q4_Both_Weak,WATCH,Stable,0.57,0.79,628,1422,723
SPFIX,Shelton S&P 500 Index Fund Investor,Large Blend,Passive,61.354286967602114,61.80017356724286,0.44588659964074395,REVIEW,REVIEW,Q4_Both_Weak,WATCH,Stable,1,1,906,1145,724
AVSU,Avantis Responsible US Equity ETF,Large Blend,Active,58.59773869954851,64.96161570448953,6.363877004941024,WEAK,REVIEW,Q4_Both_Weak,WATCH,Stable,0.15,0.46,1083,969,725
IRSAX,Nomura Real Estate Securities Fund A,Real Estate,Active,65.99640213541898,56.537169768420846,-9.45923236699813,REVIEW,WEAK,Q4_Both_Weak,WATCH,Stable,1,1,619,1434,726
TIHIX,Transamerica International Stock I2,Foreign Large Value,Active,65.6241366054469,56.98984012865601,-8.634296476790894,REVIEW,WEAK,Q4_Both_Weak,WATCH,Stable,0.57,0.79,648,1405,726
BKSE,BNY Mellon US Small Cap Core Equity ETF,Small Blend,Passive,47.89832146923273,85.11045346879864,37.21213199956591,WEAK,STRONG,Q2_Only_2025,REVIEW,Upgraded by 2025 system,0.57,0.8444,1831,223,727
QISGX,Federated Hermes MDT Small Cap Growth Fund Inst,Small Growth,Active,59.40679195118046,63.9227587953058,4.515966844125344,WEAK,REVIEW,Q4_Both_Weak,WATCH,Stable,1,1,1026,1029,728
RIGGX,American Funds International Gro & Inc Fd R6,Foreign Large Blend,Active,62.53531827081786,60.28700768337267,-2.2483105874451894,REVIEW,REVIEW,Q4_Both_Weak,WATCH,Stable,1,1,833,1223,729
QGRPX,UBS US Quality Growth At Reasonable Price Fund P,Large Growth,Active,67.80362577093308,55.167561021285735,-12.636064749647346,REVIEW,WEAK,Q4_Both_Weak,WATCH,Downgraded by 2025 system,0.57,0.79,537,1520,730
HWAIX,Hotchkis & Wiley Value Opportunities Fund I,Mid-Cap Value,Active,69.10417647090993,54.074990128953736,-15.029186341956198,REVIEW,WEAK,Q4_Both_Weak,WATCH,Downgraded by 2025 system,1,1,479,1585,731
MCMVX,Monongahela All Cap Value Fund,Mid-Cap Value,Active,64.89905667654835,57.60342525872868,-7.295631417819678,REVIEW,WEAK,Q4_Both_Weak,WATCH,Stable,1,1,691,1373,731
AADR,AdvisorShares Dorsey Wright ADR ETF,Foreign Large Growth,Active,65.93034110907318,56.34263899021305,-9.587702118860136,REVIEW,WEAK,Q4_Both_Weak,WATCH,Stable,1,1,625,1440,732
IJH,iShares Core S&P Mid-Cap ETF,Mid-Cap Blend,Passive,49.04690480737554,82.01191101619072,32.96500620881518,WEAK,STRONG,Q2_Only_2025,REVIEW,Upgraded by 2025 system,1,1,1755,312,733
VRTPX,Vanguard Real Estate II Index Fund Institutional +,Real Estate,Passive,45.59810302730503,91.90873406422926,46.310631036924235,WEAK,STRONG,Q2_Only_2025,REVIEW,Upgraded by 2025 system,0.57,0.8444,2007,60,733
OSCYX,Invesco Main Street Small Cap Fund Y,Small Blend,Active,63.56147515952399,58.810314971200775,-4.751160188323212,REVIEW,WEAK,Q4_Both_Weak,WATCH,Stable,1,1,767,1304,734
JLPSX,JPMorgan US Large Cap Core Plus Fund I,Large Blend,Active,69.02453277010748,53.98099243768804,-15.043540332419447,REVIEW,WEAK,Q4_Both_Weak,WATCH,Downgraded by 2025 system,1,1,482,1590,735
NBSMX,Neuberger Small Cap Growth Fund Inst,Small Growth,Active,61.13182230973837,61.62440117548429,0.49257886574591936,REVIEW,REVIEW,Q4_Both_Weak,WATCH,Stable,1,1,917,1155,735
CAMWX,Cambiar Opportunity Fund Institutional,Large Value,Active,64.78071195774542,57.53259305850016,-7.248118899245263,REVIEW,WEAK,Q4_Both_Weak,WATCH,Stable,1,1,701,1375,736
AFMC,First Trust Active Factor Mid Cap ETF,Mid-Cap Blend,Active,59.93801952585751,62.70638862819604,2.768369102338525,WEAK,REVIEW,Q4_Both_Weak,WATCH,Stable,0.57,0.79,981,1097,737
GSSC,Goldman Sachs ActiveBeta US Small Cap Equity ETF,Small Blend,Passive,52.11941206326792,75.07624264313873,22.956830579870804,WEAK,REVIEW,Q4_Both_Weak,WATCH,Upgraded by 2025 system,0.57,0.8444,1542,537,738
TILVX,Nuveen Large Cap Value Index Fund R6,Large Value,Passive,45.609884286698104,91.62319059268663,46.01330630598852,WEAK,STRONG,Q2_Only_2025,REVIEW,Upgraded by 2025 system,1,1,2005,74,738
SAHMX,SA International Value Fund,Foreign Large Value,Active,64.57512911555901,57.53681355952348,-7.038315556035528,REVIEW,WEAK,Q4_Both_Weak,WATCH,Stable,1,1,707,1374,739
VFVA,Vanguard US Value Factor ETF,Mid-Cap Value,Active,58.15436169247118,64.8272466935611,6.672885001089917,WEAK,REVIEW,Q4_Both_Weak,WATCH,Stable,0.57,0.79,1109,975,740
LOPP,Gabelli Love Our Planet & People ETF,Mid-Cap Blend,Active,54.07094477234329,71.30766589603313,17.23672112368984,WEAK,REVIEW,Q4_Both_Weak,WATCH,Upgraded by 2025 system,0.57,0.79,1404,682,741
PGJZX,PGIM Jennison Global Infrastructure Fund Z,Infrastructure,Active,64.17822147751639,57.93911611997618,-6.239105357540211,REVIEW,WEAK,Q4_Both_Weak,WATCH,Stable,1,1,731,1355,741
DFSI,DFA Dimensional Intl Sustainability Core 1 ETF,Foreign Large Blend,Active,54.4884758389998,70.66123756461955,16.172761725619758,WEAK,REVIEW,Q4_Both_Weak,WATCH,Upgraded by 2025 system,0.15,0.46,1381,707,742
AVUQ,Avantis US Quality ETF,Large Growth,Active,45.15227361074048,92.512077294686,47.359803683945515,WEAK,STRONG,Q2_Only_2025,REVIEW,Upgraded by 2025 system,0.15,0.25,2046,44,743
FNY,First Trust Mid Cap Growth AlphaDEX Fund,Mid-Cap Growth,Passive,71.2043017184304,51.7798759532169,-19.4244257652135,REVIEW,WEAK,Q4_Both_Weak,WATCH,Downgraded by 2025 system,1,1,371,1719,743
QQQJ,Invesco NASDAQ Next Gen 100 ETF,Mid-Cap Growth,Passive,52.353077222074404,74.24045433427486,21.887377112200454,WEAK,REVIEW,Q4_Both_Weak,WATCH,Upgraded by 2025 system,0.57,0.8444,1521,569,743
SPSM,State Street SPDR Portfolio S&P 600 Small Cap ETF,Small Blend,Passive,51.3810712105101,76.44606898290593,25.064997772395827,WEAK,REVIEW,Q4_Both_Weak,WATCH,Upgraded by 2025 system,1,1,1598,493,744
VNVYX,Natixis Vaughan Nelson Mid Cap Fund Y,Mid-Cap Blend,Active,61.76661931348693,60.43840490516696,-1.3282144083199654,REVIEW,REVIEW,Q4_Both_Weak,WATCH,Stable,1,1,877,1214,744
XMLV,Invesco S&P MidCap Low Volatility ETF,Small Blend,Passive,69.9158342388016,52.692672868811094,-17.2231613699905,REVIEW,WEAK,Q4_Both_Weak,WATCH,Downgraded by 2025 system,1,1,431,1660,744
JMGMX,JPMorgan Mid Cap Growth Fund R6,Mid-Cap Growth,Active,64.922835094121,57.00800914894227,-7.914825945178727,REVIEW,WEAK,Q4_Both_Weak,WATCH,Stable,1,1,690,1403,745
VFTNX,Vanguard FTSE Social Index Fund Institutional,Large Blend,Passive,51.12688800654466,76.98861528886042,25.861727282315755,WEAK,REVIEW,Q4_Both_Weak,WATCH,Upgraded by 2025 system,1,1,1623,470,745
ROAM,Hartford Multifactor Emerging Markets ETF,Diversified Emerging Mkts,Passive,62.1250469187796,59.959825335330144,-2.1652215834494584,REVIEW,WEAK,Q4_Both_Weak,WATCH,Stable,0.95,1,856,1240,746
DHINX,Centre Global Infrastructure Fund Inv,Infrastructure,Active,65.8831332347407,55.79875040228677,-10.084382832453926,REVIEW,WEAK,Q4_Both_Weak,WATCH,Downgraded by 2025 system,0.57,0.79,629,1475,747
FELV,Fidelity Enhanced Large Cap Value ETF,Large Value,Active,56.54464493972438,66.96091870060218,10.4162737608778,WEAK,REVIEW,Q4_Both_Weak,WATCH,Upgraded by 2025 system,1,1,1233,871,747
TQMIX,AMG TimesSquare Mid Cap Growth Fund I,Mid-Cap Growth,Active,69.00008630920007,53.39154458655342,-15.608541722646649,REVIEW,WEAK,Q4_Both_Weak,WATCH,Downgraded by 2025 system,0.76,0.88,485,1620,748
AVXC,Avantis Emerging Markets ex-China Equity ETF,Diversified Emerging Mkts,Active,49.7713159023122,79.04191616766467,29.270600265352464,WEAK,REVIEW,Q4_Both_Weak,WATCH,Upgraded by 2025 system,0.15,0.25,1707,399,749
BUIEX,Buffalo Blue Chip Growth Fund Inst,Large Growth,Active,64.45558997203933,57.217292838136544,-7.23829713390279,REVIEW,WEAK,Q4_Both_Weak,WATCH,Stable,0.89,0.88,714,1394,750
DODEX,Dodge & Cox Emerging Markets Stock Fund,Diversified Emerging Mkts,Active,55.94938079591479,67.99205834156562,12.042677545650832,WEAK,REVIEW,Q4_Both_Weak,WATCH,Upgraded by 2025 system,0.15,0.46,1282,826,750
NRGSX,Neuberger Genesis Fund R6,Small Growth,Active,66.53394654578332,55.16859365025384,-11.365352895529483,REVIEW,WEAK,Q4_Both_Weak,WATCH,Downgraded by 2025 system,1,1,589,1519,750
VIMCX,Virtus KAR Mid-Cap Core Fund I,Mid-Cap Growth,Active,73.03212807380358,50.31909102483534,-22.71303704896824,REVIEW,WEAK,Q4_Both_Weak,WATCH,Downgraded by 2025 system,1,1,306,1802,750
FREL,Fidelity MSCI Real Estate Index ETF,Real Estate,Passive,46.83433340131855,87.17638592700474,40.34205252568619,WEAK,STRONG,Q2_Only_2025,REVIEW,Upgraded by 2025 system,1,1,1932,181,751
ADKSX,Adirondack Small Cap Fund,Small Value,Active,63.299989284161725,58.44255313092428,-4.857436153237444,REVIEW,WEAK,Q4_Both_Weak,WATCH,Stable,1,1,789,1325,752
GURIX,New Age Alpha Risk Managed Real Estate Fund Inst,Real Estate,Active,69.42894553088826,52.82174411958095,-16.607201411307308,REVIEW,WEAK,Q4_Both_Weak,WATCH,Downgraded by 2025 system,1,1,461,1653,752
DSMDX,Driehaus Small/Mid Cap Growth Fund Inst,Mid-Cap Growth,Active,57.68214118382976,64.96491306324847,7.282771879418711,WEAK,REVIEW,Q4_Both_Weak,WATCH,Stable,0.57,0.79,1147,968,753
CMUAX,Columbia Select Mid Cap Value Fund A,Mid-Cap Value,Active,64.51262251760532,56.93824271568072,-7.5743798019246,REVIEW,WEAK,Q4_Both_Weak,WATCH,Stable,1,1,709,1408,754
TDI,Touchstone Dynamic International ETF,Foreign Large Blend,Active,59.869203354230706,62.108949157504576,2.2397458032738697,WEAK,REVIEW,Q4_Both_Weak,WATCH,Stable,1,1,988,1129,754
ACAZX,Alger Capital Appreciation Fund Z,Large Growth,Active,60.49840490128309,61.44118558133806,0.9427806800549732,REVIEW,REVIEW,Q4_Both_Weak,WATCH,Stable,1,1,955,1165,755
MXVIX,Empower S&P 500 Index Fund Investor,Large Blend,Passive,59.260622343481565,62.77287373115929,3.512251387677722,WEAK,REVIEW,Q4_Both_Weak,WATCH,Stable,1,1,1033,1092,756
VTWV,Vanguard Russell 2000 Value Index Fund ETF,Small Value,Passive,45.189748766351244,91.10445103916649,45.91470227281525,WEAK,STRONG,Q2_Only_2025,REVIEW,Upgraded by 2025 system,1,1,2043,84,757
TRZAX,T Rowe Price Value Fund Z,Large Value,Active,53.52171520984569,71.27485129151017,17.753136081664486,WEAK,REVIEW,Q4_Both_Weak,WATCH,Upgraded by 2025 system,0.76,0.88,1446,683,758
AVRE,Avantis Real Estate ETF,Global Real Estate,Active,61.70476190476192,59.77550956016911,-1.929252344592804,REVIEW,WEAK,Q4_Both_Weak,WATCH,Stable,0.15,0.46,883,1251,759
DGRW,WisdomTree US Quality Dividend Growth Fund,Large Blend,Passive,74.34110025424964,48.98177767462522,-25.35932257962442,REVIEW,WEAK,Q4_Both_Weak,WATCH,Downgraded by 2025 system,1,1,253,1882,760
FCPVX,Fidelity Small Cap Value Fund,Small Value,Active,63.69229641699715,57.40679327569577,-6.285503141301383,REVIEW,WEAK,Q4_Both_Weak,WATCH,Stable,1,1,757,1384,761
IYM,iShares US Basic Materials ETF,Natural Resources,Passive,51.627792276834185,74.31052343461721,22.682731157783024,WEAK,REVIEW,Q4_Both_Weak,WATCH,Upgraded by 2025 system,1,1,1576,565,761
HAWX,iShares Currency Hedged MSCI ACWI ex US ETF,Foreign Large Blend,Passive,83.8002262875373,45.56986933340747,-38.23035695412983,STRONG,WEAK,Q3_Only_2023,REVIEW,Downgraded by 2025 system,1,1,33,2110,762
MEQFX,AMG River Road Large Cap Value Select Fund I,Large Blend,Active,66.15618876758363,54.83204743183773,-11.3241413357459,REVIEW,WEAK,Q4_Both_Weak,WATCH,Downgraded by 2025 system,1,1,606,1538,763
CTSIX,Calamos Timpani Small Cap Growth Fund I,Small Growth,Active,60.998970861181654,60.3783913436224,-0.620579517559257,REVIEW,REVIEW,Q4_Both_Weak,WATCH,Stable,1,1,926,1219,764
FAOFX,Fidelity Advisor Series Growth Opportunities Fund,Large Growth,Active,52.6051577220565,72.47637210752038,19.87121438546388,WEAK,REVIEW,Q4_Both_Weak,WATCH,Upgraded by 2025 system,1,1,1501,644,764
TNXIX,1290 Avantis US Large Cap Growth Fund I,Large Growth,Active,67.8119132870973,53.53246699755443,-14.279446289542868,REVIEW,WEAK,Q4_Both_Weak,WATCH,Downgraded by 2025 system,0.57,0.79,536,1611,765
XVV,iShares ESG Select Screened S&P 500 ETF,Large Blend,Passive,48.57185772555488,80.12218907819718,31.550331352642303,WEAK,STRONG,Q2_Only_2025,REVIEW,Upgraded by 2025 system,0.57,0.8444,1781,368,766
AFLG,First Trust Active Factor Large Cap ETF,Large Blend,Active,61.84038718044268,59.29795814359454,-2.542429036848141,REVIEW,WEAK,Q4_Both_Weak,WATCH,Stable,0.57,0.79,870,1281,767
DGS,WisdomTree Emerging Markets SmallCap Dividend Fund,Diversified Emerging Mkts,Passive,69.92555829280462,51.63666543764578,-18.288892855158842,REVIEW,WEAK,Q4_Both_Weak,WATCH,Downgraded by 2025 system,1,1,430,1728,768
NOMIX,Northern Mid Cap Index Fund,Mid-Cap Blend,Passive,48.27232662039255,80.32056965761697,32.048243037224424,WEAK,STRONG,Q2_Only_2025,REVIEW,Upgraded by 2025 system,1,1,1799,359,768
FLCG,Federated Hermes MDT Large Cap Growth ETF,Large Growth,Active,48.105577820921184,80.91787439613528,32.81229657521409,WEAK,STRONG,Q2_Only_2025,REVIEW,Upgraded by 2025 system,0.15,0.25,1817,342,769
VAIGX,Vanguard Advice Select International Growth Fd Adm,Foreign Large Growth,Active,62.308013765978366,58.57725846953482,-3.7307552964435473,REVIEW,WEAK,Q4_Both_Weak,WATCH,Stable,0.15,0.46,846,1314,770
IYR,iShares US Real Estate ETF,Real Estate,Passive,49.69539746022063,77.57141418743035,27.876016727209716,WEAK,REVIEW,Q4_Both_Weak,WATCH,Upgraded by 2025 system,1,1,1714,448,771
XMMO,Invesco S&P MidCap Momentum ETF,Mid-Cap Blend,Passive,84.80800969032363,45.10839977055806,-39.69960991976557,STRONG,WEAK,Q3_Only_2023,REVIEW,Downgraded by 2025 system,1,1,22,2140,771
NWJCX,Nationwide NYSE Arca Tech 100 Idx Fund A,Large Growth,Passive,79.34125209552637,46.29749625106436,-33.04375584446201,REVIEW,WEAK,Q4_Both_Weak,WATCH,Downgraded by 2025 system,1,1,102,2061,772
XSVM,Invesco S&P SmallCap Value with Momentum ETF,Small Value,Passive,67.33615898874099,53.671339042217305,-13.664819946523686,REVIEW,WEAK,Q4_Both_Weak,WATCH,Downgraded by 2025 system,1,1,562,1602,773
APGYX,AB Large Cap Growth Fund Advisor,Large Growth,Active,66.15232754657248,54.46119760710608,-11.6911299394664,REVIEW,WEAK,Q4_Both_Weak,WATCH,Downgraded by 2025 system,1,1,607,1562,774
QLVD,FlexShares Dev Mkts ex-US Ql Low Volatility Idx Fd,Foreign Large Blend,Passive,63.310622441759065,57.45389276950473,-5.856729672254332,REVIEW,WEAK,Q4_Both_Weak,WATCH,Stable,0.57,0.8444,788,1382,775
DTH,WisdomTree International High Dividend,Foreign Large Value,Passive,52.2153941446318,72.63842192505594,20.423027780424135,WEAK,REVIEW,Q4_Both_Weak,WATCH,Upgraded by 2025 system,1,1,1533,639,776
SMMV,iShares MSCI USA Small-Cap Min Vol Factor ETF,Small Blend,Passive,63.49600757785597,57.03603683657851,-6.459970741277459,REVIEW,WEAK,Q4_Both_Weak,WATCH,Stable,0.57,0.8444,772,1401,777
ITOT,iShares Core S&P Total US Stock Market ETF,Large Blend,Passive,46.80712993458048,84.36197273878516,37.554842804204675,WEAK,STRONG,Q2_Only_2025,REVIEW,Upgraded by 2025 system,1,1,1935,240,778
TGREX,TCW Global Real Estate Fund I,Global Real Estate,Active,65.68664260378907,55.041999653669905,-10.644642950119163,REVIEW,WEAK,Q4_Both_Weak,WATCH,Downgraded by 2025 system,1,1,647,1528,778
MDVSX,MassMutual Diversified Value Fund R5,Large Value,Active,63.7487512663356,56.70705441771901,-7.041696848616596,REVIEW,WEAK,Q4_Both_Weak,WATCH,Stable,1,1,753,1423,779
SNWIX,Easterly Snow Small Cap Value Fund I,Small Value,Active,57.194648184818895,64.30776335227144,7.113115167452541,WEAK,REVIEW,Q4_Both_Weak,WATCH,Stable,1,1,1173,1003,779
GPAFX,Victory RS Large Cap Alpha Fund A,Large Value,Active,64.10776674209808,56.33351194707584,-7.774254795022237,REVIEW,WEAK,Q4_Both_Weak,WATCH,Stable,1,1,735,1442,780
PIREX,Principal Real Estate Securities Fund Inst,Real Estate,Active,69.14836294395377,51.891815159805454,-17.256547784148317,REVIEW,WEAK,Q4_Both_Weak,WATCH,Downgraded by 2025 system,1,1,474,1707,781
SIDRX,Hartford Schroders International Mlt-Cp Val Fd SDR,Foreign Large Value,Active,59.46590305683122,61.53888328111308,2.0729802242818565,WEAK,REVIEW,Q4_Both_Weak,WATCH,Stable,1,1,1021,1160,781
VTCLX,Vanguard Tax-Managed Capital Apprec Fund Admiral,Large Blend,Active,57.1038100928807,64.35343631889303,7.249626226012332,WEAK,REVIEW,Q4_Both_Weak,WATCH,Stable,1,1,1181,1001,782
GIIYX,GuideStone International Equity Index Fund Inst,Foreign Large Blend,Passive,51.845118782891596,72.95680744014393,21.111688657252337,WEAK,REVIEW,Q4_Both_Weak,WATCH,Upgraded by 2025 system,0.95,1,1561,624,783
AVNM,Avantis All International Markets Equity ETF,Foreign Large Blend,Active,55.52038809427248,66.96165191740413,11.44126382313165,WEAK,REVIEW,Q4_Both_Weak,WATCH,Upgraded by 2025 system,0.15,0.25,1316,870,784
HEFA,iShares Currency Hedged MSCI EAFE ETF,Foreign Large Blend,Passive,86.59025856450924,44.647035976327935,-41.94322258818131,STRONG,WEAK,Q3_Only_2023,REVIEW,Downgraded by 2025 system,1,1,10,2176,784
IVVIX,Nomura Smid Cap Core Fund Inst,Small Blend,Active,62.12323851874893,58.39576915008182,-3.7274693686671085,REVIEW,WEAK,Q4_Both_Weak,WATCH,Stable,1,1,857,1331,785
SDY,State Street SPDR S&P Dividend ETF,Mid-Cap Value,Passive,66.03399312141103,54.26142543880815,-11.772567682602876,REVIEW,WEAK,Q4_Both_Weak,WATCH,Downgraded by 2025 system,1,1,615,1573,785
FIOOX,Fidelity Series Large Cap Value Index Fund,Large Value,Passive,43.966915258393605,92.18932163414196,48.222406375748356,WEAK,STRONG,Q2_Only_2025,REVIEW,Upgraded by 2025 system,0.95,1,2137,52,786
LCLG,Logan Capital Broad Innovative Growth ETF,Large Growth,Active,64.78181829069484,55.567845957750606,-9.213972332944238,REVIEW,WEAK,Q4_Both_Weak,WATCH,Stable,0.37,0.77,700,1489,786
MAGA,Point Bridge America First ETF,Mid-Cap Value,Passive,70.58066114107025,50.64621759350224,-19.93444354756801,REVIEW,WEAK,Q4_Both_Weak,WATCH,Downgraded by 2025 system,0.57,0.8444,400,1791,787
HDV,iShares Core High Dividend ETF,Large Value,Passive,60.812902086616695,59.675283280431344,-1.1376188061853512,REVIEW,WEAK,Q4_Both_Weak,WATCH,Stable,1,1,935,1261,788
SOPAX,ClearBridge Dividend Strategy Fund A,Large Value,Active,69.17960933905599,51.637590346621565,-17.54201899243442,REVIEW,WEAK,Q4_Both_Weak,WATCH,Downgraded by 2025 system,1,1,470,1727,789
BIIEX,Brandes International Equity Fund I,Foreign Large Value,Active,62.10729810406262,58.311215234238276,-3.796082869824346,REVIEW,WEAK,Q4_Both_Weak,WATCH,Stable,1,1,858,1340,790
SAUMX,SA US Small Company Fund,Small Blend,Active,61.73625598903868,58.52449316475924,-3.2117628242794396,REVIEW,WEAK,Q4_Both_Weak,WATCH,Stable,1,1,881,1317,790
TSCV,Thrivent Small Cap Value ETF,Small Value,Active,50.024491395003025,76.13295822885449,26.108466833851466,WEAK,REVIEW,Q4_Both_Weak,WATCH,Upgraded by 2025 system,0.15,0.46,1693,505,790
BLDG,Cambria Global Real Estate ETF,Global Real Estate,Active,61.606542235505955,58.59230424914175,-3.0142379863642077,REVIEW,WEAK,Q4_Both_Weak,WATCH,Stable,0.57,0.79,890,1311,791
GFLW,VictoryShares Free Cash Flow Growth ETF,Large Growth,Passive,49.027897129386396,77.69045610191361,28.662558972527215,WEAK,REVIEW,Q4_Both_Weak,WATCH,Upgraded by 2025 system,0.15,0.5111,1757,445,792
GGMMX,Gabelli Global Mini Mites Fund I,Small Value,Active,59.53888139147534,60.905221623220775,1.3663402317454327,WEAK,REVIEW,Q4_Both_Weak,WATCH,Stable,0.57,0.79,1014,1193,793
GRISX,Nationwide S&P 500 Index Fund Inst Service,Large Blend,Passive,57.354521880763,63.725505483538015,6.370983602775013,WEAK,REVIEW,Q4_Both_Weak,WATCH,Stable,1,1,1165,1042,793
GERIX,Goldman Sachs Emerging Mkts Eqty Insights Fd Inst,Diversified Emerging Mkts,Active,59.74237419001594,60.463165390528374,0.7207912005124371,WEAK,REVIEW,Q4_Both_Weak,WATCH,Stable,1,1,998,1211,794
MFUS,PIMCO RAFI Dynamic Multi-Factor US Equity ETF,Large Value,Passive,66.58763707606323,53.32129176970336,-13.266345306359874,REVIEW,WEAK,Q4_Both_Weak,WATCH,Downgraded by 2025 system,0.57,0.8444,586,1623,794
TLATX,Transamerica Large Core ESG I3,Large Blend,Active,65.21181871773763,54.83381765905639,-10.378001058681235,REVIEW,WEAK,Q4_Both_Weak,WATCH,Downgraded by 2025 system,0.76,0.88,672,1537,794
AVUSX,Avantis US Equity Fund Instl,Large Blend,Active,56.855791591871416,64.27378637731903,7.417994785447611,WEAK,REVIEW,Q4_Both_Weak,WATCH,Stable,0.57,0.79,1205,1005,795
COSZX,Columbia Overseas Value Fund I,Foreign Large Value,Active,63.494503947365054,56.44754219597494,-7.046961751390114,REVIEW,WEAK,Q4_Both_Weak,WATCH,Stable,1,1,774,1436,795
VRTVX,Vanguard Russell 2000 Value Index Fund Inst,Small Value,Passive,45.19366586215236,87.66680239093746,42.473136528785105,WEAK,STRONG,Q2_Only_2025,REVIEW,Upgraded by 2025 system,1,1,2042,168,795
FSAMX,Fidelity Strategic Advisers Emerging Markets Fund,Diversified Emerging Mkts,Active,58.45077932988815,62.26248159897856,3.8117022690904108,WEAK,REVIEW,Q4_Both_Weak,WATCH,Stable,1,1,1091,1120,796
KESGX,Kennedy Capital ESG SMID Cap Fund Inst,Small Blend,Active,62.323768321639626,57.64442845159413,-4.679339870045496,REVIEW,WEAK,Q4_Both_Weak,WATCH,Stable,0.57,0.79,845,1369,797
TPHD,Timothy Plan High Dividend Stock ETF,Mid-Cap Value,Passive,72.78624238249583,48.73992891000263,-24.046313472493196,REVIEW,WEAK,Q4_Both_Weak,WATCH,Downgraded by 2025 system,0.57,0.8444,315,1901,798
XOEX,Xtrackers S&P 100 Ex Top 20 ETF,Large Value,Passive,47.75752235619131,80.08974291820162,32.33222056201031,WEAK,STRONG,Q2_Only_2025,REVIEW,Upgraded by 2025 system,0.15,0.6222,1848,370,799
RMBMX,RMB SMID Cap Fund I,Mid-Cap Growth,Active,65.06155626543122,54.846650283723754,-10.214905981707467,REVIEW,WEAK,Q4_Both_Weak,WATCH,Downgraded by 2025 system,1,1,683,1536,800
COWZ,Pacer US Cash Cows 100 ETF,Mid-Cap Value,Passive,75.43525493941932,47.05243069252399,-28.382824246895332,REVIEW,WEAK,Q4_Both_Weak,WATCH,Downgraded by 2025 system,0.57,0.8444,211,2010,801
DFSLX,DF Dent Small Cap Growth Fund Institutional Plus,Small Growth,Active,55.36220357210924,66.47398843930635,11.111784867197116,WEAK,REVIEW,Q4_Both_Weak,WATCH,Upgraded by 2025 system,0.15,0.25,1328,893,801
MFOCX,Marsico Focus Fund Investor,Large Growth,Active,62.523208321293524,57.30410239602154,-5.2191059252719825,REVIEW,WEAK,Q4_Both_Weak,WATCH,Stable,1,1,834,1387,801
UBVFX,Undiscovered Managers Behavioral Value Fund R6,Small Value,Active,63.732261154546855,55.89494099065343,-7.837320163893423,REVIEW,WEAK,Q4_Both_Weak,WATCH,Stable,1,1,754,1467,801
DBEF,Xtrackers MSCI EAFE Hedged Equity ETF,Foreign Large Blend,Passive,82.42131216294239,44.647833080472196,-37.77347908247019,STRONG,WEAK,Q3_Only_2023,REVIEW,Downgraded by 2025 system,1,1,47,2175,802
PFIEX,Principal International Equity Index Fund R-6,Foreign Large Blend,Passive,55.879433673288595,65.58520870988409,9.70577503659549,WEAK,REVIEW,Q4_Both_Weak,WATCH,Stable,0.89,0.8667,1290,934,803
VGSLX,Vanguard Real Estate Index Fund Admiral,Real Estate,Passive,44.88673648919727,88.15233643648313,43.26559994728586,WEAK,STRONG,Q2_Only_2025,REVIEW,Upgraded by 2025 system,1,1,2068,156,803
WPGTX,WPG Partners Small Cap Value Diversified Fund Ins,Small Value,Active,64.33609393604516,55.32526935942861,-9.01082457661655,REVIEW,WEAK,Q4_Both_Weak,WATCH,Stable,1,1,722,1503,804
SPVM,Invesco S&P 500 Value with Momentum ETF,Mid-Cap Value,Passive,74.69895361433129,47.53760342239351,-27.161350191937778,REVIEW,WEAK,Q4_Both_Weak,WATCH,Downgraded by 2025 system,1,1,247,1979,805
FSSNX,Fidelity Small Cap Index Fund,Small Blend,Passive,46.959170464974484,82.01786243431063,35.058691969336145,WEAK,STRONG,Q2_Only_2025,REVIEW,Upgraded by 2025 system,1,1,1916,311,806
DVY,iShares Select Dividend ETF,Mid-Cap Value,Passive,70.0935331994743,50.227769174307156,-19.865764025167138,REVIEW,WEAK,Q4_Both_Weak,WATCH,Downgraded by 2025 system,1,1,423,1806,807
IYY,iShares Dow Jones US ETF,Large Blend,Passive,47.27363990671834,80.93634957812428,33.66270967140594,WEAK,STRONG,Q2_Only_2025,REVIEW,Upgraded by 2025 system,1,1,1889,340,807
EFA,iShares MSCI EAFE ETF,Foreign Large Blend,Passive,55.65931928619703,65.6914177851354,10.032098498938367,WEAK,REVIEW,Q4_Both_Weak,WATCH,Upgraded by 2025 system,1,1,1307,929,808
RSNYX,Victory Global Energy Transition Fund Y,Natural Resources,Active,63.09956557991696,56.488567164621614,-6.610998415295349,REVIEW,WEAK,Q4_Both_Weak,WATCH,Stable,1,1,801,1435,808
JPEM,JPMorgan Diversified Return Emerging Mkts Eqty ETF,Diversified Emerging Mkts,Passive,65.06438422094205,54.55525326492295,-10.509130956019092,REVIEW,WEAK,Q4_Both_Weak,WATCH,Downgraded by 2025 system,1,1,682,1557,809
AVNV,Avantis All International Markets Value ETF,Foreign Large Value,Active,42.73270808482076,97.48427672955975,54.751568644738995,WEAK,STRONG,Q2_Only_2025,REVIEW,Upgraded by 2025 system,0.15,0.25,2235,5,810
EFAX,State Street SPDR MSCI EAFE Fossil Fuel Res Fr ETF,Foreign Large Blend,Passive,49.35126383185797,76.01795878406004,26.66669495220207,WEAK,REVIEW,Q4_Both_Weak,WATCH,Upgraded by 2025 system,0.57,0.8444,1734,509,811
FRI,First Trust S&P REIT Index Fund,Real Estate,Passive,63.441265422039315,55.95168140891184,-7.489584013127477,REVIEW,WEAK,Q4_Both_Weak,WATCH,Stable,1,1,778,1465,811
PMAPX,Principal MidCap S&P 400 Index Fund R-6,Mid-Cap Blend,Passive,49.061464450742996,76.46835463507088,27.406890184327885,WEAK,REVIEW,Q4_Both_Weak,WATCH,Upgraded by 2025 system,0.89,0.8667,1753,490,811
BKEM,BNY Mellon Emerging Markets Equity ETF,Diversified Emerging Mkts,Passive,44.99224047303768,86.91519788538858,41.9229574123509,WEAK,STRONG,Q2_Only_2025,REVIEW,Upgraded by 2025 system,0.57,0.8444,2059,186,812
POGAX,Putnam Large Cap Growth Fund A,Large Growth,Active,68.09056392815542,51.64041767994084,-16.45014624821458,REVIEW,WEAK,Q4_Both_Weak,WATCH,Downgraded by 2025 system,1,1,520,1726,813
JOEMX,JOHCM Emerging Markets Opportunities Fund Inst,Diversified Emerging Mkts,Active,67.48446456039582,52.175491400655496,-15.308973159740326,REVIEW,WEAK,Q4_Both_Weak,WATCH,Downgraded by 2025 system,1,1,556,1691,814
GRSPX,Cromwell Greenspring Mid Cap Fund Inst,Mid-Cap Blend,Active,67.29269825176385,52.26754112821418,-15.025157123549675,REVIEW,WEAK,Q4_Both_Weak,WATCH,Downgraded by 2025 system,1,1,565,1684,815
FTA,First Trust Large Cap Value AlphaDEX Fund,Mid-Cap Value,Passive,65.22745807456133,54.17849008033775,-11.048967994223574,REVIEW,WEAK,Q4_Both_Weak,WATCH,Downgraded by 2025 system,1,1,671,1580,816
SIGWX,Touchstone Small Company Fund Y,Small Blend,Active,64.9769541775554,54.386974408889074,-10.589979768666325,REVIEW,WEAK,Q4_Both_Weak,WATCH,Downgraded by 2025 system,1,1,687,1566,817
DIVZ,Polen Dividend Income ETF,Large Value,Active,65.72005197337265,53.34774528998667,-12.372306683385979,REVIEW,WEAK,Q4_Both_Weak,WATCH,Downgraded by 2025 system,0.57,0.79,642,1622,818
EVUS,iShares ESG Aware MSCI USA Value ETF,Large Value,Passive,44.94437667224428,86.28580465258952,41.34142798034524,WEAK,STRONG,Q2_Only_2025,REVIEW,Upgraded by 2025 system,0.15,0.6222,2062,204,819
AXVIX,Acclivity Small Cap Value Fund I,Small Value,Active,58.707864536528994,60.95601834413738,2.2481538076083822,WEAK,REVIEW,Q4_Both_Weak,WATCH,Stable,0.57,0.79,1078,1190,820
NUDM,Nuveen ESG International Developed Markets Eqty,Foreign Large Blend,Passive,50.57039937569119,73.27269256877939,22.702293193088202,WEAK,REVIEW,Q4_Both_Weak,WATCH,Upgraded by 2025 system,0.57,0.8444,1660,612,821
DFGR,DFA Dimensional Global Real Estate ETF,Global Real Estate,Active,60.75782312925171,58.24840663848047,-2.509416490771244,REVIEW,WEAK,Q4_Both_Weak,WATCH,Stable,0.15,0.46,939,1342,822
LSMIX,Loomis Sayles Small/Mid Cap Growth Fund Inst,Small Growth,Active,62.160053882062286,56.60468426381753,-5.555369618244754,REVIEW,WEAK,Q4_Both_Weak,WATCH,Stable,1,1,854,1428,823
MAMEX,MoA Mid Cap Equity Index Fund,Mid-Cap Blend,Passive,47.734274907774406,78.04880454687128,30.314529639096875,WEAK,REVIEW,Q4_Both_Weak,WATCH,Upgraded by 2025 system,1,1,1851,436,824
HAUZ,Xtrackers International Real Estate ETF,Global Real Estate,Passive,57.47018477630351,61.97203055994267,4.501845783639155,WEAK,REVIEW,Q4_Both_Weak,WATCH,Stable,1,1,1155,1134,825
BRUNX,MFS Blended Research Value Equity Fund R6,Large Value,Active,58.091242669821796,61.194852291445436,3.10360962162364,WEAK,REVIEW,Q4_Both_Weak,WATCH,Stable,1,1,1114,1178,826
PQEMX,PGIM Quant Solutions Emerging Markets Equity Fd R6,Diversified Emerging Mkts,Active,61.496077604039165,57.182938990300634,-4.313138613738531,REVIEW,WEAK,Q4_Both_Weak,WATCH,Stable,0.57,0.79,895,1397,826
GIXIX,Nationwide International Index Fund R6,Foreign Large Blend,Passive,54.175269890664566,66.3490603527731,12.173790462108528,WEAK,REVIEW,Q4_Both_Weak,WATCH,Upgraded by 2025 system,1,1,1396,897,827
STCIX,Virtus Silvant Large-Cap Growth Stock Fund A,Large Growth,Active,63.39187807868139,55.25944286259642,-8.132435216084964,REVIEW,WEAK,Q4_Both_Weak,WATCH,Stable,1,1,781,1512,827
GTLLX,Glenmede Disciplined US Growth Eq Portfolio Adv,Large Growth,Active,69.38583640997219,49.79917998406197,-19.586656425910213,REVIEW,WEAK,Q4_Both_Weak,WATCH,Downgraded by 2025 system,1,1,463,1832,828
LP40236980,Nationwide Fundamental All Cap Equity Portfolio R6,Large Blend,Active,55.20230565048831,65.17311608961303,9.970810439124719,WEAK,REVIEW,Q4_Both_Weak,WATCH,Stable,0.15,0.25,1340,955,828
MSVIX,MetLife Small Company Equity Fund Inst,Small Blend,Active,68.42941591361638,50.722334882622924,-17.707081030993457,REVIEW,WEAK,Q4_Both_Weak,WATCH,Downgraded by 2025 system,0.57,0.79,507,1788,828
VRTTX,Vanguard Russell 3000 Index Fund Institutional,Large Blend,Passive,46.11244782028213,81.80260655086131,35.690158730579185,WEAK,STRONG,Q2_Only_2025,REVIEW,Upgraded by 2025 system,1,1,1977,318,828
NUGO,Nuveen Growth Opportunities ETF,Large Growth,Active,53.99164733691991,66.60738706948382,12.61573973256391,WEAK,REVIEW,Q4_Both_Weak,WATCH,Upgraded by 2025 system,0.15,0.46,1408,888,829
PGOFX,Victory Pioneer Select Mid Cap Growth Fund A,Mid-Cap Growth,Active,59.60365323527294,59.12604165547294,-0.4776115797999978,WEAK,WEAK,Q4_Both_Weak,DROP,Stable,1,1,1008,1288,829
FDGFX,Fidelity Dividend Growth Fund,Large Blend,Active,59.86021910092359,58.69942730689311,-1.1607917940304802,WEAK,WEAK,Q4_Both_Weak,DROP,Stable,1,1,989,1308,830
RMDAX,Virtus Silvant Mid-Cap Growth Fund A,Mid-Cap Growth,Active,59.76271546074926,58.91874265458903,-0.843972806160231,WEAK,WEAK,Q4_Both_Weak,DROP,Stable,1,1,996,1301,830
GLCUX,Goldman Sachs Large Cap Growth Insights Fund R6,Large Growth,Active,63.60211016268206,54.93554811100753,-8.666562051674532,REVIEW,WEAK,Q4_Both_Weak,WATCH,Stable,1,1,765,1533,831
ICF,iShares Select US REIT ETF,Real Estate,Passive,53.97189401252409,66.62551573983559,12.653621727311503,WEAK,REVIEW,Q4_Both_Weak,WATCH,Upgraded by 2025 system,1,1,1412,886,831
XME,State Street SPDR S&P Metals & Mining ETF,Natural Resources,Passive,67.68068634363728,51.20680724740304,-16.473879096234235,REVIEW,WEAK,Q4_Both_Weak,WATCH,Downgraded by 2025 system,1,1,545,1757,832
HDUS,Hartford Disciplined US Equity ETF,Large Blend,Passive,50.12244779970395,73.11360466772592,22.991156868021974,WEAK,REVIEW,Q4_Both_Weak,WATCH,Upgraded by 2025 system,0.15,0.6222,1686,618,833
VNQ,Vanguard Real Estate Index Fund ETF,Real Estate,Passive,43.79228618204545,87.96749789250225,44.1752117104568,WEAK,STRONG,Q2_Only_2025,REVIEW,Upgraded by 2025 system,1,1,2147,160,834
MDY,State Street SPDR S&P MidCap 400 ETF Trust,Mid-Cap Blend,Passive,48.80149483948566,74.97719328194677,26.175698442461105,WEAK,REVIEW,Q4_Both_Weak,WATCH,Upgraded by 2025 system,1,1,1769,539,835
JMOM,JPMorgan US Momentum Factor ETF,Large Blend,Passive,55.543455824624374,64.46676255630402,8.923306731679645,WEAK,REVIEW,Q4_Both_Weak,WATCH,Stable,0.57,0.8444,1315,997,836
LP40304587,Nationwide Large Cap Equity Portfolio R6,Large Blend,Active,41.71221044230329,100,58.28778955769671,WEAK,STRONG,Q2_Only_2025,REVIEW,Upgraded by 2025 system,0.15,0.25,2316,1,837
VTHR,Vanguard Russell 3000 Index Fund ETF,Large Blend,Passive,45.43440857516285,82.2757378123049,36.84132923714205,WEAK,STRONG,Q2_Only_2025,REVIEW,Upgraded by 2025 system,1,1,2020,299,838
EDIV,State Street SPDR S&P Emerging Markets Div ETF,Diversified Emerging Mkts,Passive,69.48986604638112,49.36819000975005,-20.121676036631072,REVIEW,WEAK,Q4_Both_Weak,WATCH,Downgraded by 2025 system,1,1,457,1863,839
JSML,Janus Henderson Small Cap Growth Alpha ETF,Small Growth,Active,52.88089591048638,67.87670373734011,14.995807826853728,WEAK,REVIEW,Q4_Both_Weak,WATCH,Upgraded by 2025 system,1,1,1484,836,839
OTCKX,MFS Mid Cap Growth Fund R6,Mid-Cap Growth,Active,63.28933189875114,54.97558434660799,-8.313747552143155,REVIEW,WEAK,Q4_Both_Weak,WATCH,Stable,1,1,791,1530,840
IVOO,Vanguard S&P Mid-Cap 400 Index Fund ETF,Mid-Cap Blend,Passive,46.50376889643061,80.0991501367015,33.59538124027089,WEAK,STRONG,Q2_Only_2025,REVIEW,Upgraded by 2025 system,1,1,1953,369,841
GSEE,Goldman Sachs MarketBeta Emerging Markets Eqty ETF,Diversified Emerging Mkts,Passive,46.99917640430715,78.66520892396541,31.66603251965826,WEAK,REVIEW,Q4_Both_Weak,WATCH,Upgraded by 2025 system,0.57,0.8444,1913,412,842
IMTM,iShares MSCI Intl Momentum Factor ETF,Foreign Large Blend,Passive,69.67171224321201,49.021437195618,-20.650275047594015,REVIEW,WEAK,Q4_Both_Weak,WATCH,Downgraded by 2025 system,1,1,446,1879,842
LP40126305,John Hancock Mid Value Fund NAV,Mid-Cap Value,Active,63.98673294696721,54.08527747371551,-9.901455473251701,REVIEW,WEAK,Q4_Both_Weak,WATCH,Stable,1,1,741,1584,842
ARKX,ARK Space & Defense Innovation ETF,Mid-Cap Growth,Active,48.259305210918114,75.33826962585881,27.0789644149407,WEAK,REVIEW,Q4_Both_Weak,WATCH,Upgraded by 2025 system,0.1,0.46,1801,526,843
PEOPX,BNY Mellon S&P 500 Index Fund,Large Blend,Passive,56.92999561025617,61.9367905038765,5.006794893620331,WEAK,REVIEW,Q4_Both_Weak,WATCH,Stable,1,1,1193,1138,844
PABD,iShares Paris-Aligned Clim Opt MSCI Wd ex USA ETF,Foreign Large Blend,Passive,44.98379079916817,83.13717945816265,38.15338865899448,WEAK,STRONG,Q2_Only_2025,REVIEW,Upgraded by 2025 system,0.15,0.5111,2060,275,845
REEIX,RBC Emerging Markets Equity Fund I,Diversified Emerging Mkts,Active,64.32488878943569,53.488120094055155,-10.836768695380535,REVIEW,WEAK,Q4_Both_Weak,WATCH,Downgraded by 2025 system,1,1,723,1612,845
NRFYX,Natixis AEW Global Focused Real Estate Fund Y,Global Real Estate,Active,59.846896507844804,58.117904134619145,-1.7289923732256582,WEAK,WEAK,Q4_Both_Weak,DROP,Stable,1,1,990,1347,846
SSEAX,SEI Inst Inv Screened World Equity Ex-US Fund A,Foreign Large Blend,Active,61.53445807407157,56.26620174718675,-5.268256326884824,REVIEW,WEAK,Q4_Both_Weak,WATCH,Stable,1,1,892,1447,847
SAEMX,SA Emerging Markets Value Fund,Diversified Emerging Mkts,Active,63.32720838732306,54.58948703663389,-8.73772135068917,REVIEW,WEAK,Q4_Both_Weak,WATCH,Stable,1,1,787,1553,848
ACSTX,Invesco Comstock Fund A,Large Value,Active,65.73193796862476,51.9411478414933,-13.790790127131466,REVIEW,WEAK,Q4_Both_Weak,WATCH,Downgraded by 2025 system,1,1,638,1703,849
FJACX,Fidelity Series Small Cap Discovery Fund,Small Blend,Active,56.66107594512763,62.25892435851272,5.597848413385094,WEAK,REVIEW,Q4_Both_Weak,WATCH,Stable,1,1,1220,1121,849
JIREX,John Hancock Real Estate Securities Fund 1,Real Estate,Active,59.99133628355633,57.77921771321719,-2.212118570339136,WEAK,WEAK,Q4_Both_Weak,DROP,Stable,1,1,979,1362,849
EFEIX,Ashmore Emerging Markets Frontier Equity Fund Inst,Diversified Emerging Mkts,Active,68.79764737923851,49.62462764253864,-19.17301973669987,REVIEW,WEAK,Q4_Both_Weak,WATCH,Downgraded by 2025 system,1,1,494,1849,850
SLGFX,SEI Inst Mgd Large Cap Index Fund F,Large Blend,Passive,50.797114342975426,70.82927666029772,20.032162317322296,WEAK,REVIEW,Q4_Both_Weak,WATCH,Upgraded by 2025 system,0.57,0.8444,1645,699,851
TISBX,Nuveen Small Cap Blend Index Fund R6,Small Blend,Passive,45.569960724945645,81.27884238173118,35.708881656785536,WEAK,STRONG,Q2_Only_2025,REVIEW,Upgraded by 2025 system,1,1,2013,332,852
QTOP,iShares Nasdaq Top 30 Stocks ETF,Large Growth,Passive,45.01962897585937,82.7473830197229,37.727754043863534,WEAK,STRONG,Q2_Only_2025,REVIEW,Upgraded by 2025 system,0.15,0.5111,2058,291,853
ACWX,iShares MSCI ACWI ex US ETF,Foreign Large Blend,Passive,47.2999662585437,77.1297059180582,29.82973965951451,WEAK,REVIEW,Q4_Both_Weak,WATCH,Upgraded by 2025 system,1,1,1887,463,854
DHLTX,Diamond Hill Select Fund I,Mid-Cap Value,Active,61.229148037699474,56.35490967555818,-4.874238362141291,REVIEW,WEAK,Q4_Both_Weak,WATCH,Stable,1,1,913,1437,854
HSTIX,Homestead Stock Index Fund,Large Blend,Passive,55.395035718343856,63.98148813202559,8.586452413681734,WEAK,REVIEW,Q4_Both_Weak,WATCH,Stable,1,1,1325,1025,854
NGUAX,Neuberger Large Cap Growth Fund Inv,Large Growth,Active,69.4173599751607,48.93083078342978,-20.48652919173091,REVIEW,WEAK,Q4_Both_Weak,WATCH,Downgraded by 2025 system,1,1,462,1890,855
VYCAX,Voya Corporate Leaders 100 Fund A,Large Value,Active,62.080027261247196,55.48179473575047,-6.5982325254967265,REVIEW,WEAK,Q4_Both_Weak,WATCH,Stable,1,1,859,1493,855
PKW,Invesco Dynamic Buyback Achievers ETF,Mid-Cap Value,Passive,73.52154633484757,46.14682673345772,-27.37471960138985,REVIEW,WEAK,Q4_Both_Weak,WATCH,Downgraded by 2025 system,1,1,284,2073,856
OSCV,Opus Small Cap Value ETF,Small Blend,Active,64.89651000306664,52.612294911536125,-12.284215091530513,REVIEW,WEAK,Q4_Both_Weak,WATCH,Downgraded by 2025 system,0.57,0.79,692,1666,857
VMMSX,Vanguard Emerging Markets Select Stock Investor,Diversified Emerging Mkts,Active,61.395975662659275,56.09169507698759,-5.304280585671684,REVIEW,WEAK,Q4_Both_Weak,WATCH,Stable,1,1,904,1454,857
FARCX,Nuveen Real Estate Securities Fund I,Real Estate,Active,63.60498926097476,53.87921074298306,-9.7257785179917,REVIEW,WEAK,Q4_Both_Weak,WATCH,Stable,1,1,764,1596,858
SOAVX,Spirit of America Large Cap Value Fund A,Large Blend,Active,60.48792160068723,56.99053029832888,-3.497391302358352,REVIEW,WEAK,Q4_Both_Weak,WATCH,Stable,1,1,956,1404,858
LIESX,Franklin International Equity Fund IS,Foreign Large Blend,Active,59.10018735091837,58.53858488309594,-0.561602467822425,WEAK,WEAK,Q4_Both_Weak,DROP,Stable,1,1,1046,1316,859
AWWIX,CIBC Atlas International Growth Fund Institutional,Foreign Large Growth,Active,65.727522231947,51.70331813462353,-14.024204097323477,REVIEW,WEAK,Q4_Both_Weak,WATCH,Downgraded by 2025 system,0.57,0.79,639,1724,860
NZUS,State Street SPDR MSCI USA Climate Paris Algnd ETF,Large Growth,Passive,47.48006204742165,76.34585718274491,28.86579513532326,WEAK,REVIEW,Q4_Both_Weak,WATCH,Upgraded by 2025 system,0.15,0.6222,1867,497,861
FCIWX,NYLI PineStone International Equity Fund R6,Foreign Large Growth,Active,65.76063295672051,51.61642527802833,-14.144207678692183,REVIEW,WEAK,Q4_Both_Weak,WATCH,Downgraded by 2025 system,0.57,0.79,636,1730,862
PSGIX,BlackRock Advantage Small Cap Growth Fund Inst,Small Growth,Active,51.884285168193955,68.26069000330102,16.376404835107067,WEAK,REVIEW,Q4_Both_Weak,WATCH,Upgraded by 2025 system,1,1,1559,810,863
SWLSX,Schwab Large-Cap Growth Fund,Large Growth,Active,64.83330478559434,52.49310506787297,-12.340199717721369,REVIEW,WEAK,Q4_Both_Weak,WATCH,Downgraded by 2025 system,1,1,699,1671,864
WCMIX,WCM Focused International Growth Fund Inst,Foreign Large Growth,Active,66.16073329848206,51.09860049914804,-15.062132799334016,REVIEW,WEAK,Q4_Both_Weak,WATCH,Downgraded by 2025 system,1,1,605,1765,864
DBAW,Xtrackers MSCI All Wld x US Hdg Eqty ETF,Foreign Large Blend,Passive,78.9000720048754,43.12338931246221,-35.77668269241319,REVIEW,WEAK,Q4_Both_Weak,WATCH,Downgraded by 2025 system,1,1,108,2264,865
PCFIX,PIMCO RAE PLUS Small Fund Inst,Small Value,Active,58.73437272143078,58.92785500750507,0.19348228607429263,WEAK,WEAK,Q4_Both_Weak,DROP,Stable,1,1,1075,1299,866
RWJ,Invesco S&P SmallCap 600 Revenue ETF,Small Value,Passive,58.78858069618098,58.737514200088405,-0.05106649609257374,WEAK,WEAK,Q4_Both_Weak,DROP,Stable,1,1,1070,1307,867
USMF,WisdomTree US Multifactor Fund,Mid-Cap Blend,Passive,63.16727338305614,54.0970714690706,-9.070201913985542,REVIEW,WEAK,Q4_Both_Weak,WATCH,Stable,0.57,0.8444,798,1581,868
JVMIX,John Hancock Disciplined Value Mid Cap Fund Inst,Mid-Cap Value,Active,62.77783311577239,54.449045346004496,-8.328787769767892,REVIEW,WEAK,Q4_Both_Weak,WATCH,Stable,1,1,816,1564,869
PSIAX,PGIM Quant Solutions Large-Cap Index Fund A,Large Blend,Passive,57.25958227692634,60.42061811967972,3.1610358427533853,WEAK,REVIEW,Q4_Both_Weak,WATCH,Stable,1,1,1168,1216,870
FFSM,Fidelity Fundamental Small-Mid Cap ETF,Mid-Cap Blend,Active,55.66525901662745,63.09323793609738,7.427978919469929,WEAK,REVIEW,Q4_Both_Weak,WATCH,Stable,0.57,0.79,1305,1080,871
BRIIX,Baron Real Estate Income Fund Institutional,Real Estate,Active,57.838506621279166,59.74579675122155,1.907290129942382,WEAK,WEAK,Q4_Both_Weak,DROP,Stable,0.57,0.79,1129,1257,872
PRKQX,PGIM Real Estate Income Fund R6,Real Estate,Active,59.4449275077238,57.77648658831467,-1.6684409194091288,WEAK,WEAK,Q4_Both_Weak,DROP,Stable,0.89,0.88,1024,1364,873
VONV,Vanguard Russell 1000 Value Index Fund ETF,Large Value,Passive,41.40286102575518,92.4951832863614,51.09232226060622,WEAK,STRONG,Q2_Only_2025,REVIEW,Upgraded by 2025 system,0.68,0.9778,2343,45,873
MXSFX,Empower Real Estate Index Fund Institutional,Real Estate,Passive,58.46641266883822,58.879630806284965,0.41321813744674785,WEAK,WEAK,Q4_Both_Weak,DROP,Stable,1,1,1088,1302,874
DGRE,WisdomTree Emerging Markets Quality Dividend Gro,Diversified Emerging Mkts,Active,54.922422736645146,63.858325124921734,8.935902388276588,WEAK,REVIEW,Q4_Both_Weak,WATCH,Stable,1,1,1358,1033,875
FFGCX,Fidelity Global Commodity Stock Fund,Natural Resources,Active,60.01421682146988,56.81428842103388,-3.1999284004360007,REVIEW,WEAK,Q4_Both_Weak,WATCH,Stable,1,1,977,1416,876
HDGFX,Hartford Dividend and Growth Fund F,Large Value,Active,64.37921682773425,52.38156443944884,-11.997652388285417,REVIEW,WEAK,Q4_Both_Weak,WATCH,Downgraded by 2025 system,0.89,0.88,721,1679,877
ADVMX,Vaughan Nelson Emerging Markets Fund Inst,Diversified Emerging Mkts,Active,59.621456636657,57.20607633395281,-2.415380302704193,WEAK,WEAK,Q4_Both_Weak,DROP,Stable,1,1,1006,1395,878
MAVF,Matrix Advisors Value ETF,Large Value,Active,65.25081404232618,51.587852498541444,-13.66296154378474,REVIEW,WEAK,Q4_Both_Weak,WATCH,Downgraded by 2025 system,0.37,0.66,669,1732,878
LRGG,Nomura Focused Large Growth ETF,Large Growth,Active,46.214936809613846,78.01932367149759,31.804386861883742,WEAK,REVIEW,Q4_Both_Weak,WATCH,Upgraded by 2025 system,0.15,0.25,1969,437,879
STXV,Strive 1000 Value ETF,Large Value,Passive,44.7730659039788,81.39271707882658,36.61965117484778,WEAK,STRONG,Q2_Only_2025,REVIEW,Upgraded by 2025 system,0.15,0.6222,2076,331,880
WISGX,Segall Bryant & Hamill Small Cap Growth Fd Inst,Small Growth,Active,57.455045005966014,59.808005373307985,2.3529603673419714,WEAK,WEAK,Q4_Both_Weak,DROP,Stable,1,1,1157,1250,880
IWN,iShares Russell 2000 Value ETF,Small Value,Passive,43.114832266209,86.31114681911102,43.19631455290202,WEAK,STRONG,Q2_Only_2025,REVIEW,Upgraded by 2025 system,1,1,2211,202,881
FMAG,Fidelity Magellan ETF,Large Growth,Active,59.76497250607199,56.74207790675238,-3.0228945993196135,WEAK,WEAK,Q4_Both_Weak,DROP,Stable,0.57,0.79,995,1419,882
RSMC,Rockefeller US Small-Mid Cap ETF,Small Growth,Active,46.43234569413815,77.45664739884393,31.024301704705778,WEAK,REVIEW,Q4_Both_Weak,WATCH,Upgraded by 2025 system,0.15,0.25,1961,453,882
VFQY,Vanguard US Quality Factor ETF,Mid-Cap Blend,Active,52.61795339998155,65.90341029858506,13.285456898603506,WEAK,REVIEW,Q4_Both_Weak,WATCH,Upgraded by 2025 system,0.57,0.79,1500,914,882
SPIAX,Invesco S&P 500 Index Fund A,Large Blend,Passive,55.49439672042533,62.67786406038558,7.183467339960252,WEAK,REVIEW,Q4_Both_Weak,WATCH,Stable,1,1,1319,1098,883
STXK,Strive Small-Cap ETF,Small Blend,Passive,45.07726895165903,80.12226997755604,35.045001025897015,WEAK,STRONG,Q2_Only_2025,REVIEW,Upgraded by 2025 system,0.15,0.6222,2050,367,883
CVIE,Calvert International Responsible Index ETF,Foreign Large Blend,Passive,44.79705749810542,80.77223851703596,35.97518101893054,WEAK,STRONG,Q2_Only_2025,REVIEW,Upgraded by 2025 system,0.15,0.6222,2075,346,884
GMAZX,GMO International Opportunistic Value Fund IV,Foreign Large Value,Active,53.48660178069192,64.92758249208161,11.440980711389692,WEAK,REVIEW,Q4_Both_Weak,WATCH,Upgraded by 2025 system,0.53,0.59,1451,970,884
VTWG,Vanguard Russell 2000 Growth Index Fund ETF,Small Growth,Passive,41.56945286097405,90.66886352438807,49.09941066341402,WEAK,STRONG,Q2_Only_2025,REVIEW,Upgraded by 2025 system,1,1,2329,92,884
NMPAX,Columbia Mid Cap Index Fund I,Mid-Cap Blend,Passive,46.93002754198165,76.33437993351129,29.404352391529635,WEAK,REVIEW,Q4_Both_Weak,WATCH,Upgraded by 2025 system,1,1,1923,500,885
GSAJX,Goldman Sachs Small Cap Growth Fund Institutional,Small Growth,Active,54.232934934122504,63.815078369437394,9.58214343531489,WEAK,REVIEW,Q4_Both_Weak,WATCH,Stable,0.57,0.79,1392,1036,886
PICK,iShares MSCI Global Metals & Mining Producers ETF,Natural Resources,Passive,57.56171747771064,59.3905751464995,1.8288576687888636,WEAK,WEAK,Q4_Both_Weak,DROP,Stable,1,1,1151,1277,886
SELV,SEI Enhanced Low Volatility US Large Cap ETF,Large Value,Active,47.30745345094442,74.81418772629023,27.506734275345806,WEAK,REVIEW,Q4_Both_Weak,WATCH,Upgraded by 2025 system,0.15,0.46,1886,543,887
EMCS,Xtrackers MSCI Emerging Markets Climate Sel ETF,Diversified Emerging Mkts,Passive,43.982739467550644,82.56106850334322,38.57832903579258,WEAK,STRONG,Q2_Only_2025,REVIEW,Upgraded by 2025 system,0.57,0.8444,2135,295,888
VRTGX,Vanguard Russell 2000 Growth Index Fund Inst,Small Growth,Passive,42.12755029219532,88.57003314816203,46.4424828559667,WEAK,STRONG,Q2_Only_2025,REVIEW,Upgraded by 2025 system,1,1,2289,144,889
VSGX,Vanguard ESG International Stock ETF,Foreign Large Blend,Passive,42.478789209553156,87.5608534308971,45.08206422134394,WEAK,STRONG,Q2_Only_2025,REVIEW,Upgraded by 2025 system,0.57,0.8444,2261,172,889
ESGU,iShares ESG Aware MSCI USA ETF,Large Blend,Passive,42.89865329758212,85.7131648196091,42.81451152202698,WEAK,STRONG,Q2_Only_2025,REVIEW,Upgraded by 2025 system,0.57,0.8444,2224,212,890
GGOIX,Goldman Sachs Mid Cap Growth Fund Institutional,Mid-Cap Growth,Active,61.12375864566012,55.185949289293355,-5.937809356366763,REVIEW,WEAK,Q4_Both_Weak,WATCH,Stable,1,1,918,1518,890
QICRX,AQR International Multi-Style Fund R6,Foreign Large Value,Active,56.671248512360265,60.35748864480974,3.686240132449477,WEAK,REVIEW,Q4_Both_Weak,WATCH,Stable,1,1,1216,1221,891
FNKLX,Fidelity Series Value Discovery Fund,Large Value,Active,57.18933939967626,59.5641909152547,2.3748515155784418,WEAK,WEAK,Q4_Both_Weak,DROP,Stable,1,1,1174,1265,892
NRMGX,Neuberger Mid Cap Growth Fund R6,Mid-Cap Growth,Active,58.2791089640163,58.34728234107133,0.06817337705502524,WEAK,WEAK,Q4_Both_Weak,DROP,Stable,1,1,1104,1337,893
PGRO,Putnam Focused Large Cap Growth ETF,Large Growth,Active,49.09560088785809,71.02321262633629,21.9276117384782,WEAK,REVIEW,Q4_Both_Weak,WATCH,Upgraded by 2025 system,0.15,0.46,1750,691,893
RFV,Invesco S&P MidCap 400 Pure Value ETF,Small Value,Passive,68.17755194204939,48.4523701788861,-19.72518176316329,REVIEW,WEAK,Q4_Both_Weak,WATCH,Downgraded by 2025 system,1,1,517,1926,894
SWSSX,Schwab Small-Cap Index Fund,Small Blend,Passive,44.49679008042689,80.73099087946065,36.23420079903376,WEAK,STRONG,Q2_Only_2025,REVIEW,Upgraded by 2025 system,1,1,2097,347,895
RSPE,Invesco ESG S&P 500 Equal Weight ETF,Large Value,Passive,47.14227335000808,74.78644712710393,27.644173777095844,WEAK,REVIEW,Q4_Both_Weak,WATCH,Upgraded by 2025 system,0.15,0.6222,1899,546,896
SNPG,Xtrackers S&P 500 Growth Scored & Screened ETF,Large Growth,Passive,45.83456765338824,77.3569036629565,31.522336009568257,WEAK,REVIEW,Q4_Both_Weak,WATCH,Upgraded by 2025 system,0.15,0.6222,1993,456,897
VRVIX,Vanguard Russell 1000 Value Index Fund Inst,Large Value,Passive,41.26752816210244,90.56248494565999,49.29495678355755,WEAK,STRONG,Q2_Only_2025,REVIEW,Upgraded by 2025 system,1,1,2354,97,898
EMSQX,Shelton Emerging Markets Fund Institutional,Diversified Emerging Mkts,Active,62.895934118143785,53.01174536593825,-9.884188752205532,REVIEW,WEAK,Q4_Both_Weak,WATCH,Stable,1,1,812,1643,899
SWSCX,Schwab Small-Cap Equity Fund,Small Blend,Active,60.13472089774383,55.66958516659265,-4.465135731151186,REVIEW,WEAK,Q4_Both_Weak,WATCH,Stable,1,1,975,1481,900
ARIMX,AMG River Road Small-Mid Cap Value Fund I,Small Value,Active,65.55790416121148,50.24264203876039,-15.315262122451095,REVIEW,WEAK,Q4_Both_Weak,WATCH,Downgraded by 2025 system,1,1,653,1805,901
COWS,Amplify Cash Flow Dividend Leaders ETF,Mid-Cap Value,Passive,44.95126705653021,79.05983579431741,34.108568737787195,WEAK,REVIEW,Q4_Both_Weak,WATCH,Upgraded by 2025 system,0.15,0.5111,2061,398,902
MDCIX,Madison Mid Cap Fund I,Mid-Cap Blend,Active,67.34380435555266,48.73463860269753,-18.609165752855134,REVIEW,WEAK,Q4_Both_Weak,WATCH,Downgraded by 2025 system,0.76,0.88,561,1902,903
PNRZX,PGIM Jennison Natural Resources Fund Z,Natural Resources,Active,59.63548542769356,55.99361253515263,-3.641872892540931,WEAK,WEAK,Q4_Both_Weak,DROP,Stable,1,1,1005,1459,904
WLCGX,Wilshire Large Company Growth Portfolio Inst,Large Growth,Active,58.774288406318355,57.22565119829878,-1.5486372080195778,WEAK,WEAK,Q4_Both_Weak,DROP,Stable,1,1,1072,1393,905
IWS,iShares Russell Mid-Cap Value ETF,Mid-Cap Value,Passive,43.754312547668796,81.9691547420416,38.2148421943728,WEAK,STRONG,Q2_Only_2025,REVIEW,Upgraded by 2025 system,1,1,2151,315,906
NPSGX,Nicholas Partners Small Cap Growth Fund Inst,Small Growth,Active,55.19148859160048,62.18593510317992,6.99444651157944,WEAK,REVIEW,Q4_Both_Weak,WATCH,Stable,0.57,0.79,1341,1126,907
POSKX,PRIMECAP Odyssey Stock Fund,Large Blend,Active,62.51629486273554,53.178417248650064,-9.337877614085478,REVIEW,WEAK,Q4_Both_Weak,WATCH,Stable,1,1,835,1633,908
TOCQX,Tocqueville Fund,Large Blend,Active,62.7544053639522,52.911749786716285,-9.842655577235917,REVIEW,WEAK,Q4_Both_Weak,WATCH,Stable,1,1,818,1650,908
SCHH,Schwab US REIT ETF,Real Estate,Passive,41.66243953142079,88.4896550617934,46.82721553037261,WEAK,STRONG,Q2_Only_2025,REVIEW,Upgraded by 2025 system,1,1,2323,146,909
NLR,VanEck Uranium and Nuclear ETF,Natural Resources,Passive,76.51894239574754,42.46186419258581,-34.05707820316174,REVIEW,WEAK,Q4_Both_Weak,WATCH,Downgraded by 2025 system,1,1,171,2299,910
ISCV,iShares Morningstar Small-Cap Value ETF,Small Value,Passive,42.208890284032236,86.78383715866259,44.574946874630356,WEAK,STRONG,Q2_Only_2025,REVIEW,Upgraded by 2025 system,1,1,2282,191,911
ESGE,iShares ESG Aware MSCI EM ETF,Diversified Emerging Mkts,Passive,42.83734344304531,84.09486756886203,41.257524125816715,WEAK,STRONG,Q2_Only_2025,REVIEW,Upgraded by 2025 system,0.57,0.8444,2228,246,912
IWO,iShares Russell 2000 Growth ETF,Small Growth,Passive,41.66553603340102,88.2948942031941,46.629358169793086,WEAK,STRONG,Q2_Only_2025,REVIEW,Upgraded by 2025 system,1,1,2322,152,912
AIFRX,abrdn Global Infrastructure Fund Inst,Infrastructure,Active,61.03649642766107,54.57126505558537,-6.465231372075699,REVIEW,WEAK,Q4_Both_Weak,WATCH,Stable,1,1,923,1555,913
DIEMX,Driehaus Emerging Markets Growth Fund Inst,Diversified Emerging Mkts,Active,62.61845922451944,52.85650241720853,-9.76195680731091,REVIEW,WEAK,Q4_Both_Weak,WATCH,Stable,0.89,0.88,827,1652,914
ATFV,Alger 35 ETF,Large Growth,Active,45.741890052527395,76.68825136054718,30.94636130801979,WEAK,REVIEW,Q4_Both_Weak,WATCH,Upgraded by 2025 system,0.15,0.46,1999,481,915
JGMNX,Janus Henderson Triton Fund N,Small Growth,Active,57.49215700621188,58.41903694677264,0.9268799405607595,WEAK,WEAK,Q4_Both_Weak,DROP,Stable,1,1,1154,1326,915
COSOX,Columbia Overseas Core Fund Institutional 3,Foreign Large Blend,Active,58.44328649526849,57.29464153828092,-1.1486449569875674,WEAK,WEAK,Q4_Both_Weak,DROP,Stable,0.57,0.79,1093,1388,916
FRESX,Fidelity Real Estate Investment Portfolio,Real Estate,Active,61.61320170113981,53.933685819263246,-7.679515881876561,REVIEW,WEAK,Q4_Both_Weak,WATCH,Stable,1,1,889,1593,917
DESIX,DFA Emerging Mrkts Sustainability Core 1 Port Inst,Diversified Emerging Mkts,Active,60.02857872877239,55.26437732166014,-4.764201407112246,REVIEW,WEAK,Q4_Both_Weak,WATCH,Stable,0.57,0.79,976,1509,918
DIHP,DFA Dimensional Internatl High Profitability ETF,Foreign Large Blend,Active,60.21970615871476,55.191907042785495,-5.0277991159292625,REVIEW,WEAK,Q4_Both_Weak,WATCH,Stable,0.15,0.46,971,1517,919
RWR,State Street SPDR Dow Jones REIT ETF,Real Estate,Passive,53.902244073450944,63.12186292230171,9.219618848850764,WEAK,REVIEW,Q4_Both_Weak,WATCH,Stable,1,1,1417,1078,920
DWM,WisdomTree International Equity Fund,Foreign Large Value,Passive,44.80172385337699,78.26246660125852,33.46074274788153,WEAK,REVIEW,Q4_Both_Weak,WATCH,Upgraded by 2025 system,1,1,2073,423,921
UMMA,Wahed Dow Jones Islamic World ETF,Foreign Large Growth,Active,47.41224188790561,73.10153502553504,25.689293137629434,WEAK,REVIEW,Q4_Both_Weak,WATCH,Upgraded by 2025 system,0.15,0.46,1878,619,922
QLC,FlexShares US Quality Large Cap Index Fund,Large Blend,Passive,54.581669980277425,62.222492670036154,7.640822689758728,WEAK,REVIEW,Q4_Both_Weak,WATCH,Stable,1,1,1375,1123,923
TGIWX,Nuveen Core Equity Fund W,Large Blend,Active,51.72617910771976,65.64583923275082,13.919660125031058,WEAK,REVIEW,Q4_Both_Weak,WATCH,Upgraded by 2025 system,0.76,0.88,1567,931,923
PWV,Invesco Large Cap Value ETF,Large Value,Passive,69.55732286495649,46.51480461227577,-23.042518252680722,REVIEW,WEAK,Q4_Both_Weak,WATCH,Downgraded by 2025 system,1,1,455,2044,924
TMMAX,SEI Inst Mgd Tax-Managed Managed Volatility F,Large Value,Active,66.68143337360092,48.47732537662536,-18.204107996975566,REVIEW,WEAK,Q4_Both_Weak,WATCH,Downgraded by 2025 system,0.95,1,583,1917,925
VSLU,Applied Finance Valuation Large Cap ETF,Large Blend,Active,53.650056351379064,63.37522810352236,9.725171752143297,WEAK,REVIEW,Q4_Both_Weak,WATCH,Stable,0.15,0.46,1435,1065,925
NEEIX,Needham Growth Fund Institutional,Mid-Cap Growth,Active,58.05419544300623,57.30566733126534,-0.7485281117408888,WEAK,WEAK,Q4_Both_Weak,DROP,Stable,0.89,0.88,1116,1386,926
SPDG,State Street SPDR Portfolio S&P Sctr Neutrl Dv ETF,Large Value,Passive,42.03020534092113,85.97517244823823,43.9449671073171,WEAK,STRONG,Q2_Only_2025,REVIEW,Upgraded by 2025 system,0.15,0.5111,2295,208,927
YACKX,AMG Yacktman Fund I,Large Value,Active,63.58875994923389,51.55697841414377,-12.031781535090118,REVIEW,WEAK,Q4_Both_Weak,WATCH,Downgraded by 2025 system,1,1,766,1737,927
CWS,AdvisorShares Focused Equity ETF,Mid-Cap Blend,Active,61.41966481555233,53.6120519670775,-7.807612848474832,REVIEW,WEAK,Q4_Both_Weak,WATCH,Stable,0.57,0.79,901,1604,928
TMCIX,RBC SMID Cap Growth Fund I,Small Growth,Active,61.26191219482161,53.922450177867006,-7.339462016954606,REVIEW,WEAK,Q4_Both_Weak,WATCH,Stable,1,1,911,1594,928
GRPM,Invesco S&P MidCap 400 GARP ETF,Small Blend,Passive,63.28175189244825,51.83705272627107,-11.44469916617718,REVIEW,WEAK,Q4_Both_Weak,WATCH,Downgraded by 2025 system,1,1,793,1714,929
PAGRX,Permanent Portfolio Aggressive Growth Portfolio I,Large Blend,Active,59.571908469577814,55.39344478761456,-4.178463681963251,WEAK,WEAK,Q4_Both_Weak,DROP,Stable,1,1,1012,1496,930
PIZ,Invesco Dorsey Wright Developed Markets Mo ETF,Foreign Large Growth,Passive,71.4922990261192,44.917699768598915,-26.574599257520283,REVIEW,WEAK,Q4_Both_Weak,WATCH,Downgraded by 2025 system,1,1,361,2152,931
JERIX,Janus Henderson Global Real Estate Fund I,Global Real Estate,Active,64.22508009877357,50.73868488039105,-13.486395218382526,REVIEW,WEAK,Q4_Both_Weak,WATCH,Downgraded by 2025 system,1,1,729,1786,932
NBNGX,"Sit Mid Cap Growth Fund, Inc.",Mid-Cap Growth,Active,63.89824915424095,51.03579757973722,-12.86245157450373,REVIEW,WEAK,Q4_Both_Weak,WATCH,Downgraded by 2025 system,1,1,748,1768,933
IAFLX,F/m Investments Large Cap Focused Fund Inst,Large Growth,Active,58.797793679724734,56.1925243336446,-2.605269346080135,WEAK,WEAK,Q4_Both_Weak,DROP,Stable,0.57,0.79,1067,1452,934
MARFX,BlackRock Mid-Cap Value Fund Inst,Mid-Cap Value,Active,63.49069821612582,51.41441205347335,-12.076286162652472,REVIEW,WEAK,Q4_Both_Weak,WATCH,Downgraded by 2025 system,1,1,775,1745,935
OEGAX,Invesco Discovery Mid Cap Growth Fund A,Mid-Cap Growth,Active,62.91114052124067,51.88204631162405,-11.029094209616616,REVIEW,WEAK,Q4_Both_Weak,WATCH,Downgraded by 2025 system,1,1,810,1710,935
FIDPX,Federated Hermes International Dividend Str Port,Foreign Large Value,Active,58.19546749409772,56.81513466965623,-1.3803328244414885,WEAK,WEAK,Q4_Both_Weak,DROP,Stable,1,1,1107,1415,936
RFEM,First Trust RiverFront Dynamic Emerging Mkts ETF,Diversified Emerging Mkts,Active,61.62987236252428,53.10729313858891,-8.522579223935374,REVIEW,WEAK,Q4_Both_Weak,WATCH,Stable,0.57,0.79,887,1637,937
NBSLX,Neuberger Quality Equity Fund Inst,Large Blend,Active,58.36338764481916,56.59702529210282,-1.7663623527163423,WEAK,WEAK,Q4_Both_Weak,DROP,Stable,1,1,1096,1429,938
RFFC,ALPS Active Equity Opportunity ETF,Large Blend,Active,58.31980879320858,56.69773022855987,-1.6220785646487101,WEAK,WEAK,Q4_Both_Weak,DROP,Stable,0.57,0.79,1102,1424,939
FICS,First Trust International Dev Capital Strength ETF,Foreign Large Growth,Passive,72.77281325429905,43.89611207298432,-28.87670118131473,REVIEW,WEAK,Q4_Both_Weak,WATCH,Downgraded by 2025 system,0.57,0.8444,316,2211,940
GQQQ,Astoria US Quality Growth Kings ETF,Large Growth,Active,42.358598153357455,83.57487922705315,41.21628107369569,WEAK,STRONG,Q2_Only_2025,REVIEW,Upgraded by 2025 system,0.15,0.25,2274,259,941
PFSLX,Paradigm Select Fund,Mid-Cap Blend,Active,61.9010055666656,52.54363880808549,-9.357366758580113,REVIEW,WEAK,Q4_Both_Weak,WATCH,Stable,1,1,867,1668,942
RDVIX,Royce SMid-Cap Total Return Fund Investment,Mid-Cap Blend,Active,48.363798907627576,69.7560742474498,21.392275339822227,WEAK,REVIEW,Q4_Both_Weak,WATCH,Upgraded by 2025 system,1,1,1794,741,942
LSSNX,Loomis Sayles Small Cap Growth Fund N,Small Growth,Active,61.52517003611821,52.99727826697468,-8.52789176914353,REVIEW,WEAK,Q4_Both_Weak,WATCH,Stable,1,1,893,1644,943
FIW,First Trust Water ETF,Natural Resources,Passive,66.60325630698843,47.989156342394594,-18.614099964593834,REVIEW,WEAK,Q4_Both_Weak,WATCH,Downgraded by 2025 system,1,1,585,1954,944
VEVRX,Victory Sycamore Established Value Fund R6,Mid-Cap Value,Active,65.71187648805508,48.8046608598045,-16.907215628250583,REVIEW,WEAK,Q4_Both_Weak,WATCH,Downgraded by 2025 system,1,1,645,1894,944
JVAL,JPMorgan US Value Factor ETF,Large Value,Passive,47.83344120563805,70.59101026811763,22.757569062479575,WEAK,REVIEW,Q4_Both_Weak,WATCH,Upgraded by 2025 system,0.57,0.8444,1838,710,945
PCSMX,Principal SmallCap Growth Fund I R-6,Small Growth,Active,55.834838389915774,59.763997606391285,3.9291592164755116,WEAK,WEAK,Q4_Both_Weak,DROP,Stable,1,1,1294,1254,945
SMVTX,Virtus Ceredex Mid-Cap Value Equity Fund I,Mid-Cap Blend,Active,59.521213374202055,54.94801142053778,-4.573201953664274,WEAK,WEAK,Q4_Both_Weak,DROP,Stable,1,1,1017,1531,945
SVXFX,Smead International Value Fund I1,Foreign Large Value,Active,70.05983727760353,45.35997402520997,-24.699863252393563,REVIEW,WEAK,Q4_Both_Weak,WATCH,Downgraded by 2025 system,1,1,425,2123,945
PGWAX,Virtus Silvant Focused Growth Fund A,Large Growth,Active,55.545360556801924,59.98650637898263,4.441145822180708,WEAK,WEAK,Q4_Both_Weak,DROP,Stable,1,1,1314,1237,946
SFLO,VictoryShares Small Cap Free Cash Flow ETF,Small Value,Passive,48.23421575467576,69.51380114037364,21.279585385697885,WEAK,REVIEW,Q4_Both_Weak,WATCH,Upgraded by 2025 system,0.15,0.5111,1803,748,946
PQDMX,PGIM Quant Solutions International Dvlpd Mkts I R6,Foreign Large Blend,Passive,47.42872928239414,71.40452759738376,23.975798314989625,WEAK,REVIEW,Q4_Both_Weak,WATCH,Upgraded by 2025 system,0.57,0.8444,1874,680,947
RODM,Hartford Multifactor Developed Markets (ex-US) ETF,Foreign Large Value,Passive,47.40670908120066,71.59541424649511,24.18870516529445,WEAK,REVIEW,Q4_Both_Weak,WATCH,Upgraded by 2025 system,0.95,1,1879,675,947
GVIP,Goldman Sachs Hedge Industry VIP ETF,Large Growth,Passive,56.79901899283162,58.15607668281613,1.357057689984508,WEAK,WEAK,Q4_Both_Weak,DROP,Stable,0.57,0.8444,1210,1345,948
NWHLX,Nationwide Bailard International Equities Fd M,Foreign Large Blend,Active,54.183441911490384,61.5250516399816,7.341609728491214,WEAK,REVIEW,Q4_Both_Weak,WATCH,Stable,1,1,1395,1162,949
QVAL,Alpha Architect US Quantitative Value ETF,Mid-Cap Value,Active,52.19293780051078,63.98463874452881,11.791700944018032,WEAK,REVIEW,Q4_Both_Weak,WATCH,Upgraded by 2025 system,1,1,1535,1024,950
EEMV,iShares MSCI Emerging Markets Min Vol Factor ETF,Diversified Emerging Mkts,Passive,51.16625547172099,65.39347627032207,14.227220798601081,WEAK,REVIEW,Q4_Both_Weak,WATCH,Upgraded by 2025 system,1,1,1617,943,951
ISMD,Inspire Small/Mid Cap ETF,Small Blend,Passive,58.88842583781726,55.36181304331513,-3.526612794502128,WEAK,WEAK,Q4_Both_Weak,DROP,Stable,0.57,0.8444,1061,1499,951
TOLZ,ProShares DJ Brookfield Global Infrastructure ETF,Infrastructure,Passive,53.78077899854558,61.942347472701485,8.161568474155906,WEAK,REVIEW,Q4_Both_Weak,WATCH,Stable,1,1,1427,1136,952
IWD,iShares Russell 1000 Value ETF,Large Value,Passive,40.119833857943185,88.42139085422248,48.301556996279295,WEAK,STRONG,Q2_Only_2025,REVIEW,Upgraded by 2025 system,1,1,2421,147,953
ALARX,Alger Capital Appreciation Institutional Fund I,Large Growth,Active,58.80844562464371,55.288933360964435,-3.5195122636792746,WEAK,WEAK,Q4_Both_Weak,DROP,Stable,1,1,1065,1505,954
CMLIX,Congress Large Cap Growth Fund Institutional,Large Growth,Active,63.681135452974004,50.194932234032066,-13.486203218941938,REVIEW,WEAK,Q4_Both_Weak,WATCH,Downgraded by 2025 system,1,1,759,1811,954
SBSPX,Franklin S&P 500 Index Fund A,Large Blend,Passive,55.57391687491698,59.716494747437444,4.142577872520462,WEAK,WEAK,Q4_Both_Weak,DROP,Stable,1,1,1312,1259,955
TOPT,iShares Top 20 US Stocks ETF,Large Blend,Passive,45.28043496405914,75.03579278498115,29.755357820922015,WEAK,REVIEW,Q4_Both_Weak,WATCH,Upgraded by 2025 system,0.15,0.5111,2034,538,956
VFLO,VictoryShares Free Cash Flow ETF,Mid-Cap Value,Passive,56.23147283066312,58.50497187071559,2.273499040052471,WEAK,WEAK,Q4_Both_Weak,DROP,Stable,0.15,0.5111,1255,1319,957
LSSCX,Loomis Sayles Small Cap Value Fund Inst,Small Blend,Active,59.71296953201317,54.2442104602001,-5.468759071813068,WEAK,WEAK,Q4_Both_Weak,DROP,Stable,1,1,1000,1576,958
EQNAX,MFS Equity Income Fund A,Large Value,Active,61.7926152549034,51.929967647490585,-9.862647607412818,REVIEW,WEAK,Q4_Both_Weak,WATCH,Stable,1,1,873,1704,959
BKDEX,BlackRock Defensive Advtg Emerg Mkts Fund K,Diversified Emerging Mkts,Active,60.37211379522351,53.44058333899082,-6.931530456232693,REVIEW,WEAK,Q4_Both_Weak,WATCH,Stable,0.57,0.79,963,1616,960
SLYV,State Street SPDR S&P 600 Small Cap Value ETF,Small Value,Passive,40.286368580612304,87.21392025826081,46.92755167764851,WEAK,STRONG,Q2_Only_2025,REVIEW,Upgraded by 2025 system,1,1,2403,180,961
TARKX,Tarkio Fund,Mid-Cap Blend,Active,59.46140022118901,54.47684699763602,-4.984553223552993,WEAK,WEAK,Q4_Both_Weak,DROP,Stable,1,1,1023,1561,962
APDTX,Artisan Focus Fund Advisor,Large Growth,Active,62.16353867138235,51.57739351290147,-10.586145158480875,REVIEW,WEAK,Q4_Both_Weak,WATCH,Downgraded by 2025 system,0.57,0.79,852,1733,963
CMSCX,Columbia Small Cap Growth Fund I,Small Growth,Active,55.0761022642427,59.97882846212277,4.902726197880071,WEAK,WEAK,Q4_Both_Weak,DROP,Stable,1,1,1347,1238,963
SLADX,Selected American Shares D,Large Value,Active,58.44670293890006,55.46822919431869,-2.978473744581372,WEAK,WEAK,Q4_Both_Weak,DROP,Stable,1,1,1092,1494,964
XDIV,Roundhill S&P 500 No Dividend Target ETF,Large Blend,Active,38.16775638058335,92.66802443991853,54.50026805933518,WEAK,STRONG,Q2_Only_2025,REVIEW,Upgraded by 2025 system,0.15,0.25,2549,41,965
BQMGX,Bright Rock Mid Cap Growth Fund Inst,Mid-Cap Growth,Active,63.38888470758858,50.20006469028894,-13.18882001729964,REVIEW,WEAK,Q4_Both_Weak,WATCH,Downgraded by 2025 system,1,1,782,1809,966
SPIT,F/m Emerald Special Situations ETF,Large Growth,Active,55.9593280107173,58.59122749677629,2.631899486058991,WEAK,WEAK,Q4_Both_Weak,DROP,Stable,1,1,1279,1312,966
AESR,Anfield US Equity Sector Rotation ETF,Large Blend,Active,59.77171297482441,53.784636206784896,-5.987076768039515,WEAK,WEAK,Q4_Both_Weak,DROP,Stable,0.57,0.79,993,1599,967
WAMVX,Wasatch Micro Cap Value Fund Investor,Small Growth,Active,61.75953150195117,51.84028125334722,-9.919250248603952,REVIEW,WEAK,Q4_Both_Weak,WATCH,Stable,1,1,880,1713,968
AMIDX,Amana Developing World Fund Institutional,Diversified Emerging Mkts,Active,62.72846806110229,50.96002082651939,-11.7684472345829,REVIEW,WEAK,Q4_Both_Weak,WATCH,Downgraded by 2025 system,1,1,820,1774,969
TACU,T Rowe Price Active Core US Equity ETF,Large Blend,Active,37.412335663010666,100,62.587664336989334,WEAK,STRONG,Q2_Only_2025,REVIEW,Upgraded by 2025 system,0.15,0.25,2593,1,969
AVSCX,Avantis US Small Cap Equity Fund Instl,Small Blend,Active,41.4884780478585,83.45070422535211,41.96222617749361,WEAK,STRONG,Q2_Only_2025,REVIEW,Upgraded by 2025 system,0.15,0.25,2336,263,970
VTWO,Vanguard Russell 2000 Index Fund ETF,Small Blend,Passive,42.85397772817402,80.03615354730607,37.18217581913205,WEAK,STRONG,Q2_Only_2025,REVIEW,Upgraded by 2025 system,1,1,2227,374,971
AOTIX,Virtus Emerging Markets Opportunities Fund Inst,Diversified Emerging Mkts,Active,57.65403201901271,56.08795375871547,-1.566078260297239,WEAK,WEAK,Q4_Both_Weak,DROP,Stable,1,1,1148,1456,972
IWLG,NYLI Winslow Large Cap Growth ETF,Large Growth,Active,50.44306309408879,65.54168950451232,15.098626410423527,WEAK,REVIEW,Q4_Both_Weak,WATCH,Upgraded by 2025 system,0.15,0.46,1669,936,973
PFM,Invesco Dividend Achievers ETF,Large Value,Passive,69.17798950842904,45.22141600691599,-23.95657350151305,REVIEW,WEAK,Q4_Both_Weak,WATCH,Downgraded by 2025 system,1,1,471,2134,973
AFSM,First Trust Active Factor Small Cap ETF,Small Blend,Active,54.35184900350042,60.31183698594024,5.95998798243982,WEAK,REVIEW,Q4_Both_Weak,WATCH,Stable,0.57,0.79,1384,1222,974
SEIQ,SEI Enhanced US Large Cap Quality Factor ETF,Large Blend,Active,53.287208357044314,61.811434762092,8.524226405047685,WEAK,REVIEW,Q4_Both_Weak,WATCH,Stable,0.15,0.46,1463,1144,975
QBIG,Invesco Top QQQ ETF,Large Growth,Active,40.32278568876057,85.99033816425121,45.667552475490645,WEAK,STRONG,Q2_Only_2025,REVIEW,Upgraded by 2025 system,0.15,0.25,2401,207,976
TLTD,FlexShares MS Dev Mkts exUS Factors Tilt Idx,Foreign Large Value,Passive,44.24505436242071,76.39954164944739,32.154487287026676,WEAK,REVIEW,Q4_Both_Weak,WATCH,Upgraded by 2025 system,1,1,2114,494,976
AGTHX,American Funds Growth Fund of America A,Large Growth,Active,56.20670551627246,58.0238481732125,1.8171426569400424,WEAK,WEAK,Q4_Both_Weak,DROP,Stable,1,1,1259,1351,977
MDLRX,BlackRock Advantage Large Cap Core Fund Investor A,Large Blend,Active,58.08757947605302,55.38584656827079,-2.7017329077822296,WEAK,WEAK,Q4_Both_Weak,DROP,Stable,1,1,1115,1497,978
SLCVX,Saratoga Large Capitalization Value Portfolio I,Mid-Cap Blend,Active,63.529552131956045,49.692486908390194,-13.837065223565851,REVIEW,WEAK,Q4_Both_Weak,WATCH,Downgraded by 2025 system,1,1,769,1843,978
AMINX,Amana Income Fund Institutional,Large Blend,Active,63.014439070497104,50.22150715672462,-12.792931913772485,REVIEW,WEAK,Q4_Both_Weak,WATCH,Downgraded by 2025 system,1,1,805,1808,979
BBGSX,Bridge Builder Small/Mid Cap Growth Fund,Mid-Cap Growth,Active,56.752648221907485,57.160187289800554,0.4075390678930688,WEAK,WEAK,Q4_Both_Weak,DROP,Stable,1,1,1214,1399,979
ESIX,State Street SPDR S&P SmallCap 600 ESG ETF,Small Blend,Passive,46.38937384046834,72.30487090448034,25.915497064012,WEAK,REVIEW,Q4_Both_Weak,WATCH,Upgraded by 2025 system,0.15,0.6222,1966,649,980
JASCX,James Advantage Small Cap Fund,Small Blend,Active,56.574298670139164,57.367895286814004,0.79359661667484,WEAK,WEAK,Q4_Both_Weak,DROP,Stable,1,1,1230,1385,980
IWV,iShares Russell 3000 ETF,Large Blend,Passive,44.13494958014157,76.36546565847999,32.23051607833842,WEAK,REVIEW,Q4_Both_Weak,WATCH,Upgraded by 2025 system,1,1,2120,496,981
VSMSX,Vanguard S&P Small-Cap 600 Index Fund Inst,Small Blend,Passive,45.4039371250247,73.6367907332588,28.23285360823411,WEAK,REVIEW,Q4_Both_Weak,WATCH,Upgraded by 2025 system,1,1,2023,594,982
CGUS,Capital Group Core Equity ETF,Large Blend,Active,50.0430003210638,65.72706801471,15.684067693646199,WEAK,REVIEW,Q4_Both_Weak,WATCH,Upgraded by 2025 system,0.15,0.46,1692,927,983
MDYV,State Street SPDR S&P 400 Mid Cap Value ETF,Mid-Cap Value,Passive,43.83985543271058,76.84057974858548,33.000724315874905,WEAK,REVIEW,Q4_Both_Weak,WATCH,Upgraded by 2025 system,1,1,2144,476,984
CSB,VictoryShares US SmCp High Div Vol Wtd ETF,Small Value,Passive,51.68003739623697,63.58572505457355,11.905687658336582,WEAK,REVIEW,Q4_Both_Weak,WATCH,Upgraded by 2025 system,1,1,1569,1053,985
JUEMX,JPMorgan US Equity Fund R6,Large Blend,Active,63.07916696242793,50.08487814227912,-12.994288820148803,REVIEW,WEAK,Q4_Both_Weak,WATCH,Downgraded by 2025 system,1,1,803,1820,986
XUDV,Franklin US Dividend Booster Index ETF,Large Value,Passive,40.18540856527727,85.88472443009556,45.69931586481829,WEAK,STRONG,Q2_Only_2025,REVIEW,Upgraded by 2025 system,0.15,0.5111,2413,210,986
FILFX,Fidelity Strategic Advisers International Fund,Foreign Large Blend,Active,60.52129320618129,52.46279690727663,-8.058496298904657,REVIEW,WEAK,Q4_Both_Weak,WATCH,Stable,1,1,953,1672,987
GOGIX,John Hancock International Growth Fund I,Foreign Large Growth,Active,59.050170572849595,54.22507044299717,-4.825100129852423,WEAK,WEAK,Q4_Both_Weak,DROP,Stable,1,1,1049,1578,988
ARAIX,Ariel Fund Institutional,Small Value,Active,56.14609071115779,57.788756667736195,1.642665956578405,WEAK,WEAK,Q4_Both_Weak,DROP,Stable,1,1,1267,1361,989
NSCKX,Northern Small Cap Core Fund:K,Small Blend,Active,53.24817842809415,61.27266589547009,8.024487467375941,WEAK,REVIEW,Q4_Both_Weak,WATCH,Stable,0.76,0.88,1467,1172,990
TWQZX,Transamerica Large Cap Value I2,Large Value,Active,53.27928393487238,61.233049026555456,7.953765091683074,WEAK,REVIEW,Q4_Both_Weak,WATCH,Stable,1,1,1464,1175,990
TGVFX,Touchstone Dynamic Large Cap Gr Fd A,Large Growth,Active,60.88630137883315,51.90712714624885,-8.979174232584306,REVIEW,WEAK,Q4_Both_Weak,WATCH,Stable,1,1,934,1706,991
NMIEX,Northern Active M International Equity Fund,Foreign Large Blend,Active,57.37247838421251,55.65463348891646,-1.7178448952960537,WEAK,WEAK,Q4_Both_Weak,DROP,Stable,1,1,1162,1483,992
FSLSX,Fidelity Value Strategies Fund,Mid-Cap Value,Active,57.23334963852446,55.75456820408563,-1.4787814344388295,WEAK,WEAK,Q4_Both_Weak,DROP,Stable,1,1,1169,1477,993
TDVG,T Rowe Price Dividend Growth ETF,Large Blend,Active,63.49495670701849,49.18694170477405,-14.308015002244439,REVIEW,WEAK,Q4_Both_Weak,WATCH,Downgraded by 2025 system,0.57,0.79,773,1873,993
VTMSX,Vanguard Tax-Managed Small-Cap Fund Admiral,Small Blend,Passive,46.11435512697528,71.7318428384034,25.61748771142811,WEAK,REVIEW,Q4_Both_Weak,WATCH,Upgraded by 2025 system,1,1,1975,671,993
GMLVX,GuideMark Emerging Markets Fund Service,Diversified Emerging Mkts,Active,48.26499221726616,67.5819219777634,19.31692976049724,WEAK,REVIEW,Q4_Both_Weak,WATCH,Upgraded by 2025 system,1,1,1800,847,994
QISCX,Federated Hermes MDT Small Cap Core Fund Inst,Small Blend,Active,56.15897988925268,57.44232517402315,1.2833452847704763,WEAK,WEAK,Q4_Both_Weak,DROP,Stable,1,1,1265,1383,995
RSPM,Invesco S&P 500 Eql Wght Materials ETF,Natural Resources,Passive,48.56581408415362,67.04061600644506,18.47480192229144,WEAK,REVIEW,Q4_Both_Weak,WATCH,Upgraded by 2025 system,1,1,1782,867,996
PAVE,Global X US Infrastructure Development ETF,Infrastructure,Passive,68.93351550479666,44.77498629771727,-24.15852920707939,REVIEW,WEAK,Q4_Both_Weak,WATCH,Downgraded by 2025 system,0.57,0.8444,490,2164,997
DFEOX,DFA US Core Equity 1 Portfolio Institutional,Large Blend,Active,52.56504058263244,61.780500413049424,9.215459830416982,WEAK,REVIEW,Q4_Both_Weak,WATCH,Stable,1,1,1506,1150,998
JANVX,Janus Henderson Venture Fund D,Small Growth,Active,57.386721763960615,55.3788595223239,-2.0078622416367153,WEAK,WEAK,Q4_Both_Weak,DROP,Stable,1,1,1160,1498,999
SHAPX,ClearBridge Appreciation Fund A,Large Blend,Active,64.40113217366391,48.207933609759,-16.193198563904907,REVIEW,WEAK,Q4_Both_Weak,WATCH,Downgraded by 2025 system,1,1,718,1941,1000
FMUEX,Free Market US Equity Fund Inst,Mid-Cap Value,Active,57.77516532910935,55.14061129549639,-2.6345540336129574,WEAK,WEAK,Q4_Both_Weak,DROP,Stable,1,1,1138,1522,1001
UIEMX,Victory Emerging Markets Fund Institutional,Diversified Emerging Mkts,Active,60.30290935731251,52.0460158348246,-8.256893522487907,REVIEW,WEAK,Q4_Both_Weak,WATCH,Stable,1,1,967,1699,1002
CISIX,Calvert US Large-Cap Core Responsible Index I,Large Blend,Passive,48.68339855092113,66.49430399187177,17.81090544095064,WEAK,REVIEW,Q4_Both_Weak,WATCH,Upgraded by 2025 system,1,1,1775,892,1003
BBVLX,Bridge Builder Large Cap Value Fund,Large Value,Active,58.43977713660695,54.255205629864825,-4.184571506742124,WEAK,WEAK,Q4_Both_Weak,DROP,Stable,1,1,1094,1575,1004
MPLIX,Praxis International Index Fund I,Foreign Large Blend,Passive,48.79610634829051,66.20510264278516,17.408996294494656,WEAK,REVIEW,Q4_Both_Weak,WATCH,Upgraded by 2025 system,1,1,1770,900,1005
WINN,Harbor Long-Term Growers ETF,Large Growth,Active,53.50744477477524,60.26596239952033,6.758517624745096,WEAK,REVIEW,Q4_Both_Weak,WATCH,Stable,0.15,0.46,1447,1224,1006
CFIMX,Clipper Fund,Large Value,Active,58.34366264128739,54.2267470393878,-4.116915601899585,WEAK,WEAK,Q4_Both_Weak,DROP,Stable,1,1,1098,1577,1007
PRDGX,T Rowe Price Dividend Growth Fund,Large Blend,Active,65.09526735087269,47.25262938891845,-17.84263796195424,REVIEW,WEAK,Q4_Both_Weak,WATCH,Downgraded by 2025 system,1,1,679,1998,1008
EQIN,Columbia US Equity Income ETF,Large Value,Active,60.594537551708896,51.599634351361566,-8.99490320034733,REVIEW,WEAK,Q4_Both_Weak,WATCH,Stable,0.57,0.79,949,1731,1009
ZEMIX,American Beacon Ninety One Emerging Mkt Eqty Fd R5,Diversified Emerging Mkts,Active,52.27879455514047,61.752393965556706,9.473599410416234,WEAK,REVIEW,Q4_Both_Weak,WATCH,Stable,0.57,0.79,1529,1151,1009
WFMIX,Allspring Special Mid Cap Val Fd Inst,Mid-Cap Value,Active,63.29384081054369,48.9163053120941,-14.37753549844959,REVIEW,WEAK,Q4_Both_Weak,WATCH,Downgraded by 2025 system,1,1,790,1891,1010
FSKLX,Fidelity SAI International Low Volatility Index Fd,Foreign Large Blend,Passive,56.771896856687896,55.8505434410194,-0.9213534156684986,WEAK,WEAK,Q4_Both_Weak,DROP,Stable,1,1,1212,1471,1011
AGRW,Allspring LT Large Growth ETF,Large Growth,Active,40.03928968813889,83.57487922705315,43.53558953891425,WEAK,STRONG,Q2_Only_2025,REVIEW,Upgraded by 2025 system,0.15,0.25,2427,259,1012
IJR,iShares Core S&P Small-Cap ETF,Small Blend,Passive,44.61819856105409,73.47844747051074,28.86024890945665,WEAK,REVIEW,Q4_Both_Weak,WATCH,Upgraded by 2025 system,1,1,2087,599,1012
STXE,Strive Emerging Markets Ex-China ETF,Diversified Emerging Mkts,Passive,48.946433553152694,65.80152226153893,16.85508870838624,WEAK,REVIEW,Q4_Both_Weak,WATCH,Upgraded by 2025 system,0.15,0.6222,1764,923,1013
SIGIX,Seafarer Overseas Growth and Income Inst,Diversified Emerging Mkts,Active,61.93043086443885,50.046742586107264,-11.883688278331583,REVIEW,WEAK,Q4_Both_Weak,WATCH,Downgraded by 2025 system,1,1,865,1823,1014
NBHIX,Neuberger Equity Income Fund Institutional,Large Value,Active,61.67073796825474,50.227183890076454,-11.443554078178288,REVIEW,WEAK,Q4_Both_Weak,WATCH,Downgraded by 2025 system,1,1,884,1807,1015
MUXAX,Victory S&P 500 Index Fund A,Large Blend,Passive,54.922738136631885,58.35689659200376,3.434158455371872,WEAK,WEAK,Q4_Both_Weak,DROP,Stable,1,1,1357,1335,1016
THMGX,Thornburg Emerging Markets Mgd Acct SMA,Diversified Emerging Mkts,Active,36.26954796951665,100,63.73045203048335,WEAK,STRONG,Q2_Only_2025,REVIEW,Upgraded by 2025 system,0.15,0.25,2691,1,1016
AUIAX,AB Equity Income Fund A,Large Value,Active,57.6866686464264,54.66193999769457,-3.0247286487318306,WEAK,WEAK,Q4_Both_Weak,DROP,Stable,1,1,1145,1548,1017
VEGN,US Vegan Climate ETF,Large Growth,Passive,57.616754722234,54.66258339485323,-2.95417132738077,WEAK,WEAK,Q4_Both_Weak,DROP,Stable,0.57,0.8444,1150,1547,1018
TRLGX,T Rowe Price Large-Cap Growth Fund I,Large Growth,Active,54.684495990514336,58.4084553310216,3.723959340507264,WEAK,WEAK,Q4_Both_Weak,DROP,Stable,1,1,1370,1328,1019
CIGIX,Calamos International Growth Fund I,Foreign Large Growth,Active,55.986944573273014,56.68905344670014,0.7021088734271288,WEAK,WEAK,Q4_Both_Weak,DROP,Stable,1,1,1275,1425,1020
DSCIX,Dana Epiphany Small Cap Equity Fund Inst,Small Growth,Active,52.44537093593979,61.03464621932632,8.589275283386527,WEAK,REVIEW,Q4_Both_Weak,WATCH,Stable,1,1,1513,1187,1020
FPRO,Fidelity Real Estate Investment ETF,Real Estate,Active,56.18359205823681,56.34712018957387,0.1635281313370598,WEAK,WEAK,Q4_Both_Weak,DROP,Stable,0.57,0.79,1262,1439,1021
FICEX,Frost Growth Equity Fund Institutional,Large Growth,Active,59.21599593452029,52.67302988595874,-6.542966048561553,WEAK,WEAK,Q4_Both_Weak,DROP,Stable,1,1,1040,1662,1022
VIOV,Vanguard S&P Small-Cap 600 Val Index Fund ETF,Small Value,Passive,38.70805101800706,86.83822850777163,48.13017748976457,WEAK,STRONG,Q2_Only_2025,REVIEW,Upgraded by 2025 system,1,1,2513,189,1022
WLTTX,Wilshire International Equity Fund Institutional,Foreign Large Blend,Active,59.22638345312715,52.65232428707753,-6.574059166049615,WEAK,WEAK,Q4_Both_Weak,DROP,Stable,1,1,1039,1664,1023
USISX,Victory Income Stock Fund Fund,Large Value,Active,59.88706108316148,51.735041010619966,-8.15202007254151,WEAK,WEAK,Q4_Both_Weak,DROP,Stable,1,1,985,1720,1024
VESMX,VELA Small Cap Fund I,Small Blend,Active,65.4594322368865,46.4908748998678,-18.9685573370187,REVIEW,WEAK,Q4_Both_Weak,WATCH,Downgraded by 2025 system,0.57,0.79,659,2046,1024
ALSMX,Archer Multi Cap Fund,Mid-Cap Blend,Active,54.96140866584813,58.018037402430934,3.0566287365828018,WEAK,WEAK,Q4_Both_Weak,DROP,Stable,0.57,0.79,1354,1352,1025
FSMVX,Fidelity Mid Cap Value Fund,Mid-Cap Value,Active,53.68040766311989,59.4632211159102,5.782813452790315,WEAK,WEAK,Q4_Both_Weak,DROP,Stable,1,1,1433,1273,1025
JIRE,JPMorgan International Research Enhanced Eqty ETF,Foreign Large Blend,Active,51.539413194128116,62.210377737692525,10.67096454356441,WEAK,REVIEW,Q4_Both_Weak,WATCH,Upgraded by 2025 system,1,1,1582,1124,1025
SLPAX,SEI Inst Inv Small Cap Fund A,Small Blend,Active,53.57596386081796,59.50138618253703,5.925422321719076,WEAK,WEAK,Q4_Both_Weak,DROP,Stable,1,1,1440,1269,1026
SURE,AdvisorShares Insider Advantage ETF,Mid-Cap Blend,Active,58.924357207034625,52.857152966837674,-6.067204240196951,WEAK,WEAK,Q4_Both_Weak,DROP,Stable,1,1,1059,1651,1027
FISEX,Franklin Equity Income Fund A,Large Value,Active,61.4753271214083,50.13695981516393,-11.338367306244372,REVIEW,WEAK,Q4_Both_Weak,WATCH,Downgraded by 2025 system,1,1,897,1815,1028
CFAGX,Commerce MidCap Growth Fund,Mid-Cap Growth,Active,63.70619982142337,47.929450367249466,-15.776749454173903,REVIEW,WEAK,Q4_Both_Weak,WATCH,Downgraded by 2025 system,1,1,755,1959,1029
FEGKX,Fidelity Equity Growth K6 Fund,Large Growth,Active,42.33811274753162,78.01932367149759,35.68121092396597,WEAK,REVIEW,Q4_Both_Weak,WATCH,Upgraded by 2025 system,0.15,0.25,2277,437,1029
MXGSX,Empower Large Cap Growth Fund Institutional,Large Growth,Active,58.73698422014812,53.039858936473024,-5.697125283675099,WEAK,WEAK,Q4_Both_Weak,DROP,Stable,1,1,1074,1640,1029
KMVAX,Kirr Marbach Partners Value Fund,Mid-Cap Blend,Active,55.24241589534725,57.48263321881256,2.240217323465309,WEAK,WEAK,Q4_Both_Weak,DROP,Stable,1,1,1336,1379,1030
MIEIX,MFS International Equity Fund R6,Foreign Large Blend,Active,67.25656872965106,44.93110462979243,-22.325464099858635,REVIEW,WEAK,Q4_Both_Weak,WATCH,Downgraded by 2025 system,1,1,567,2149,1031
BFOR,Barron's 400 ETF,Mid-Cap Blend,Passive,65.01590578073112,46.61458458836314,-18.40132119236798,REVIEW,WEAK,Q4_Both_Weak,WATCH,Downgraded by 2025 system,1,1,685,2036,1032
SCHM,Schwab US Mid-Cap ETF,Mid-Cap Blend,Passive,38.86727521069794,85.38335869247486,46.51608348177692,WEAK,STRONG,Q2_Only_2025,REVIEW,Upgraded by 2025 system,1,1,2502,219,1032
APSDX,NYLI Fiera SMID Growth Fund R6,Mid-Cap Growth,Active,62.13783210141298,49.32646041980789,-12.811371681605095,REVIEW,WEAK,Q4_Both_Weak,WATCH,Downgraded by 2025 system,0.53,0.59,855,1867,1033
GDIIX,Genter Dividend Income Fund,Large Value,Active,60.34173954251778,51.20481574490567,-9.136923797612106,REVIEW,WEAK,Q4_Both_Weak,WATCH,Stable,1,1,966,1758,1034
GVAL,Cambria Global Value ETF,Foreign Large Value,Active,54.687867596875506,57.838333794364075,3.1504661974885693,WEAK,WEAK,Q4_Both_Weak,DROP,Stable,1,1,1369,1357,1035
MRIMX,Victory Integrity Mid-Cap Value Fund R6,Mid-Cap Value,Active,57.17155100600677,54.63482000948217,-2.5367309965246037,WEAK,WEAK,Q4_Both_Weak,DROP,Stable,1,1,1176,1550,1035
RPTIX,T Rowe Price Mid-Cap Growth Fund I,Mid-Cap Growth,Active,59.00567989036709,52.45382130081902,-6.551858589548068,WEAK,WEAK,Q4_Both_Weak,DROP,Stable,1,1,1052,1674,1035
ICBMX,ICON Natural Resources and Infra Fund Inst,Natural Resources,Active,61.9228360096011,49.39229453599876,-12.53054147360234,REVIEW,WEAK,Q4_Both_Weak,WATCH,Downgraded by 2025 system,1,1,866,1861,1036
CMJIX,Calvert US Mid-Cap Core Responsible Index Fund I,Mid-Cap Blend,Passive,42.88893219925995,76.1530049432315,33.264072743971546,WEAK,REVIEW,Q4_Both_Weak,WATCH,Upgraded by 2025 system,1,1,2226,504,1037
VIOO,Vanguard S&P Small-Cap 600 Index Fund ETF,Small Blend,Passive,44.6411297517372,72.31675852749187,27.675628775754667,WEAK,REVIEW,Q4_Both_Weak,WATCH,Upgraded by 2025 system,1,1,2084,648,1038
FIMPX,Nuveen Small Cap Growth Opportunities Fund I,Small Growth,Active,56.66661459401663,55.21229592488546,-1.454318669131169,WEAK,WEAK,Q4_Both_Weak,DROP,Stable,1,1,1218,1515,1039
SPILX,Symmetry Panoramic International Equity Fund I,Foreign Large Blend,Active,57.092767518761136,54.590260845161275,-2.5025066735998607,WEAK,WEAK,Q4_Both_Weak,DROP,Stable,0.57,0.79,1182,1552,1040
LGLV,State Street SPDR SSGA US Lg Cap Low Vol Index ETF,Large Blend,Passive,58.656587409209074,52.75013548389295,-5.9064519253161265,WEAK,WEAK,Q4_Both_Weak,DROP,Stable,1,1,1079,1658,1041
DES,WisdomTree US SmallCap Dividend Fund,Small Value,Passive,43.151159301684636,75.22307358648958,32.07191428480494,WEAK,REVIEW,Q4_Both_Weak,WATCH,Upgraded by 2025 system,1,1,2208,530,1042
DXUV,Dimensional US Vector Equity ETF,Mid-Cap Value,Active,44.63556985824192,72.17741935483872,27.541849496596797,WEAK,REVIEW,Q4_Both_Weak,WATCH,Upgraded by 2025 system,0.15,0.25,2086,655,1043
EES,WisdomTree US SmallCap Fund,Small Value,Passive,43.33609081099661,74.68565918836852,31.34956837737191,WEAK,REVIEW,Q4_Both_Weak,WATCH,Upgraded by 2025 system,1,1,2190,553,1044
HHHFX,Hartford Schroders Emerging Markets Equity Fd F,Diversified Emerging Mkts,Active,57.78207988915371,53.58562370024863,-4.196456188905074,WEAK,WEAK,Q4_Both_Weak,DROP,Stable,0.89,0.88,1136,1607,1044
RFDA,RiverFront Dynamic US Dividend Advantage ETF,Large Value,Active,58.9783897326601,52.209108553081684,-6.769281179578414,WEAK,WEAK,Q4_Both_Weak,DROP,Stable,0.57,0.79,1054,1689,1044
HLAL,Wahed FTSE USA Shariah ETF,Large Blend,Passive,69.8241156754435,42.341278379671024,-27.48283729577247,REVIEW,WEAK,Q4_Both_Weak,WATCH,Downgraded by 2025 system,0.57,0.8444,439,2305,1045
DEMSX,DFA Emerging Markets Small Cap Portfolio Inst,Diversified Emerging Mkts,Active,60.52744884810437,50.62076861518654,-9.906680232917829,REVIEW,WEAK,Q4_Both_Weak,WATCH,Stable,1,1,952,1793,1046
DSMFX,Destinations Small-Mid Cap Equity Fund I,Small Blend,Active,55.09246261460214,57.15421807850849,2.0617554639063513,WEAK,WEAK,Q4_Both_Weak,DROP,Stable,0.57,0.79,1346,1400,1047
DHSIX,Diamond Hill Small Cap Fund I,Small Value,Active,55.638680518743676,56.312238567880556,0.6735580491368793,WEAK,WEAK,Q4_Both_Weak,DROP,Stable,1,1,1308,1444,1048
VSMVX,Vanguard S&P Small-Cap 600 Val Index Fund Inst,Small Value,Passive,38.53938864106487,84.9208894208768,46.38150077981194,WEAK,STRONG,Q2_Only_2025,REVIEW,Upgraded by 2025 system,1,1,2524,228,1048
CCSO,Carbon Collective Climate Solutions US Eqty ETF,Mid-Cap Growth,Active,45.08934112722812,70.66549870763089,25.57615758040277,WEAK,REVIEW,Q4_Both_Weak,WATCH,Upgraded by 2025 system,0.15,0.46,2049,705,1049
DFSPX,DFA International Sustainability Core 1 Portfolio,Foreign Large Blend,Active,53.318349457729205,58.99989955485355,5.681550097124344,WEAK,WEAK,Q4_Both_Weak,DROP,Stable,1,1,1459,1296,1050
CVMC,Calvert US Mid-Cap Core Responsible Index ETF,Mid-Cap Blend,Passive,40.001354256597764,81.48743315877469,41.48607890217693,WEAK,STRONG,Q2_Only_2025,REVIEW,Upgraded by 2025 system,0.15,0.6222,2430,327,1051
IQDF,FlexShares International Quality Dividend Index Fd,Foreign Large Value,Passive,42.14977715094626,76.9882307918211,34.83845364087484,WEAK,REVIEW,Q4_Both_Weak,WATCH,Upgraded by 2025 system,1,1,2286,471,1051
VGIIX,JPMorgan US Value Fund I,Large Value,Active,61.449402360119656,49.41040376481774,-12.03899859530192,REVIEW,WEAK,Q4_Both_Weak,WATCH,Downgraded by 2025 system,1,1,899,1858,1051
F00000V2IO,Allspring Small Company Val,Small Value,Active,52.43866131941647,59.89847715736041,7.4598158379439425,WEAK,WEAK,Q4_Both_Weak,DROP,Stable,0.11,0.25,1514,1244,1052
FHKFX,Fidelity Series Emerging Markets Fund,Diversified Emerging Mkts,Active,46.52217427188711,68.26128788848335,21.739113616596242,WEAK,REVIEW,Q4_Both_Weak,WATCH,Upgraded by 2025 system,0.57,0.79,1951,809,1053
LGRO,Level Four Large Cap Growth Active ETF,Large Growth,Active,44.02788216793118,72.70531400966183,28.67743184173065,WEAK,REVIEW,Q4_Both_Weak,WATCH,Upgraded by 2025 system,0.15,0.25,2131,631,1054
FLV,American Century Focused Large Cap Value ETF,Large Value,Active,61.43591559214965,49.36435532647567,-12.07156026567398,REVIEW,WEAK,Q4_Both_Weak,WATCH,Downgraded by 2025 system,0.57,0.79,900,1864,1055
BDBKX,iShares Russell 2000 SC Idx Fund Class K,Small Blend,Passive,40.929753554234054,79.18143911053144,38.25168555629739,WEAK,REVIEW,Q4_Both_Weak,WATCH,Upgraded by 2025 system,1,1,2371,395,1056
GEIYX,GuideStone Growth Equity Index Fund Inst,Large Growth,Passive,38.64126048355968,83.9501897640279,45.30892928046822,WEAK,STRONG,Q2_Only_2025,REVIEW,Upgraded by 2025 system,0.1,0.6222,2516,250,1056
FYX,First Trust Small Cap Core AlphaDEX Fund,Small Blend,Passive,59.64238092166696,51.128946095712436,-8.513434825954526,WEAK,WEAK,Q4_Both_Weak,DROP,Stable,1,1,1004,1763,1057
BREIX,Baron Real Estate Fund Inst,Real Estate,Active,57.46559642707152,53.483700187467306,-3.981896239604211,WEAK,WEAK,Q4_Both_Weak,DROP,Stable,1,1,1156,1613,1058
PQJCX,PGIM Jennison Small-Cap Core Equity Fund R6,Small Growth,Active,58.71181902462086,52.14151337976334,-6.57030564485752,WEAK,WEAK,Q4_Both_Weak,DROP,Stable,0.57,0.79,1077,1694,1059
EWX,State Street SPDR S&P Emerging Mkts Small Cap ETF,Diversified Emerging Mkts,Passive,64.59018411258329,46.20990089221092,-18.38028322037237,REVIEW,WEAK,Q4_Both_Weak,WATCH,Downgraded by 2025 system,1,1,705,2068,1060
VASVX,Vanguard Selected Value Fund Investor,Mid-Cap Value,Active,53.49467520811434,58.39617772323161,4.901502515117272,WEAK,WEAK,Q4_Both_Weak,DROP,Stable,1,1,1448,1330,1061
MRLTX,AMG Renaissance Large Cap Growth Fund N,Large Growth,Active,64.49878585861629,46.19900008991573,-18.29978576870056,REVIEW,WEAK,Q4_Both_Weak,WATCH,Downgraded by 2025 system,1,1,712,2069,1062
MSSM,Morgan Stanley Pathway Small-Mid Cap Equity ETF,Small Blend,Active,56.39476379624648,54.78360925589455,-1.611154540351933,WEAK,WEAK,Q4_Both_Weak,DROP,Stable,1,1,1241,1540,1062
CARK,CastleArk Large Growth ETF,Large Growth,Active,45.58501420748854,68.84057971014492,23.25556550265638,WEAK,REVIEW,Q4_Both_Weak,WATCH,Upgraded by 2025 system,0.15,0.25,2008,775,1063
EGUS,iShares ESG Aware MSCI USA Growth ETF,Large Growth,Passive,38.873075084108315,82.91911608895833,44.04604100485002,WEAK,STRONG,Q2_Only_2025,REVIEW,Upgraded by 2025 system,0.15,0.6222,2500,286,1064
POMIX,T Rowe Price Total Equity Market Index Fund,Large Blend,Passive,42.6556006704383,74.79349933119184,32.13789866075354,WEAK,REVIEW,Q4_Both_Weak,WATCH,Upgraded by 2025 system,1,1,2242,545,1065
XC,WisdomTree True Emerging Markets Fund,Diversified Emerging Mkts,Passive,49.59778894863587,63.32361973609003,13.725830787454157,WEAK,REVIEW,Q4_Both_Weak,WATCH,Upgraded by 2025 system,0.15,0.6222,1721,1068,1066
FSRNX,Fidelity Real Estate Index Fund,Real Estate,Passive,37.130311519028986,87.26705658693758,50.1367450679086,WEAK,STRONG,Q2_Only_2025,REVIEW,Upgraded by 2025 system,1,1,2617,175,1067
PTNQ,Pacer Trendpilot 100 ETF,Large Growth,Passive,69.02188453363266,42.27212942425883,-26.74975510937383,REVIEW,WEAK,Q4_Both_Weak,WATCH,Downgraded by 2025 system,1,1,483,2311,1068
CBSAX,Columbia Select Mid Cap Growth Fund A,Mid-Cap Growth,Active,55.46031945875978,55.838373177892606,0.37805371913282926,WEAK,WEAK,Q4_Both_Weak,DROP,Stable,1,1,1321,1474,1069
AMDVX,American Century Mid Cap Value Fund R6,Mid-Cap Value,Active,61.780040104281206,48.46614420634494,-13.313895897936263,REVIEW,WEAK,Q4_Both_Weak,WATCH,Downgraded by 2025 system,1,1,875,1921,1070
VRTIX,Vanguard Russell 2000 Index Fund Institutional,Small Blend,Passive,41.12934557628444,78.15874001924057,37.029394442956125,WEAK,REVIEW,Q4_Both_Weak,WATCH,Upgraded by 2025 system,1,1,2364,432,1070
NIXT,Research Affiliates Deletions ETF,Small Value,Passive,38.491076580011836,83.36829800082944,44.877221420817605,WEAK,STRONG,Q2_Only_2025,REVIEW,Upgraded by 2025 system,0.15,0.5111,2530,267,1071
BIREX,BlackRock Real Estate Securities Fund Inst,Real Estate,Active,55.968807260613765,55.15344204220569,-0.8153652184080755,WEAK,WEAK,Q4_Both_Weak,DROP,Stable,1,1,1278,1521,1072
HRAUX,Carillon Eagle Mid Cap Growth Fund R-6,Mid-Cap Growth,Active,60.56572184113196,49.57281177647222,-10.992910064659739,REVIEW,WEAK,Q4_Both_Weak,WATCH,Downgraded by 2025 system,1,1,951,1853,1073
STMDX,Sterling Capital Real Estate Fund Inst,Real Estate,Active,60.230928539130005,49.76324776868821,-10.467680770441795,REVIEW,WEAK,Q4_Both_Weak,WATCH,Downgraded by 2025 system,1,1,969,1836,1074
AVEE,Avantis Emerging Markets Small Cap Equity ETF,Diversified Emerging Mkts,Active,44.092714583396,71.25748502994011,27.16477044654411,WEAK,REVIEW,Q4_Both_Weak,WATCH,Upgraded by 2025 system,0.15,0.25,2124,684,1075
DRISX,North Square Small Cap Value Fund I,Small Value,Active,58.33216280261105,51.88661203727042,-6.445550765340634,WEAK,WEAK,Q4_Both_Weak,DROP,Stable,1,1,1100,1709,1076
RSIRX,Victory RS International Fund R6,Foreign Large Blend,Active,63.006886500602455,47.1628812871848,-15.844005213417653,REVIEW,WEAK,Q4_Both_Weak,WATCH,Downgraded by 2025 system,0.57,0.79,806,2003,1076
IJS,iShares S&P Small-Cap 600 Value ETF,Small Value,Passive,36.88344987992929,87.25939880904924,50.37594892911996,WEAK,STRONG,Q2_Only_2025,REVIEW,Upgraded by 2025 system,1,1,2634,177,1077
PHO,Invesco Water Resources ETF,Natural Resources,Passive,65.99521230551785,44.330586921301155,-21.6646253842167,REVIEW,WEAK,Q4_Both_Weak,WATCH,Downgraded by 2025 system,1,1,620,2191,1077
OFVIX,O'Shaughnessy Market Leaders Value Fund I,Large Value,Active,54.4890821086311,56.53748202329051,2.048399914659406,WEAK,WEAK,Q4_Both_Weak,DROP,Stable,1,1,1380,1433,1078
DEXC,Dimensional Emerging Markets ex China Cr Eqty ETF,Diversified Emerging Mkts,Active,44.364768033651764,70.65868263473054,26.293914601078775,WEAK,REVIEW,Q4_Both_Weak,WATCH,Upgraded by 2025 system,0.15,0.25,2106,708,1079
MFSG,MFS Active Growth ETF,Large Growth,Active,42.525117336345936,74.39613526570048,31.871017929354544,WEAK,REVIEW,Q4_Both_Weak,WATCH,Upgraded by 2025 system,0.15,0.25,2255,560,1080
CRIAX,CRM Small/Mid Cap Value Fund Institutional,Small Blend,Active,62.660560372219955,47.315794439801756,-15.344765932418198,REVIEW,WEAK,Q4_Both_Weak,WATCH,Downgraded by 2025 system,1,1,825,1994,1081
GTLOX,Glenmede Disciplined US Equity Portfolio Adv,Mid-Cap Value,Active,58.97422043385427,50.92724809928191,-8.04697233457236,WEAK,WEAK,Q4_Both_Weak,DROP,Stable,1,1,1055,1775,1082
SBHVX,Segall Bryant & Hamill Small Cap Value Fund Inst,Small Value,Active,57.26790788668441,52.65055206419835,-4.617355822486061,WEAK,WEAK,Q4_Both_Weak,DROP,Stable,1,1,1167,1665,1083
SNPD,Xtrackers S&P Dividend Aristocrats Screened ETF,Mid-Cap Value,Passive,42.42845773210146,74.25284516519942,31.82438743309796,WEAK,REVIEW,Q4_Both_Weak,WATCH,Upgraded by 2025 system,0.15,0.6222,2268,568,1084
QUAL,iShares MSCI USA Quality Factor ETF,Large Blend,Passive,46.15523431249796,67.06866343124211,20.913429118744155,WEAK,REVIEW,Q4_Both_Weak,WATCH,Upgraded by 2025 system,1,1,1972,865,1085
FBCG,Fidelity Blue Chip Growth ETF,Large Growth,Active,49.955542069887485,61.90121761833582,11.945675548448335,WEAK,REVIEW,Q4_Both_Weak,WATCH,Upgraded by 2025 system,0.57,0.79,1697,1141,1086
HFQIX,Janus Henderson Global Eqty Income Fund I,Foreign Large Value,Active,62.39195984615531,47.234957817021304,-15.157002029134006,REVIEW,WEAK,Q4_Both_Weak,WATCH,Downgraded by 2025 system,1,1,843,1999,1087
BUIIX,Buffalo International Fund Instl,Foreign Large Growth,Active,64.7404080398079,45.09850909328024,-19.64189894652766,REVIEW,WEAK,Q4_Both_Weak,WATCH,Downgraded by 2025 system,0.89,0.88,702,2143,1088
IVOV,Vanguard S&P Mid-Cap 400 Value Index Fund ETF,Mid-Cap Value,Passive,40.96582400196233,76.82831023026266,35.86248622830033,WEAK,REVIEW,Q4_Both_Weak,WATCH,Upgraded by 2025 system,1,1,2369,477,1089
HOVLX,Homestead Value Fund,Large Value,Active,56.18707126420932,54.06521141807218,-2.1218598461371414,WEAK,WEAK,Q4_Both_Weak,DROP,Stable,1,1,1261,1586,1090
TSME,Thrivent Small-Mid Cap Equity ETF,Mid-Cap Blend,Active,55.24080375129078,55.26353149955635,0.022727748265573666,WEAK,WEAK,Q4_Both_Weak,DROP,Stable,0.15,0.46,1337,1510,1090
CTIGX,Calamos Timpani SMID Growth Fund I,Small Growth,Active,52.43133734655411,58.37888512267261,5.947547776118498,WEAK,WEAK,Q4_Both_Weak,DROP,Stable,0.57,0.79,1515,1333,1091
LSGR,Natixis Loomis Sayles Focused Growth ETF,Large Growth,Active,49.012987359202505,62.80193236714976,13.788945007947255,WEAK,REVIEW,Q4_Both_Weak,WATCH,Upgraded by 2025 system,0.15,0.25,1758,1090,1091
SRVEX,Victory Diversified Stock Fund A,Large Blend,Active,52.968979159636035,57.6449474404107,4.675968280774661,WEAK,WEAK,Q4_Both_Weak,DROP,Stable,1,1,1480,1368,1091
MGOAX,Victory Mid-Cap Core Growth Fund A,Mid-Cap Growth,Active,57.68858398734344,51.9289694495249,-5.759614537818543,WEAK,WEAK,Q4_Both_Weak,DROP,Stable,1,1,1144,1705,1092
IDV,iShares International Select Dividend ETF,Foreign Large Value,Passive,52.62898523240538,57.959124631579286,5.330139399173909,WEAK,WEAK,Q4_Both_Weak,DROP,Stable,1,1,1498,1353,1093
ARSIX,AMG River Road Small Cap Value Fund I,Small Value,Active,63.50045831533232,46.035500050276134,-17.464958265056183,REVIEW,WEAK,Q4_Both_Weak,WATCH,Downgraded by 2025 system,1,1,771,2081,1094
VHCAX,Vanguard Capital Opportunity Fund Admiral,Large Blend,Active,57.74218199184662,51.82888392550247,-5.913298066344154,WEAK,WEAK,Q4_Both_Weak,DROP,Stable,0.95,1,1140,1716,1095
DEHP,DFA Dimensional Emerging Mkts High Proftblty ETF,Diversified Emerging Mkts,Active,53.97239016846527,56.2868307736958,2.31444060523053,WEAK,WEAK,Q4_Both_Weak,DROP,Stable,0.15,0.46,1411,1446,1096
EILGX,Eaton Vance Atlanta Capital Focused Growth Fund I,Large Growth,Active,64.0966569013394,45.35930601211553,-18.73735088922387,REVIEW,WEAK,Q4_Both_Weak,WATCH,Downgraded by 2025 system,1,1,736,2124,1097
VMFVX,Vanguard S&P Mid-Cap 400 Value Index Fund Inst,Mid-Cap Value,Passive,41.63138932038207,75.15657048390676,33.52518116352469,WEAK,REVIEW,Q4_Both_Weak,WATCH,Upgraded by 2025 system,1,1,2324,536,1097
EPLPX,NYLI Epoch US Equity Yield Fund A,Large Value,Active,59.464577407542386,49.71471058355951,-9.749866823982877,WEAK,WEAK,Q4_Both_Weak,DROP,Stable,1,1,1022,1839,1098
GXLC,Global X US 500 ETF,Large Blend,Passive,36.83285338623389,85.04533544017391,48.21248205394002,WEAK,STRONG,Q2_Only_2025,REVIEW,Upgraded by 2025 system,0.15,0.5111,2637,225,1099
SMDIX,Hartford Schroders US MidCap Opps Fd I,Mid-Cap Blend,Active,61.491892495140924,47.825804440697695,-13.666088054443229,REVIEW,WEAK,Q4_Both_Weak,WATCH,Downgraded by 2025 system,1,1,896,1966,1099
LOMAX,Edgar Lomax Value Fund,Large Value,Active,58.97158986267311,50.13386435035495,-8.837725512318165,WEAK,WEAK,Q4_Both_Weak,DROP,Stable,1,1,1056,1816,1100
TRZIX,T Rowe Price Small-Cap Index Fund Z,Small Blend,Passive,38.71277138415334,80.31942348505467,41.60665210090133,WEAK,STRONG,Q2_Only_2025,REVIEW,Upgraded by 2025 system,0.76,0.8667,2512,360,1100
UPGR,Xtrackers US Green Infrastructure Select Eqty ETF,Infrastructure,Passive,47.811314530760356,63.858695652173914,16.047381121413558,WEAK,REVIEW,Q4_Both_Weak,WATCH,Upgraded by 2025 system,0.15,0.5111,1841,1032,1101
DFSE,DFA Dimensional Em Mkts Sustainability Core 1 ETF,Diversified Emerging Mkts,Active,54.89204079309554,55.25923216730124,0.3671913742057029,WEAK,WEAK,Q4_Both_Weak,DROP,Stable,0.15,0.46,1362,1513,1102
NCTWX,Nicholas II Inc I,Mid-Cap Growth,Active,59.35147869219472,49.66494684904894,-9.68653184314578,WEAK,WEAK,Q4_Both_Weak,DROP,Stable,1,1,1028,1847,1102
TGVOX,TCW Relative Value Mid Cap Fund I,Mid-Cap Value,Active,51.628020137101274,58.83354724011848,7.205527103017204,WEAK,WEAK,Q4_Both_Weak,DROP,Stable,1,1,1575,1303,1103
FTSIX,FullerThaler Behavioral Sml-Mid Core Eq Fd Inst,Small Blend,Active,57.02760808923476,52.148776948945084,-4.878831140289677,WEAK,WEAK,Q4_Both_Weak,DROP,Stable,0.57,0.79,1186,1693,1104
NUEM,Nuveen ESG Emerging Markets Equity ETF,Diversified Emerging Mkts,Passive,40.89025573256072,76.1294495622284,35.239193829667684,WEAK,REVIEW,Q4_Both_Weak,WATCH,Upgraded by 2025 system,0.57,0.8444,2373,506,1104
LAMAX,Lord Abbett Dividend Growth Fund A,Large Blend,Active,60.77018382428023,48.152767571797,-12.617416252483231,REVIEW,WEAK,Q4_Both_Weak,WATCH,Downgraded by 2025 system,1,1,937,1943,1105
EEM,iShares MSCI Emerging Markets ETF,Diversified Emerging Mkts,Passive,42.812874290130736,72.27899555709767,29.466121266966937,WEAK,REVIEW,Q4_Both_Weak,WATCH,Upgraded by 2025 system,1,1,2230,651,1106
ETIDX,Eventide Dividend Growth Fund I,Mid-Cap Blend,Active,56.27577187836443,53.25557455797571,-3.020197320388718,WEAK,WEAK,Q4_Both_Weak,DROP,Stable,0.57,0.79,1252,1629,1106
IWM,iShares Russell 2000 ETF,Small Blend,Passive,40.0324409897202,77.47640083291193,37.443959843191735,WEAK,REVIEW,Q4_Both_Weak,WATCH,Upgraded by 2025 system,1,1,2429,452,1106
PEMYX,Putnam Emerging Markets Equity Fund Y,Diversified Emerging Mkts,Active,54.55684033994618,55.27355534948267,0.7167150095364931,WEAK,WEAK,Q4_Both_Weak,DROP,Stable,1,1,1376,1507,1107
POVSX,Putnam International Equity Fund A,Foreign Large Blend,Active,56.574534691348155,52.82048209516776,-3.7540525961803937,WEAK,WEAK,Q4_Both_Weak,DROP,Stable,1,1,1229,1654,1107
SPDV,AAM S&P 500 High Dividend Value ETF,Mid-Cap Value,Passive,55.86096573645095,53.962468482467976,-1.898497253982974,WEAK,WEAK,Q4_Both_Weak,DROP,Stable,0.57,0.8444,1292,1591,1107
MID,American Century Mid Cap Growth Impact ETF,Mid-Cap Growth,Active,50.745209240702536,60.01677233650755,9.271563095805014,WEAK,REVIEW,Q4_Both_Weak,WATCH,Stable,0.57,0.79,1650,1236,1108
IJJ,iShares S&P Mid-Cap 400 Value ETF,Mid-Cap Value,Passive,40.38228530739944,76.52954585271536,36.147260545315916,WEAK,REVIEW,Q4_Both_Weak,WATCH,Upgraded by 2025 system,1,1,2400,488,1109
JIGFX,Janus Henderson Overseas Fund I,Foreign Large Blend,Active,62.78345042060204,46.1347668175962,-16.648683603005836,REVIEW,WEAK,Q4_Both_Weak,WATCH,Downgraded by 2025 system,1,1,814,2075,1110
LVHD,Franklin US Low Volatility High Dividend Index,Mid-Cap Value,Passive,61.83053761777465,46.85707698435929,-14.973460633415364,REVIEW,WEAK,Q4_Both_Weak,WATCH,Downgraded by 2025 system,1,1,871,2020,1111
SNIGX,"Sit Large Cap Growth Fund, Inc.",Large Growth,Active,61.88603838748603,46.797087536012434,-15.088950851473598,REVIEW,WEAK,Q4_Both_Weak,WATCH,Downgraded by 2025 system,1,1,868,2023,1111
PMEGX,T Rowe Price Inst Mid-Cap Eqty Growth Fund,Mid-Cap Growth,Active,56.88917843967739,52.162593732557426,-4.726584707119962,WEAK,WEAK,Q4_Both_Weak,DROP,Stable,1,1,1200,1692,1112
PSPIX,Principal SmallCap S&P 600 Index Fund R-6,Small Blend,Passive,42.81945420342397,71.91742328112927,29.0979690777053,WEAK,REVIEW,Q4_Both_Weak,WATCH,Upgraded by 2025 system,0.89,0.8667,2229,664,1113
SPXT,ProShares S&P 500 Ex-Technology ETF,Large Blend,Passive,49.42948320886625,61.5189435946349,12.089460385768646,WEAK,REVIEW,Q4_Both_Weak,WATCH,Upgraded by 2025 system,1,1,1731,1163,1114
FMAGX,Fidelity Magellan Fund,Large Growth,Active,56.34868416965932,52.92025127167448,-3.428432897984841,WEAK,WEAK,Q4_Both_Weak,DROP,Stable,1,1,1246,1649,1115
FPX,First Trust US Equity Opportunities ETF,Mid-Cap Growth,Passive,62.4071893455158,46.359735667482056,-16.047453678033747,REVIEW,WEAK,Q4_Both_Weak,WATCH,Downgraded by 2025 system,1,1,840,2056,1116
MIDE,Xtrackers S&P MidCap 400 Scored & Screened ETF,Mid-Cap Blend,Passive,45.26485863511328,67.1369016393559,21.87204300424262,WEAK,REVIEW,Q4_Both_Weak,WATCH,Upgraded by 2025 system,0.57,0.8444,2035,862,1117
OVF,Overlay Shares Foreign Equity ETF,Foreign Large Blend,Active,56.27933425627661,52.93428313868247,-3.3450511175941458,WEAK,WEAK,Q4_Both_Weak,DROP,Stable,0.57,0.79,1250,1647,1117
PINDX,Victory Pioneer Disciplined Growth Fund A,Large Growth,Active,63.953005431823854,44.91611302623515,-19.036892405588702,REVIEW,WEAK,Q4_Both_Weak,WATCH,Downgraded by 2025 system,1,1,744,2153,1117
SMGIX,Columbia Contrarian Core Fund I,Large Blend,Active,56.23109567819205,53.02301796964709,-3.2080777085449554,WEAK,WEAK,Q4_Both_Weak,DROP,Stable,1,1,1256,1641,1117
IYGIX,Nomura Large Cap Growth Fund Inst,Large Growth,Active,60.887267761040384,47.86067073847163,-13.026597022568751,REVIEW,WEAK,Q4_Both_Weak,WATCH,Downgraded by 2025 system,1,1,933,1965,1118
HGIFX,Hartford Core Equity Fund F,Large Blend,Active,56.962689539523325,51.89148556900898,-5.071203970514347,WEAK,WEAK,Q4_Both_Weak,DROP,Stable,0.89,0.88,1191,1708,1119
PRXG,Praxis Impact Large Cap Growth ETF,Large Growth,Active,37.695016448079805,81.64251207729468,43.94749562921488,WEAK,STRONG,Q2_Only_2025,REVIEW,Upgraded by 2025 system,0.15,0.25,2575,325,1120
QQQE,Direxion NASDAQ-100 Equal Weighted Index ETF,Large Growth,Passive,50.5290254617955,59.97335912604728,9.44433366425178,WEAK,WEAK,Q4_Both_Weak,DROP,Stable,1,1,1662,1239,1121
FTRI,First Trust Indxx Global Natural Resources Inc ETF,Natural Resources,Passive,52.72497971837562,56.91048374736781,4.185504028992192,WEAK,WEAK,Q4_Both_Weak,DROP,Stable,1,1,1492,1410,1122
MRESX,Cromwell CenterSquare Real Estate Fund Inv,Real Estate,Active,56.89549006678896,51.84963131404088,-5.045858752748082,WEAK,WEAK,Q4_Both_Weak,DROP,Stable,1,1,1197,1711,1123
FSCC,Federated Hermes MDT Small Cap Core ETF,Small Blend,Active,40.629094110449586,75.35211267605634,34.72301856560675,WEAK,REVIEW,Q4_Both_Weak,WATCH,Upgraded by 2025 system,0.15,0.25,2384,525,1124
RYBIX,Rydex Basic Materials Fund Investor,Natural Resources,Active,58.80693978272906,49.6888719661699,-9.118067816559162,WEAK,WEAK,Q4_Both_Weak,DROP,Stable,1,1,1066,1844,1125
GSGO,Goldman Sachs Growth Opportunities ETF,Large Growth,Active,50.66129268383083,59.73372784097166,9.07243515714083,WEAK,WEAK,Q4_Both_Weak,DROP,Stable,1,1,1656,1258,1126
LKSMX,LKCM Small-Mid Equity Fund Inst,Mid-Cap Growth,Active,57.209283227786,51.34862102968354,-5.86066219810246,WEAK,WEAK,Q4_Both_Weak,DROP,Stable,1,1,1171,1748,1127
CSUIX,Cohen & Steers Global Infrastructure Fund I,Infrastructure,Active,59.88933639962216,48.29912636341201,-11.590210036210152,WEAK,WEAK,Q4_Both_Weak,DROP,Downgraded by 2025 system,1,1,984,1936,1128
TSCSX,Thrivent Small Cap Stock Fund S,Small Blend,Active,62.60157579636242,45.814961575709205,-16.786614220653213,REVIEW,WEAK,Q4_Both_Weak,WATCH,Downgraded by 2025 system,1,1,828,2092,1128
KMDIX,KEELEY Gabelli Mid Cap Dividend Fund I,Mid-Cap Value,Active,55.67327181561625,53.42054888409813,-2.2527229315181216,WEAK,WEAK,Q4_Both_Weak,DROP,Stable,1,1,1304,1617,1129
AATIX,Ancora/Thelen Small-Mid Cap Fund I,Small Value,Active,58.78107917395658,49.55666016486301,-9.224419009093566,WEAK,WEAK,Q4_Both_Weak,DROP,Stable,1,1,1071,1854,1130
JNRFX,Janus Henderson Research Fund D,Large Growth,Active,54.35150219425089,54.77674671069871,0.4252445164478189,WEAK,WEAK,Q4_Both_Weak,DROP,Stable,1,1,1385,1541,1131
CAPEX,Eaton Vance Tax-Managed Growth Fund 1.0,Large Blend,Active,56.309668527053894,52.33700571630687,-3.9726628107470248,WEAK,WEAK,Q4_Both_Weak,DROP,Stable,1,1,1247,1680,1132
JIVE,JPMorgan International Value ETF,Foreign Large Value,Active,48.19007457505109,62.264150943396224,14.074076368345132,WEAK,REVIEW,Q4_Both_Weak,WATCH,Upgraded by 2025 system,0.15,0.25,1808,1119,1132
SEITX,SEI International Equity Fund F,Foreign Large Blend,Active,55.88335303516381,53.0562098876112,-2.8271431475526043,WEAK,WEAK,Q4_Both_Weak,DROP,Stable,1,1,1289,1638,1132
LVDS,JPMorgan Fundamental Data Science Large Value ETF,Large Value,Active,51.18387317033801,58.5489963551573,7.365123184819289,WEAK,WEAK,Q4_Both_Weak,DROP,Stable,0.37,0.66,1615,1315,1133
LSVVX,LSV Conservative Value Equity Fund Institutional,Large Value,Active,51.46019688933411,58.28511636839329,6.824919479059183,WEAK,WEAK,Q4_Both_Weak,DROP,Stable,1,1,1591,1341,1134
CGNG,Capital Group New Geography Equity ETF,Diversified Emerging Mkts,Active,50.10292996155078,59.88023952095808,9.7773095594073,WEAK,WEAK,Q4_Both_Weak,DROP,Stable,0.15,0.25,1689,1246,1135
CNEQ,Alger Concentrated Equity ETF,Large Growth,Active,45.076556859559716,66.66666666666666,21.59010980710694,WEAK,REVIEW,Q4_Both_Weak,WATCH,Upgraded by 2025 system,0.15,0.25,2052,883,1135
RYOTX,Royce Micro-Cap Fund Investment,Small Blend,Active,56.45732475103454,51.993209604761695,-4.464115146272846,WEAK,WEAK,Q4_Both_Weak,DROP,Stable,1,1,1236,1700,1136
USIFX,Victory International Fund Fund,Foreign Large Blend,Active,56.988406358491595,51.34505013179651,-5.643356226695083,WEAK,WEAK,Q4_Both_Weak,DROP,Stable,1,1,1189,1749,1137
PTMAX,PGIM Quant Solutions Large-Cap Core Fund A,Large Blend,Active,55.3911481435941,53.44779549388531,-1.9433526497087925,WEAK,WEAK,Q4_Both_Weak,DROP,Stable,1,1,1326,1615,1138
MKVHX,MFS International Large Cap Value Fund R6,Foreign Large Value,Active,57.932577263735496,50.07111383483417,-7.861463428901324,WEAK,WEAK,Q4_Both_Weak,DROP,Stable,0.57,0.79,1123,1821,1139
DGRS,WisdomTree US SmallCap Quality Dividend Growth,Small Value,Passive,43.65624421124613,68.57531860118802,24.919074389941883,WEAK,REVIEW,Q4_Both_Weak,WATCH,Upgraded by 2025 system,1,1,2161,785,1140
DIVHX,Cutler Equity Fund,Large Value,Active,62.91884651804369,45.07584698493109,-17.842999533112604,REVIEW,WEAK,Q4_Both_Weak,WATCH,Downgraded by 2025 system,1,1,809,2144,1141
USMV,iShares MSCI USA Min Vol Factor ETF,Large Blend,Passive,53.16969683484136,55.65804345589076,2.488346621049402,WEAK,WEAK,Q4_Both_Weak,DROP,Stable,1,1,1473,1482,1142
AMALX,Small Cap Dividend Fund G,Small Value,Active,50.90044567196033,58.52244381251715,7.621998140556826,WEAK,WEAK,Q4_Both_Weak,DROP,Stable,0.15,0.46,1638,1318,1143
TRNEX,T Rowe Price New Era Fund I,Natural Resources,Active,52.83647611279007,55.869623366019525,3.0331472532294512,WEAK,WEAK,Q4_Both_Weak,DROP,Stable,1,1,1486,1470,1143
SVAL,iShares US Small Cap Value Factor ETF,Small Value,Passive,40.94192813336168,73.88459126614637,32.942663132784695,WEAK,REVIEW,Q4_Both_Weak,WATCH,Upgraded by 2025 system,0.57,0.8444,2370,587,1144
DFVE,DoubleLine Fortune 500 Equal Weight ETF,Mid-Cap Value,Passive,38.98151031754271,77.08684621081993,38.10533589327722,WEAK,REVIEW,Q4_Both_Weak,WATCH,Upgraded by 2025 system,0.15,0.5111,2491,468,1145
XIDV,Franklin International Dividend Booster Index ETF,Foreign Large Value,Passive,37.095239137492655,80.91916305997944,43.823923922486784,WEAK,STRONG,Q2_Only_2025,REVIEW,Upgraded by 2025 system,0.15,0.5111,2618,341,1145
PCMSX,Principal MidCap Value Fund I R-6,Mid-Cap Value,Active,57.87924498075603,49.798804393002825,-8.080440587753202,WEAK,WEAK,Q4_Both_Weak,DROP,Stable,0.76,0.88,1127,1833,1146
APDEX,Artisan Sustainable Emerging Markets Fund Adv,Diversified Emerging Mkts,Active,55.91993221604261,52.4342277775724,-3.485704438470208,WEAK,WEAK,Q4_Both_Weak,DROP,Stable,0.53,0.69,1285,1677,1147
IPFPX,Poplar Forest Partners Fund Inst,Mid-Cap Value,Active,59.245988604191794,48.456839623065086,-10.789148981126708,WEAK,WEAK,Q4_Both_Weak,DROP,Downgraded by 2025 system,1,1,1037,1925,1147
ECOW,Pacer Emerging Markets Cash Cows 100 ETF,Diversified Emerging Mkts,Passive,63.09164795734088,44.79108151906151,-18.300566438279375,REVIEW,WEAK,Q4_Both_Weak,WATCH,Downgraded by 2025 system,0.57,0.8444,802,2162,1148
MXVHX,Empower Large Cap Value Fund Institutional,Large Value,Active,58.09976056733932,49.463862635844336,-8.63589793149498,WEAK,WEAK,Q4_Both_Weak,DROP,Stable,1,1,1112,1856,1149
CFSSX,Column Small Cap Select Fund,Small Blend,Active,50.51051723194612,58.80281690140845,8.29229966946233,WEAK,WEAK,Q4_Both_Weak,DROP,Stable,0.15,0.25,1665,1305,1150
VEGI,iShares MSCI Agriculture Producers ETF,Natural Resources,Passive,41.54568626416419,72.58209737763107,31.036411113466883,WEAK,REVIEW,Q4_Both_Weak,WATCH,Upgraded by 2025 system,1,1,2332,642,1151
ISCB,iShares Morningstar Small-Cap ETF,Small Blend,Passive,34.55414799476557,87.76398002467971,53.20983202991414,WEAK,STRONG,Q2_Only_2025,REVIEW,Upgraded by 2025 system,1,1,2811,164,1152
FEMR,Fidelity Enhanced Emerging Markets ETF,Diversified Emerging Mkts,Active,40.44700300740261,73.95209580838323,33.50509280098063,WEAK,REVIEW,Q4_Both_Weak,WATCH,Upgraded by 2025 system,0.15,0.25,2395,581,1153
FAMVX,FAM Value Fund Investor,Mid-Cap Blend,Active,60.63108793471115,46.69326853161346,-13.937819403097684,REVIEW,WEAK,Q4_Both_Weak,WATCH,Downgraded by 2025 system,1,1,948,2030,1154
PBEAX,PGIM Jennison Value Fund A,Large Value,Active,54.63569122479745,53.55545166723045,-1.0802395575669976,WEAK,WEAK,Q4_Both_Weak,DROP,Stable,1,1,1372,1609,1155
JMID,Janus Henderson Mid Cap Growth Alpha ETF,Mid-Cap Growth,Active,38.21827346356465,77.77777777777779,39.559504314213136,WEAK,REVIEW,Q4_Both_Weak,WATCH,Upgraded by 2025 system,0.15,0.25,2546,442,1156
TEDMX,Templeton Developing Markets Trust A,Diversified Emerging Mkts,Active,55.6643560824927,52.30743454662924,-3.3569215358634636,WEAK,WEAK,Q4_Both_Weak,DROP,Stable,1,1,1306,1682,1156
EFAV,iShares MSCI EAFE Min Vol Factor ETF,Foreign Large Blend,Passive,53.32895912847647,54.924705460144,1.5957463316675273,WEAK,WEAK,Q4_Both_Weak,DROP,Stable,1,1,1457,1535,1157
BRSVX,Bridgeway Small-Cap Value Fund,Small Value,Active,61.779580313051326,45.50695655922951,-16.27262375382182,REVIEW,WEAK,Q4_Both_Weak,WATCH,Downgraded by 2025 system,1,1,876,2118,1158
FEAC,Fidelity Enhanced US All-Cap Equity ETF,Large Blend,Active,36.185972441211725,82.28105906313645,46.09508662192473,WEAK,STRONG,Q2_Only_2025,REVIEW,Upgraded by 2025 system,0.15,0.25,2698,298,1159
MODL,VictoryShares WestEnd US Sector ETF,Large Blend,Active,50.544409705998305,58.3551563552367,7.810746649238396,WEAK,WEAK,Q4_Both_Weak,DROP,Stable,0.15,0.46,1661,1336,1160
TLVAX,Timothy Plan Large/Mid Cap Value Fund A,Mid-Cap Blend,Active,60.63278047161257,46.43749114823244,-14.19528932338013,REVIEW,WEAK,Q4_Both_Weak,WATCH,Downgraded by 2025 system,1,1,947,2050,1160
FDEQX,Fidelity Disciplined Equity Fund,Large Growth,Active,54.73784257784061,53.24152963675724,-1.4963129410833673,WEAK,WEAK,Q4_Both_Weak,DROP,Stable,1,1,1368,1630,1161
DEVIX,Nomura Small Cap Value Fund Institutional,Small Value,Active,56.897857703054335,50.30545337627716,-6.592404326777178,WEAK,WEAK,Q4_Both_Weak,DROP,Stable,1,1,1196,1803,1162
HFGO,Hartford Large Cap Growth ETF,Large Growth,Active,48.41070173849389,60.536311270162045,12.125609531668154,WEAK,REVIEW,Q4_Both_Weak,WATCH,Upgraded by 2025 system,0.15,0.46,1791,1210,1163
MEFZX,MassMutual Mid Cap Growth Fund I,Mid-Cap Growth,Active,56.59025009162435,50.88435911835757,-5.705890973266776,WEAK,WEAK,Q4_Both_Weak,DROP,Stable,1,1,1225,1776,1163
FSCDX,Fidelity Advisor Small Cap Fund A,Small Blend,Active,57.14556101393473,50.01014535113632,-7.135415662798408,WEAK,WEAK,Q4_Both_Weak,DROP,Stable,1,1,1178,1826,1164
REZ,iShares Residential and Multisector Real Estate,Real Estate,Passive,63.36031247604622,43.749596606311336,-19.610715869734882,REVIEW,WEAK,Q4_Both_Weak,WATCH,Downgraded by 2025 system,1,1,786,2220,1165
CAFG,Pacer US Small Cap Cash Cows Growth Leaders ETF,Small Growth,Passive,38.974703231778705,75.91466645672915,36.939963224950446,WEAK,REVIEW,Q4_Both_Weak,WATCH,Upgraded by 2025 system,0.15,0.5111,2493,514,1166
VSMV,VictoryShares US Multi-Factor Minimum Vol ETF,Large Value,Passive,69.68193308549729,38.05129469460894,-31.63063839088835,REVIEW,WEAK,Q4_Both_Weak,WATCH,Downgraded by 2025 system,0.57,0.8444,445,2563,1167
FDVLX,Fidelity Value Fund,Mid-Cap Value,Active,55.00642232248148,52.776080248661614,-2.2303420738198625,WEAK,WEAK,Q4_Both_Weak,DROP,Stable,1,1,1352,1657,1168
RSPR,Invesco S&P 500 Equal Weight Real Estate ETF,Real Estate,Passive,59.25255052143068,47.73058799382358,-11.521962527607094,WEAK,WEAK,Q4_Both_Weak,DROP,Downgraded by 2025 system,1,1,1035,1974,1168
RYPRX,Royce Premier Fund Investment,Small Blend,Active,63.11835326776514,43.94799035197395,-19.170362915791188,REVIEW,WEAK,Q4_Both_Weak,WATCH,Downgraded by 2025 system,1,1,800,2209,1168
MXYKX,Empower T Rowe Price Mid Cap Growth Fund Inst,Mid-Cap Growth,Active,56.63158077002062,50.64868917025785,-5.982891599762766,WEAK,WEAK,Q4_Both_Weak,DROP,Stable,1,1,1221,1790,1169
QDEF,FlexShares Quality Dividend Defensive Index Fund,Large Value,Passive,67.76223237289076,39.65718835686081,-28.105044016029957,REVIEW,WEAK,Q4_Both_Weak,WATCH,Downgraded by 2025 system,1,1,542,2473,1170
PSMVX,Principal SmallCap Value Fund II R-6,Small Value,Active,55.46414267137336,52.11345190403179,-3.3506907673415682,WEAK,WEAK,Q4_Both_Weak,DROP,Stable,1,1,1320,1696,1171
F000011B1Y,Allspring Diversified Lrg Cp Gr,Large Growth,Active,47.888899102245915,61.111111111111114,13.222212008865199,WEAK,REVIEW,Q4_Both_Weak,WATCH,Upgraded by 2025 system,0.11,0.25,1834,1183,1172
ESN,Essential 40 Stock ETF,Large Value,Active,53.979383546049306,53.542441822648144,-0.4369417234011621,WEAK,WEAK,Q4_Both_Weak,DROP,Stable,1,1,1409,1610,1173
FLQS,Franklin US Small Cap Multifactor Index ETF,Small Blend,Passive,48.51941777775497,60.02227513002143,11.50285735226646,WEAK,REVIEW,Q4_Both_Weak,WATCH,Upgraded by 2025 system,0.57,0.8444,1786,1235,1174
LEXCX,Voya Corporate Leaders Trust Fund,Large Value,Active,60.51185267721952,46.23273930310815,-14.279113374111375,REVIEW,WEAK,Q4_Both_Weak,WATCH,Downgraded by 2025 system,1,1,954,2067,1174
FEQTX,Fidelity Equity Dividend Income Fund,Large Value,Active,58.32183247417267,48.46361243425292,-9.85822003991975,WEAK,WEAK,Q4_Both_Weak,DROP,Stable,1,1,1101,1922,1175
FMTM,MarketDesk Focused US Momentum ETF,Large Growth,Active,37.53351343298388,78.01932367149759,40.48581023851371,WEAK,REVIEW,Q4_Both_Weak,WATCH,Upgraded by 2025 system,0.15,0.25,2586,437,1175
WESJX,William Blair Emerging Markets Small Cap Gro R6,Diversified Emerging Mkts,Active,64.96717977094957,41.916029829954724,-23.051149940994847,REVIEW,WEAK,Q4_Both_Weak,WATCH,Downgraded by 2025 system,1,1,688,2335,1175
NMSCX,Columbia Small Cap Index Fund I,Small Blend,Passive,42.64727189736645,68.60222602722746,25.954954129861008,WEAK,REVIEW,Q4_Both_Weak,WATCH,Upgraded by 2025 system,1,1,2243,783,1176
DLDRX,BNY Mellon Natural Resources Fund I,Natural Resources,Active,61.50086449077834,45.24377817977512,-16.25708631100322,REVIEW,WEAK,Q4_Both_Weak,WATCH,Downgraded by 2025 system,1,1,894,2133,1177
QNXT,iShares Nasdaq-100 ex Top 30 ETF,Large Growth,Passive,37.077740356004654,78.76801677064405,41.6902764146394,WEAK,REVIEW,Q4_Both_Weak,WATCH,Upgraded by 2025 system,0.15,0.5111,2621,406,1177
XCNY,State Street SPDR S&P Emerging Mkts ex-China ETF,Diversified Emerging Mkts,Passive,37.1904359996532,78.58495052139584,41.39451452174264,WEAK,REVIEW,Q4_Both_Weak,WATCH,Upgraded by 2025 system,0.15,0.5111,2612,415,1177
VEVFX,Vanguard Explorer Value Fund Investor,Small Value,Active,50.65387759325809,57.615248950611196,6.961371357353109,WEAK,WEAK,Q4_Both_Weak,DROP,Stable,1,1,1657,1371,1178
MASOX,MoA Small Cap Equity Index Fund,Small Blend,Passive,42.267051264204,69.50298202255229,27.23593075834829,WEAK,REVIEW,Q4_Both_Weak,WATCH,Upgraded by 2025 system,0.57,0.8444,2281,749,1179
LMISX,Franklin US Large Cap Equity Fund IS,Large Blend,Active,51.60769958155883,56.16409891621657,4.556399334657733,WEAK,WEAK,Q4_Both_Weak,DROP,Stable,1,1,1578,1453,1180
MBCZX,MassMutual Blue Chip Growth Fund I,Large Growth,Active,50.68276833089642,57.511575699299044,6.828807368402622,WEAK,WEAK,Q4_Both_Weak,DROP,Stable,1,1,1654,1377,1180
MXJVX,Empower International Value Fund Inst,Foreign Large Value,Active,57.02627708084401,49.641640987516,-7.384636093328012,WEAK,WEAK,Q4_Both_Weak,DROP,Stable,1,1,1187,1848,1181
SZCIX,DWS Small Cap Core Fund Inst,Small Blend,Active,58.848772392922456,47.73608981060114,-11.112682582321312,WEAK,WEAK,Q4_Both_Weak,DROP,Downgraded by 2025 system,0.76,0.88,1063,1973,1182
VNQI,Vanguard Global ex-US Real Estate Index Fd ETF,Global Real Estate,Passive,47.16767322635154,61.65434924488523,14.486676018533693,WEAK,REVIEW,Q4_Both_Weak,WATCH,Upgraded by 2025 system,1,1,1895,1152,1183
IQLT,iShares MSCI Intl Quality Factor ETF,Foreign Large Blend,Passive,54.87255658879007,52.21380789049223,-2.658748698297842,WEAK,WEAK,Q4_Both_Weak,DROP,Stable,1,1,1364,1686,1184
WMLIX,Wilmington Large-Cap Strategy Fund Institutional,Large Blend,Active,56.578653787920175,50.01533793322457,-6.5633158546956025,WEAK,WEAK,Q4_Both_Weak,DROP,Stable,1,1,1226,1825,1185
VDEQX,Vanguard Diversified Equity Fund Investor,Large Growth,Active,52.800097816512924,54.39897794551178,1.5988801289988572,WEAK,WEAK,Q4_Both_Weak,DROP,Stable,1,1,1487,1565,1186
TSONX,Nuveen International Responsible Equity Fund R6,Foreign Large Blend,Active,54.031885476968945,52.924210097839065,-1.10767537912988,WEAK,WEAK,Q4_Both_Weak,DROP,Stable,1,1,1405,1648,1187
TWCIX,American Century Select Fund Investor,Large Growth,Active,64.3003590643513,41.95614682274657,-22.34421224160473,REVIEW,WEAK,Q4_Both_Weak,WATCH,Downgraded by 2025 system,1,1,725,2329,1188
BIRKX,BlackRock Sustainable Aware Adv Lrg Cp Core K,Large Blend,Active,54.096311036428915,52.80353292917517,-1.2927781072537456,WEAK,WEAK,Q4_Both_Weak,DROP,Stable,0.76,0.88,1402,1656,1189
DTCR,Global X Data Center & Digital Infrastructure,Real Estate,Passive,65.4629633505189,40.956590594170905,-24.506372756348,REVIEW,WEAK,Q4_Both_Weak,WATCH,Downgraded by 2025 system,0.57,0.8444,658,2400,1189
EQIIX,Allspring Emerging Markets Eq Adv Fd Inst,Diversified Emerging Mkts,Active,55.949930984412575,50.86964736146435,-5.080283622948222,WEAK,WEAK,Q4_Both_Weak,DROP,Stable,1,1,1281,1777,1189
FESIX,Fidelity SAI Real Estate Index Fund,Real Estate,Passive,34.15227216346154,84.84393740433855,50.69166524087701,WEAK,STRONG,Q2_Only_2025,REVIEW,Upgraded by 2025 system,1,1,2832,229,1190
GQJIX,GQG Partners Intl Quality Value Fund Inst,Foreign Large Value,Active,44.370574652264786,65.14506098054682,20.77448632828203,WEAK,REVIEW,Q4_Both_Weak,WATCH,Upgraded by 2025 system,0.15,0.46,2104,957,1190
BAUUX,Brown Advisory Small-Cap Fundamental Value Fd Inst,Small Blend,Active,57.712929908692715,48.47128689535012,-9.241643013342596,WEAK,WEAK,Q4_Both_Weak,DROP,Stable,1,1,1143,1919,1191
MNNAX,Victory Multi-Cap Fund A,Large Blend,Active,51.63699388954459,55.49637619858573,3.8593823090411377,WEAK,WEAK,Q4_Both_Weak,DROP,Stable,1,1,1573,1491,1192
COPA,Themes Copper Miners ETF,Natural Resources,Passive,39.16013662849106,73.78790457407723,34.62776794558617,WEAK,REVIEW,Q4_Both_Weak,WATCH,Upgraded by 2025 system,0.15,0.5111,2477,588,1193
GIIGX,Gabelli International Growth Fund I,Foreign Large Growth,Active,54.518146948414234,52.21157254214723,-2.3065744062670035,WEAK,WEAK,Q4_Both_Weak,DROP,Stable,1,1,1377,1688,1193
XSOE,WisdomTree EM ex-State-Owned Enterprises,Diversified Emerging Mkts,Passive,36.346931101996944,79.53538905063823,43.188457948641286,WEAK,REVIEW,Q4_Both_Weak,WATCH,Upgraded by 2025 system,1,1,2681,384,1193
FUNYX,Victory Pioneer Fundamental Growth Fund Y,Large Growth,Active,61.4640644175655,44.71531094800167,-16.74875346956383,REVIEW,WEAK,Q4_Both_Weak,WATCH,Downgraded by 2025 system,1,1,898,2168,1194
TSTRX,Transamerica Stock Index R,Large Blend,Passive,55.8471962950926,50.984551017916935,-4.862645277175666,WEAK,WEAK,Q4_Both_Weak,DROP,Stable,0.76,0.8667,1293,1773,1194
ACAEX,American Century International Growth Fund G,Foreign Large Growth,Active,52.16866777890111,55.00928719748287,2.8406194185817597,WEAK,WEAK,Q4_Both_Weak,DROP,Stable,0.53,0.69,1538,1529,1195
MDLVX,BlackRock Advantage Large Cap Value Fund Inv A,Large Value,Active,52.58121114359714,54.3799233114981,1.798712167900966,WEAK,WEAK,Q4_Both_Weak,DROP,Stable,1,1,1502,1567,1196
MISFX,Matthews Emerging Markets Sustainbl Future Fd Inst,Diversified Emerging Mkts,Active,64.5019282541054,41.61067992916422,-22.891248324941174,REVIEW,WEAK,Q4_Both_Weak,WATCH,Downgraded by 2025 system,1,1,711,2358,1196
HNICX,Harbor International Compounders Fund Retirement,Foreign Large Growth,Active,39.249754178957716,73.38129496402878,34.13154078507107,WEAK,REVIEW,Q4_Both_Weak,WATCH,Upgraded by 2025 system,0.15,0.25,2470,603,1197
MTRA,Invesco International Growth Focus ETF,Foreign Large Growth,Active,38.13470993117011,75.53956834532374,37.40485841415364,WEAK,REVIEW,Q4_Both_Weak,WATCH,Upgraded by 2025 system,0.15,0.25,2553,520,1197
SAWS,AAM Sawgrass US Small Cap Quality Growth ETF,Small Growth,Active,33.47207588009475,86.70520231213872,53.233126432043974,WEAK,STRONG,Q2_Only_2025,REVIEW,Upgraded by 2025 system,0.15,0.25,2879,195,1198
WCEAX,Nomura Core Equity Fund A,Large Blend,Active,57.36951436793826,48.55252551812943,-8.81698884980883,WEAK,WEAK,Q4_Both_Weak,DROP,Stable,1,1,1163,1911,1198
NMMEX,Northern Active M Emerging Markets Equity Fund,Diversified Emerging Mkts,Active,53.776054056712965,52.94857114498775,-0.8274829117252125,WEAK,WEAK,Q4_Both_Weak,DROP,Stable,1,1,1429,1646,1199
DON,WisdomTree US MidCap Dividend Fund,Mid-Cap Value,Passive,43.71962025596674,65.82139308728328,22.101772831316545,WEAK,REVIEW,Q4_Both_Weak,WATCH,Upgraded by 2025 system,1,1,2155,921,1200
MMEAX,Victory Integrity Discovery Fund A,Small Value,Active,55.26976655557102,51.49259622516135,-3.7771703304096675,WEAK,WEAK,Q4_Both_Weak,DROP,Stable,1,1,1334,1742,1200
XJH,iShares ESG Select Screened S&P Mid-Cap ETF,Mid-Cap Blend,Passive,38.182156317164164,75.23258940311193,37.050433085947766,WEAK,REVIEW,Q4_Both_Weak,WATCH,Upgraded by 2025 system,0.57,0.8444,2548,528,1200
ESGV,Vanguard ESG US Stock ETF,Large Blend,Passive,36.284220278958315,79.32002076672386,43.03580048776554,WEAK,REVIEW,Q4_Both_Weak,WATCH,Upgraded by 2025 system,0.57,0.8444,2690,390,1201
HFCVX,Hennessy Cornerstone Value Fund Investor,Large Value,Active,61.16179006147644,44.69465034505607,-16.46713971642037,REVIEW,WEAK,Q4_Both_Weak,WATCH,Downgraded by 2025 system,1,1,915,2170,1202
DFQTX,DFA US Core Equity 2 Portfolio Institutional,Large Blend,Active,49.12346405726632,58.322983201180165,9.199519143913847,WEAK,WEAK,Q4_Both_Weak,DROP,Stable,1,1,1748,1339,1203
NFRA,FlexShares STOXX Global Broad Infrastructure Index,Infrastructure,Passive,39.05060238705711,73.46567102674923,34.41506863969212,WEAK,REVIEW,Q4_Both_Weak,WATCH,Upgraded by 2025 system,1,1,2486,601,1203
FGFLX,Federated Hermes International Leaders Fund IS,Foreign Large Blend,Active,59.70716365054093,45.88014611722098,-13.827017533319946,WEAK,WEAK,Q4_Both_Weak,DROP,Downgraded by 2025 system,1,1,1001,2087,1204
EBI,Longview Advantage ETF,Large Blend,Active,45.6299932963312,62.83095723014257,17.200963933811373,WEAK,REVIEW,Q4_Both_Weak,WATCH,Upgraded by 2025 system,0.15,0.25,2003,1088,1205
GMAQX,GMO Emerging Markets ex-China Fund VI,Diversified Emerging Mkts,Active,40.03315279480832,71.85502255949594,31.821869764687612,WEAK,REVIEW,Q4_Both_Weak,WATCH,Upgraded by 2025 system,0.15,0.46,2428,669,1206
MVCKX,MFS Mid Cap Value Fund R6,Mid-Cap Value,Active,57.07187631902204,48.53828038227168,-8.533595936750359,WEAK,WEAK,Q4_Both_Weak,DROP,Stable,1,1,1184,1913,1206
LIMI,Themes Lithium & Battery Metal Miners ETF,Natural Resources,Passive,38.842676311030736,73.63623622220665,34.79355991117591,WEAK,REVIEW,Q4_Both_Weak,WATCH,Upgraded by 2025 system,0.15,0.5111,2503,596,1207
SPYD,State Street SPDR Portfolio S&P 500 High Dvd ETF,Mid-Cap Value,Passive,44.2507492419546,64.63442843210906,20.38367919015446,WEAK,REVIEW,Q4_Both_Weak,WATCH,Upgraded by 2025 system,1,1,2113,986,1207
SSMGX,Sit Small Cap Growth Fund,Mid-Cap Growth,Active,58.379837549546124,47.087938137522706,-11.291899412023419,WEAK,WEAK,Q4_Both_Weak,DROP,Downgraded by 2025 system,1,1,1095,2007,1208
NDVVX,MFS New Discovery Value Fund R6,Small Value,Active,59.83755861240405,45.530001905702555,-14.307556706701497,WEAK,WEAK,Q4_Both_Weak,DROP,Downgraded by 2025 system,1,1,991,2115,1209
AMFEX,AAMA Equity Fund,Large Blend,Active,58.64179134571148,46.721070614775165,-11.920720730936317,WEAK,WEAK,Q4_Both_Weak,DROP,Downgraded by 2025 system,0.57,0.79,1081,2027,1210
FKICX,Fidelity Small Cap Stock K6 Fund,Small Blend,Active,46.39546827740818,61.791246969436656,15.395778692028479,WEAK,REVIEW,Q4_Both_Weak,WATCH,Upgraded by 2025 system,0.57,0.79,1963,1148,1211
QOWZ,Invesco Nasdaq Free Cash Flow Achievers ETF,Large Growth,Passive,39.93957204253515,71.43716628193253,31.497594239397387,WEAK,REVIEW,Q4_Both_Weak,WATCH,Upgraded by 2025 system,0.15,0.5111,2434,679,1212
SWASX,Schwab Global Real Estate Fund,Global Real Estate,Active,51.47811574714145,55.068845838952974,3.5907300918115226,WEAK,WEAK,Q4_Both_Weak,DROP,Stable,1,1,1589,1525,1213
PJFM,PGIM Jennison Focused Mid-Cap ETF,Mid-Cap Growth,Active,38.87146735057538,73.23232323232324,34.36085588174786,WEAK,REVIEW,Q4_Both_Weak,WATCH,Upgraded by 2025 system,0.15,0.25,2501,614,1214
APUE,ActivePassive US Equity ETF,Large Blend,Active,55.45685476605071,50.61099796334012,-4.845856802710593,WEAK,WEAK,Q4_Both_Weak,DROP,Stable,0.15,0.25,1322,1794,1215
EGOAX,Allspring Large Cap Core Fund A,Large Blend,Active,56.43460002509272,49.022515132126415,-7.4120848929663055,WEAK,WEAK,Q4_Both_Weak,DROP,Stable,1,1,1238,1878,1215
SPXD,Xtrackers S&P 500 Diversified Sector Weight ETF,Large Value,Passive,33.737053888123555,83.81433105535436,50.077277167230804,WEAK,STRONG,Q2_Only_2025,REVIEW,Upgraded by 2025 system,0.15,0.5111,2861,255,1215
SRHQ,SRH US Quality GARP ETF,Mid-Cap Blend,Passive,47.85807390855382,59.14685034474182,11.288776436188002,WEAK,WEAK,Q4_Both_Weak,DROP,Upgraded by 2025 system,0.15,0.6222,1836,1287,1216
SLCAX,SEI Inst Inv Large Cap Fund A,Large Blend,Active,48.78115395220719,57.954092809569204,9.172938857362013,WEAK,WEAK,Q4_Both_Weak,DROP,Stable,1,1,1772,1354,1217
MISMX,Matthews Emerging Markets Small Companies Fd Instl,Diversified Emerging Mkts,Active,66.49919068711986,38.40739173530516,-28.091798951814702,REVIEW,WEAK,Q4_Both_Weak,WATCH,Downgraded by 2025 system,1,1,592,2535,1218
IEMGX,Voya Multi-Manager Emerging Markets Equity Fund I,Diversified Emerging Mkts,Active,51.49456167940334,54.73250523885329,3.2379435594499526,WEAK,WEAK,Q4_Both_Weak,DROP,Stable,1,1,1587,1542,1219
RYOCX,Rydex NASDAQ-100 Fund Investor,Large Growth,Passive,65.55753701992826,39.64345333684913,-25.914083683079134,REVIEW,WEAK,Q4_Both_Weak,WATCH,Downgraded by 2025 system,1,1,654,2475,1219
DESSX,DWS Enhanced Core Equity Fund S,Large Blend,Active,51.39303501213925,54.69160604896947,3.298571036830218,WEAK,WEAK,Q4_Both_Weak,DROP,Stable,1,1,1597,1545,1220
NSIDX,Northern Small Cap Index Fund,Small Blend,Passive,36.59114099613567,76.66719185011661,40.07605085398094,WEAK,REVIEW,Q4_Both_Weak,WATCH,Upgraded by 2025 system,1,1,2661,483,1221
DSI,iShares ESG MSCI KLD 400 ETF,Large Blend,Passive,47.971630679569955,58.4900228186931,10.518392139123144,WEAK,WEAK,Q4_Both_Weak,DROP,Upgraded by 2025 system,1,1,1825,1320,1222
TILWX,Nuveen Large Cap Growth Fund W,Large Growth,Active,47.08438130192641,59.92988790341358,12.845506601487166,WEAK,WEAK,Q4_Both_Weak,DROP,Upgraded by 2025 system,0.76,0.88,1904,1242,1223
FNK,First Trust Mid Cap Value AlphaDEX Fund,Small Value,Passive,56.68999428646953,48.36215397126954,-8.327840315199985,WEAK,WEAK,Q4_Both_Weak,DROP,Stable,1,1,1215,1932,1224
HSMV,First Trust Horizon Managed Vol Small/Mid ETF,Small Blend,Active,58.04000190001815,46.71272588591077,-11.327276014107376,WEAK,WEAK,Q4_Both_Weak,DROP,Downgraded by 2025 system,0.57,0.79,1119,2029,1225
VWNEX,Vanguard Windsor Fund Admiral,Large Value,Active,53.31911985393831,52.20255736879539,-1.1165624851429214,WEAK,WEAK,Q4_Both_Weak,DROP,Stable,1,1,1458,1690,1225
FIFNX,Fidelity Founders Fund,Large Growth,Active,50.217569323729535,55.890106386172,5.672537062442466,WEAK,WEAK,Q4_Both_Weak,DROP,Stable,0.57,0.79,1681,1469,1226
GQLVX,Glenmede Disciplined US Value Equity Port,Mid-Cap Value,Active,53.95784640311643,51.505291895005556,-2.4525545081108717,WEAK,WEAK,Q4_Both_Weak,DROP,Stable,0.57,0.79,1413,1741,1227
OIEJX,JPMorgan Equity Income Fund R6,Large Value,Active,59.89554638548502,44.67258882878733,-15.222957556697686,WEAK,WEAK,Q4_Both_Weak,DROP,Downgraded by 2025 system,1,1,983,2173,1228
FVD,First Trust Value Line Dividend Index Fund,Mid-Cap Value,Passive,64.09298946169474,40.64866636378084,-23.4443230979139,REVIEW,WEAK,Q4_Both_Weak,WATCH,Downgraded by 2025 system,1,1,737,2423,1229
MAGRX,BlackRock Natural Resources Trust Institutional,Natural Resources,Active,55.287205710474765,49.88362007930952,-5.403585631165242,WEAK,WEAK,Q4_Both_Weak,DROP,Stable,1,1,1332,1828,1229
CSM,ProShares Large Cap Core Plus,Large Blend,Passive,55.766133824247596,49.29935467293161,-6.46677915131599,WEAK,WEAK,Q4_Both_Weak,DROP,Stable,1,1,1297,1868,1230
NBGX,Neuberger Growth ETF,Large Growth,Active,35.32120838867939,78.74396135265701,43.42275296397762,WEAK,REVIEW,Q4_Both_Weak,WATCH,Upgraded by 2025 system,0.15,0.25,2757,408,1230
OPTZ,Optimize Strategy Index ETF,Mid-Cap Blend,Passive,41.28298884431127,68.231727061317,26.948738217005733,WEAK,REVIEW,Q4_Both_Weak,WATCH,Upgraded by 2025 system,0.15,0.5111,2353,812,1230
VFPIX,Private Capital Management Value Fund I,Small Blend,Active,63.42039175534639,41.063615024480086,-22.3567767308663,REVIEW,WEAK,Q4_Both_Weak,WATCH,Downgraded by 2025 system,1,1,779,2386,1230
DEMZ,Democratic Large Cap Core ETF,Large Blend,Active,51.27811028974051,54.50013817042615,3.222027880685637,WEAK,WEAK,Q4_Both_Weak,DROP,Stable,0.57,0.79,1607,1559,1231
SMDV,ProShares Russell 2000 Dividend Growers ETF,Small Value,Passive,48.71234970701986,57.200698864847986,8.488349157828125,WEAK,WEAK,Q4_Both_Weak,DROP,Stable,1,1,1774,1396,1232
CDEI,"Calvert US Large-Cap Diversity, Eqty & Inc Idx ETF",Large Blend,Passive,38.640989436445416,72.15507471048103,33.514085274035615,WEAK,REVIEW,Q4_Both_Weak,WATCH,Upgraded by 2025 system,0.15,0.6222,2517,658,1233
BPSIX,Boston Partners Small Cap Value II Fund Inst,Small Value,Active,56.01561559523108,48.67927449226303,-7.336341102968049,WEAK,WEAK,Q4_Both_Weak,DROP,Stable,1,1,1273,1903,1234
SGZFX,Saturna Growth Fund Z,Large Growth,Active,56.46356497373585,48.169556531272356,-8.294008442463493,WEAK,WEAK,Q4_Both_Weak,DROP,Stable,0.57,0.79,1235,1942,1235
BBMC,JPMorgan BetaBuilders US Mid Cap Equity ETF,Mid-Cap Blend,Passive,35.8156895786257,77.2746134552978,41.458923876672095,WEAK,REVIEW,Q4_Both_Weak,WATCH,Upgraded by 2025 system,0.57,0.8444,2720,458,1236
OSEA,Harbor International Compounders ETF,Foreign Large Growth,Active,52.999754178957716,51.99003738902418,-1.0097167899335346,WEAK,WEAK,Q4_Both_Weak,DROP,Stable,0.15,0.46,1478,1701,1237
BCHP,Principal Focused Blue Chip ETF,Large Growth,Active,43.81849705563095,63.76811594202898,19.949618886398028,WEAK,REVIEW,Q4_Both_Weak,WATCH,Upgraded by 2025 system,0.15,0.25,2145,1038,1238
SUSA,iShares ESG Optimized MSCI USA ETF,Large Blend,Passive,45.939170791285065,60.86910148188548,14.929930690600415,WEAK,REVIEW,Q4_Both_Weak,WATCH,Upgraded by 2025 system,1,1,1987,1197,1239
FLXSX,Fidelity Flex Small Cap Index Fund,Small Blend,Passive,34.154126428005036,80.39084168633316,46.236715258328125,WEAK,STRONG,Q2_Only_2025,REVIEW,Upgraded by 2025 system,0.57,0.8444,2831,355,1240
HCMNX,HCM Sector Plus Fund A,Large Value,Active,61.02810909335269,43.12434706261632,-17.903762030736367,REVIEW,WEAK,Q4_Both_Weak,WATCH,Downgraded by 2025 system,1,1,925,2263,1241
JSVUX,JPMorgan Small Cap Value Fund R6,Small Value,Active,49.730612677684746,55.75052720308693,6.019914525402186,WEAK,WEAK,Q4_Both_Weak,DROP,Stable,1,1,1711,1478,1242
JUSA,JPMorgan US Research Enhanced Large Cap ETF,Large Blend,Active,34.94784948155182,78.71690427698574,43.769054795433924,WEAK,REVIEW,Q4_Both_Weak,WATCH,Upgraded by 2025 system,0.15,0.25,2780,409,1242
CRRYX,Columbia Small Cap Value and Inflection Fund I3,Small Value,Active,49.21451661552517,56.22405543067129,7.009538815146122,WEAK,WEAK,Q4_Both_Weak,DROP,Stable,1,1,1740,1450,1243
FIIAX,Fidelity Advisor Mid Cap II Fund A,Mid-Cap Blend,Active,53.53614453702914,51.40650126921166,-2.129643267817478,WEAK,WEAK,Q4_Both_Weak,DROP,Stable,1,1,1444,1746,1243
GTTMX,Glenmede Total Market Plus Equity Portfolio Adv,Mid-Cap Value,Active,57.946804665288454,46.18680042232099,-11.760004242967462,WEAK,WEAK,Q4_Both_Weak,DROP,Downgraded by 2025 system,1,1,1122,2072,1244
STXM,Strive Mid-Cap ETF,Mid-Cap Blend,Passive,37.55946032874579,73.30201810788192,35.74255777913613,WEAK,REVIEW,Q4_Both_Weak,WATCH,Upgraded by 2025 system,0.15,0.5111,2585,609,1244
EMOP,AB Emerging Markets Opportunities ETF,Diversified Emerging Mkts,Active,49.998057963472256,55.36086800752731,5.362810044055053,WEAK,WEAK,Q4_Both_Weak,DROP,Stable,1,1,1695,1500,1245
HWAY,Themes US Infrastructure ETF,Infrastructure,Passive,42.4113475177305,65.76086956521739,23.349522047486893,WEAK,REVIEW,Q4_Both_Weak,WATCH,Upgraded by 2025 system,0.15,0.5111,2270,925,1245
CORO,iShares International Country Rotation Active ETF,Foreign Large Blend,Active,57.78100823432273,46.312684365781706,-11.46832386854102,WEAK,WEAK,Q4_Both_Weak,DROP,Downgraded by 2025 system,0.15,0.25,1137,2059,1246
RMBBX,RMB Small Cap Fund I,Small Growth,Active,55.70434150117304,48.74628870830023,-6.958052792872813,WEAK,WEAK,Q4_Both_Weak,DROP,Stable,1,1,1301,1899,1247
LBWAX,BrandywineGLOBAL - Diversified US Large Cp Val A,Large Value,Active,57.009137050331546,46.96173921437165,-10.047397835959899,WEAK,WEAK,Q4_Both_Weak,DROP,Downgraded by 2025 system,1,1,1188,2013,1248
EASG,Xtrackers MSCI EAFE Selection Equity ETF,Foreign Large Blend,Passive,36.49187601774908,75.17685035967604,38.68497434192696,WEAK,REVIEW,Q4_Both_Weak,WATCH,Upgraded by 2025 system,0.57,0.8444,2670,534,1249
TMCPX,Touchstone Mid Cap Fund Y,Mid-Cap Blend,Active,62.16200805731482,41.68513724426878,-20.47687081304604,REVIEW,WEAK,Q4_Both_Weak,WATCH,Downgraded by 2025 system,1,1,853,2355,1250
CLIFX,Clifford Capital Partners Fund Institutional,Mid-Cap Value,Active,58.29977940362935,45.606113743698224,-12.693665659931128,WEAK,WEAK,Q4_Both_Weak,DROP,Downgraded by 2025 system,1,1,1103,2107,1251
RWK,Invesco S&P MidCap 400 Revenue ETF,Mid-Cap Value,Passive,56.7618594243704,47.28567826328086,-9.476181161089542,WEAK,WEAK,Q4_Both_Weak,DROP,Stable,1,1,1213,1997,1251
LCTD,iShares World ex US Carbon Trans Rdns Awr Act ETF,Foreign Large Blend,Active,47.43956528838196,58.21394055254444,10.774375264162487,WEAK,WEAK,Q4_Both_Weak,DROP,Upgraded by 2025 system,0.15,0.46,1871,1344,1252
XSHQ,Invesco S&P SmallCap Quality ETF,Small Blend,Passive,50.69057251415661,54.32599040703404,3.6354178928774346,WEAK,WEAK,Q4_Both_Weak,DROP,Stable,0.57,0.8444,1653,1571,1253
CZOVX,Zacks All-Cap Core Fund Institutional,Large Blend,Active,57.14566002979892,46.438653162996346,-10.707006866802573,WEAK,WEAK,Q4_Both_Weak,DROP,Downgraded by 2025 system,1,1,1177,2049,1254
WEUSX,SEI Inst Inv World Equity Ex-US Fund A,Foreign Large Blend,Active,50.75599369096824,54.09163566456353,3.335641973595294,WEAK,WEAK,Q4_Both_Weak,DROP,Stable,1,1,1648,1583,1255
MIGFX,MFS Massachusetts Investors Growth Stock Fund A,Large Growth,Active,59.53747203345978,43.81378465583594,-15.72368737762384,WEAK,WEAK,Q4_Both_Weak,DROP,Downgraded by 2025 system,1,1,1015,2218,1256
AZBAX,Virtus Small-Cap Fund A,Small Blend,Active,55.976405928249065,47.93486023468743,-8.041545693561638,WEAK,WEAK,Q4_Both_Weak,DROP,Stable,1,1,1276,1958,1257
PNGYX,Putnam International Value Fund Y,Foreign Large Value,Active,55.99218335736036,47.88625401293378,-8.105929344426578,WEAK,WEAK,Q4_Both_Weak,DROP,Stable,1,1,1274,1964,1258
SMIZ,Zacks Small/Mid Cap ETF,Small Blend,Active,42.63987744403161,64.43661971830986,21.796742274278245,WEAK,REVIEW,Q4_Both_Weak,WATCH,Upgraded by 2025 system,0.15,0.25,2244,998,1259
MBOX,Freedom Day Dividend ETF,Large Value,Active,45.227867069441615,60.61190770744281,15.384040638001196,WEAK,REVIEW,Q4_Both_Weak,WATCH,Upgraded by 2025 system,0.15,0.46,2038,1205,1260
VGRLX,Vanguard Global ex-US Real Estate Index Fd Adm,Global Real Estate,Passive,45.993715805837,59.49427369972674,13.500557893889741,WEAK,WEAK,Q4_Both_Weak,DROP,Upgraded by 2025 system,1,1,1981,1271,1261
RNEM,First Trust Emerging Markets Equity Select ETF,Diversified Emerging Mkts,Passive,64.37986040913665,38.38143106649547,-25.99842934264118,REVIEW,WEAK,Q4_Both_Weak,WATCH,Downgraded by 2025 system,0.57,0.8444,720,2536,1262
PLCIX,Voya Large-Cap Growth Fund I,Large Growth,Active,53.54305147588639,50.16010357385133,-3.382947902035056,WEAK,WEAK,Q4_Both_Weak,DROP,Stable,1,1,1443,1814,1263
CFMCX,Column Mid Cap Fund,Mid-Cap Blend,Active,49.34944898684678,55.10204081632652,5.752591829479741,WEAK,WEAK,Q4_Both_Weak,DROP,Stable,0.15,0.25,1735,1524,1264
GVALX,Gotham Large Value Fund Institutional,Large Value,Active,54.5081854875386,48.98562248603523,-5.522563001503364,WEAK,WEAK,Q4_Both_Weak,DROP,Stable,1,1,1378,1881,1264
BBHLX,BBH Partner Fund - International Equity I,Foreign Large Growth,Active,47.77191005684014,56.83877323025932,9.06686317341918,WEAK,WEAK,Q4_Both_Weak,DROP,Stable,1,1,1846,1414,1265
THRO,iShares US Thematic Rotation Active ETF,Large Blend,Active,57.80997355100013,45.30102884595482,-12.508944705045309,WEAK,WEAK,Q4_Both_Weak,DROP,Downgraded by 2025 system,0.15,0.46,1131,2130,1266
QQQS,Invesco NASDAQ Future Gen 200 ETF,Small Blend,Passive,43.71303798538679,62.556385043120365,18.843347057733574,WEAK,REVIEW,Q4_Both_Weak,WATCH,Upgraded by 2025 system,0.15,0.6222,2156,1107,1267
RRRRX,DWS RREEF Real Estate Securities Fund Inst,Real Estate,Active,53.80549295161149,49.710254415777214,-4.095238535834277,WEAK,WEAK,Q4_Both_Weak,DROP,Stable,1,1,1425,1840,1268
CATH,Global X S&P 500 Catholic Values ETF,Large Blend,Passive,44.55344977671115,61.249160116738466,16.69571034002732,WEAK,REVIEW,Q4_Both_Weak,WATCH,Upgraded by 2025 system,0.57,0.8444,2093,1173,1269
FAGCX,Fidelity Advisor Growth Opportunities Fund I,Large Growth,Active,48.57964909742322,55.612117190405854,7.032468092982633,WEAK,WEAK,Q4_Both_Weak,DROP,Stable,1,1,1780,1486,1269
XJR,iShares ESG Select Screened S&P Small-Cap ETF,Small Blend,Passive,38.03092676123383,70.55869314674489,32.52776638551106,WEAK,REVIEW,Q4_Both_Weak,WATCH,Upgraded by 2025 system,0.57,0.8444,2557,712,1270
GRID,First Trust NASDAQ Cln Edge Smart Grid Infra Ix Fd,Infrastructure,Passive,66.56412310887201,36.33572341170942,-30.228399697162594,REVIEW,WEAK,Q4_Both_Weak,WATCH,Downgraded by 2025 system,1,1,587,2684,1271
RPV,Invesco S&P 500 Pure Value ETF,Mid-Cap Value,Passive,56.81332171777193,46.280456594045525,-10.532865123726403,WEAK,WEAK,Q4_Both_Weak,DROP,Downgraded by 2025 system,1,1,1209,2064,1272
ABEQ,Absolute Select Value ETF,Large Value,Active,54.43009718896252,48.86973087007342,-5.560366318889102,WEAK,WEAK,Q4_Both_Weak,DROP,Stable,0.57,0.79,1383,1892,1273
BUIDX,Buffalo Growth & Income Fund Inst,Large Blend,Active,59.24013005772027,43.4624184697426,-15.77771158797767,WEAK,WEAK,Q4_Both_Weak,DROP,Downgraded by 2025 system,0.89,0.88,1038,2239,1274
MADVX,BlackRock Equity Dividend Fund Institutional,Large Value,Active,57.83149927409651,44.988824428426575,-12.842674845669933,WEAK,WEAK,Q4_Both_Weak,DROP,Downgraded by 2025 system,1,1,1130,2147,1274
INDZX,Columbia Intrinsic Value Fund A,Large Value,Active,51.78349027047102,51.81484566552616,0.031355395055136626,WEAK,WEAK,Q4_Both_Weak,DROP,Stable,1,1,1563,1717,1275
FSEIX,Nuveen Mid Cap Value Opportunities Fund I,Mid-Cap Value,Active,54.87103451271005,48.47593455879216,-6.395099953917885,WEAK,WEAK,Q4_Both_Weak,DROP,Stable,1,1,1365,1918,1276
CZMGX,Columbia Integrated Large Cap Growth Fund II I,Large Growth,Active,51.11010571467847,52.68959246728835,1.5794867526098813,WEAK,WEAK,Q4_Both_Weak,DROP,Stable,0.89,0.88,1625,1661,1277
NSBFX,Nuveen Dividend Growth Fund R6,Large Blend,Active,58.51412349548806,44.125294972619244,-14.388828522868813,WEAK,WEAK,Q4_Both_Weak,DROP,Downgraded by 2025 system,1,1,1087,2199,1277
INUTX,Columbia Dividend Opportunity Fund A,Large Value,Active,59.25176859531467,43.20727416110525,-16.04449443420942,WEAK,WEAK,Q4_Both_Weak,DROP,Downgraded by 2025 system,1,1,1036,2257,1278
REACX,American Century Real Estate Fund Investor,Real Estate,Active,56.3821041667442,46.42162589154093,-9.960478275203272,WEAK,WEAK,Q4_Both_Weak,DROP,Stable,1,1,1242,2052,1279
EISGX,Eaton Vance Small-Cap Fund I,Small Growth,Active,59.045655376422665,43.35197467094027,-15.693680705482393,WEAK,WEAK,Q4_Both_Weak,DROP,Downgraded by 2025 system,1,1,1050,2245,1280
JACFX,John Hancock Mid Cap Growth Fund NAV,Mid-Cap Growth,Active,52.32180724962793,51.017256815174065,-1.3045504344538656,WEAK,WEAK,Q4_Both_Weak,DROP,Stable,0.37,0.77,1524,1771,1280
SMOT,VanEck Morningstar SMID Moat ETF,Mid-Cap Blend,Passive,49.13598429062346,54.63812471501802,5.502140424394561,WEAK,WEAK,Q4_Both_Weak,DROP,Stable,0.15,0.6222,1746,1549,1280
FNIDX,Fidelity International Sustainability Index Fund,Foreign Large Blend,Passive,32.35089492443808,80.32576716689545,47.974872242457366,WEAK,STRONG,Q2_Only_2025,REVIEW,Upgraded by 2025 system,0.57,0.8444,2939,358,1281
BBTSX,Bridge Builder Tax Managed Small/Mid Cap Fund,Mid-Cap Blend,Active,60.37157415401284,41.893522626441886,-18.478051527570955,REVIEW,WEAK,Q4_Both_Weak,WATCH,Downgraded by 2025 system,0.15,0.46,964,2338,1282
CZA,Invesco Zacks Mid-Cap ETF,Mid-Cap Blend,Passive,59.67484813260889,42.45177464713978,-17.223073485469115,WEAK,WEAK,Q4_Both_Weak,DROP,Downgraded by 2025 system,1,1,1002,2300,1282
ICOP,iShares Copper and Metals Mining ETF,Natural Resources,Passive,43.628691983122366,61.82362422288741,18.194932239765045,WEAK,REVIEW,Q4_Both_Weak,WATCH,Upgraded by 2025 system,0.15,0.5111,2165,1143,1283
IQSU,NYLI Candriam US Large Cap Equity ETF,Large Blend,Passive,37.08302123373266,71.11359808143418,34.03057684770152,WEAK,REVIEW,Q4_Both_Weak,WATCH,Upgraded by 2025 system,0.57,0.8444,2620,688,1283
IQDY,FlexShares International Quality Div Dyn Idx,Foreign Large Value,Passive,48.230367064708396,55.27955103251292,7.049183967804524,WEAK,WEAK,Q4_Both_Weak,DROP,Stable,1,1,1804,1506,1284
LRGE,ClearBridge Large Cap Growth Select ETF,Large Growth,Active,49.7955825587507,53.594691156158994,3.799108597408292,WEAK,WEAK,Q4_Both_Weak,DROP,Stable,0.57,0.79,1705,1606,1285
WWJD,Inspire International ETF,Foreign Large Blend,Passive,49.68478036099641,53.891380139840365,4.206599778843952,WEAK,WEAK,Q4_Both_Weak,DROP,Stable,0.57,0.8444,1716,1595,1285
NEOYX,Natixis Oakmark Fund Y,Large Value,Active,54.83033655422979,48.09654605042307,-6.733790503806716,WEAK,WEAK,Q4_Both_Weak,DROP,Stable,1,1,1366,1948,1286
CGW,Invesco S&P Global Water Index ETF,Natural Resources,Passive,55.6129222477696,47.10509897376527,-8.50782327400433,WEAK,WEAK,Q4_Both_Weak,DROP,Stable,1,1,1310,2005,1287
TEEFX,T Rowe Price Tax-Efficient Equity Fund I,Large Growth,Active,56.568484688136,45.941509881196154,-10.626974806939849,WEAK,WEAK,Q4_Both_Weak,DROP,Downgraded by 2025 system,0.76,0.88,1231,2085,1288
PRRSX,PIMCO RealEstateRealReturn Strategy Fund Inst,Real Estate,Active,52.74316761360988,49.822338040063904,-2.920829573545973,WEAK,WEAK,Q4_Both_Weak,DROP,Stable,1,1,1491,1831,1289
TMFX,Motley Fool Next Index ETF,Mid-Cap Growth,Passive,40.48364336825043,65.67202393534036,25.18838056708993,WEAK,REVIEW,Q4_Both_Weak,WATCH,Upgraded by 2025 system,0.15,0.6222,2392,930,1289
NUSC,Nuveen ESG Small-Cap ETF,Small Blend,Passive,31.563508059495238,80.87386875891102,49.31036069941578,WEAK,STRONG,Q2_Only_2025,REVIEW,Upgraded by 2025 system,0.57,0.8444,2980,343,1290
TIREX,Nuveen Real Estate Securities Select Fund R6,Real Estate,Active,51.94648105723644,51.06486927984242,-0.8816117773940206,WEAK,WEAK,Q4_Both_Weak,DROP,Stable,1,1,1556,1767,1290
BVPIX,Baywood ValuePlus Fund Institutional,Large Value,Active,54.61721173594295,48.03104835532438,-6.586163380618572,WEAK,WEAK,Q4_Both_Weak,DROP,Stable,1,1,1373,1952,1291
MLAIX,NYLI Winslow Large Cap Growth Fund I,Large Growth,Active,51.730394087389044,51.177706497214196,-0.5526875901748483,WEAK,WEAK,Q4_Both_Weak,DROP,Stable,1,1,1566,1759,1291
SPHB,Invesco S&P 500 High Beta ETF,Mid-Cap Blend,Passive,62.683471035949815,39.02475920226814,-23.65871183368167,REVIEW,WEAK,Q4_Both_Weak,WATCH,Downgraded by 2025 system,1,1,823,2505,1292
DSPY,Tema S&P 500 Historical Weight ETF Strategy,Large Blend,Active,30.53291907277981,82.28105906313645,51.74813999035665,WEAK,STRONG,Q2_Only_2025,REVIEW,Upgraded by 2025 system,0.1,0.25,3032,298,1293
DFSIX,DFA US Sustainability Core 1 Portfolio Inst,Large Blend,Active,47.3903006147542,56.19471486051584,8.804414245761635,WEAK,WEAK,Q4_Both_Weak,DROP,Stable,1,1,1880,1451,1294
LP40180718,Transamerica US Growth I2,Large Growth,Active,55.120595608802105,47.36900864157491,-7.7515869672271975,WEAK,WEAK,Q4_Both_Weak,DROP,Stable,1,1,1344,1990,1295
KSDVX,KEELEY Gabelli Small Cap Dividend Fund A,Small Value,Active,55.01204505927654,47.42963324078423,-7.582411818492311,WEAK,WEAK,Q4_Both_Weak,DROP,Stable,1,1,1350,1987,1296
MEURX,Franklin Mutual International Value Fund Z,Foreign Large Value,Active,61.66757239751347,40.014306125040854,-21.653266272472614,REVIEW,WEAK,Q4_Both_Weak,WATCH,Downgraded by 2025 system,1,1,885,2453,1297
RDLAX,Columbia Disciplined Growth Fund A,Large Growth,Active,59.16340776967136,42.546345348727684,-16.617062420943675,WEAK,WEAK,Q4_Both_Weak,DROP,Downgraded by 2025 system,1,1,1042,2296,1297
FSMLX,Franklin Small Cap Growth Fund R6,Small Growth,Active,46.95039550771439,56.73987700569636,9.789481497981967,WEAK,WEAK,Q4_Both_Weak,DROP,Stable,1,1,1919,1420,1298
CFSLX,Column Small Cap Fund,Small Blend,Active,44.216193901049984,60.2112676056338,15.995073704583817,WEAK,REVIEW,Q4_Both_Weak,WATCH,Upgraded by 2025 system,0.15,0.25,2117,1227,1299
ONERX,One Rock Fund,Large Growth,Active,51.4435059365554,51.33952233327589,-0.1039836032795094,WEAK,WEAK,Q4_Both_Weak,DROP,Stable,0.57,0.79,1594,1750,1299
FV,First Trust Dorsey Wright Focus 5 ETF,Mid-Cap Blend,Passive,72.9545194363124,30.17373070040112,-42.78078873591127,REVIEW,WEAK,Q4_Both_Weak,WATCH,Downgraded by 2025 system,1,1,309,3036,1300
SSMKX,State Street Small/Mid Cap Equity Index K,Mid-Cap Blend,Passive,42.483518002591886,62.921221445606854,20.437703443014968,WEAK,REVIEW,Q4_Both_Weak,WATCH,Upgraded by 2025 system,1,1,2260,1085,1300
CSMD,Congress SMid Growth ETF,Mid-Cap Growth,Active,45.04211700834347,59.09090909090909,14.048792082565626,WEAK,WEAK,Q4_Both_Weak,DROP,Upgraded by 2025 system,0.15,0.25,2055,1291,1301
RILA,Indexperts Gorilla Aggressive Growth ETF,Large Growth,Active,35.87228684210741,72.70531400966183,36.83302716755443,WEAK,REVIEW,Q4_Both_Weak,WATCH,Upgraded by 2025 system,0.15,0.25,2715,631,1301
NBPIX,Neuberger Large Cap Value Fund Inst,Large Value,Active,58.02050592030674,43.63228295748644,-14.3882229628203,WEAK,WEAK,Q4_Both_Weak,DROP,Downgraded by 2025 system,1,1,1120,2228,1302
MGIFX,Mondrian Global Listed Infrastructure Fund,Infrastructure,Active,53.076093331292014,49.150074564075524,-3.9260187672164903,WEAK,WEAK,Q4_Both_Weak,DROP,Stable,0.57,0.79,1475,1875,1303
GVLU,Gotham 1000 Value ETF,Mid-Cap Value,Active,44.94134745146891,59.10023660060061,14.158889149131703,WEAK,WEAK,Q4_Both_Weak,DROP,Upgraded by 2025 system,0.15,0.46,2063,1290,1304
BRNY,Burney US Factor Rotation ETF,Mid-Cap Blend,Active,43.43608755268905,61.33274179236912,17.896654239680068,WEAK,REVIEW,Q4_Both_Weak,WATCH,Upgraded by 2025 system,0.15,0.46,2183,1171,1305
CHTTX,AMG River Road Mid Cap Value Fund N,Mid-Cap Value,Active,50.39530771483103,52.279755577240806,1.884447862409779,WEAK,WEAK,Q4_Both_Weak,DROP,Stable,1,1,1672,1683,1306
CFMSX,Column Mid Cap Select Fund,Mid-Cap Blend,Active,51.48240312833274,51.02040816326531,-0.4619949650674329,WEAK,WEAK,Q4_Both_Weak,DROP,Stable,0.15,0.25,1588,1770,1307
EMFIX,Ashmore Emerging Markets Equity Fund Institutional,Diversified Emerging Mkts,Active,56.17804259451459,45.69348415677918,-10.484558437735409,WEAK,WEAK,Q4_Both_Weak,DROP,Downgraded by 2025 system,1,1,1263,2102,1308
QINT,American Century Quality Diversified Internatl ETF,Foreign Large Blend,Passive,52.16755422691883,49.823178060291276,-2.344376166627555,WEAK,WEAK,Q4_Both_Weak,DROP,Stable,0.57,0.8444,1539,1830,1309
FLOW,Global X US Cash Flow Kings 100 ETF,Mid-Cap Value,Passive,40.66357544090338,64.594922545976,23.931347105072625,WEAK,REVIEW,Q4_Both_Weak,WATCH,Upgraded by 2025 system,0.15,0.5111,2382,988,1310
NBCR,Neuberger Core Equity ETF,Large Blend,Active,49.06843391458657,53.360488798370675,4.292054883784104,WEAK,WEAK,Q4_Both_Weak,DROP,Stable,0.15,0.25,1752,1621,1311
RFG,Invesco S&P MidCap 400 Pure Growth ETF,Mid-Cap Growth,Passive,53.57437240804076,48.305997186423575,-5.268375221617184,WEAK,WEAK,Q4_Both_Weak,DROP,Stable,1,1,1441,1935,1312
EITEX,Parametric Tax-Managed Emerg Mkts Fd I,Diversified Emerging Mkts,Active,53.65272451436199,48.105251641509874,-5.5474728728521185,WEAK,WEAK,Q4_Both_Weak,DROP,Stable,1,1,1434,1946,1313
MXINX,Empower International Index Fund Investor,Foreign Large Blend,Passive,48.95066446904391,53.29269940844766,4.342034939403753,WEAK,WEAK,Q4_Both_Weak,DROP,Stable,1,1,1763,1624,1314
FVIFX,Fidelity Advisor Value Fund I,Mid-Cap Value,Active,51.470197801909165,50.402031047964115,-1.0681667539450501,WEAK,WEAK,Q4_Both_Weak,DROP,Stable,1,1,1590,1799,1315
FFDI,Fidelity Fundamental Developed International ETF,Foreign Large Growth,Active,34.83308751229106,73.38129496402878,38.548207451737724,WEAK,REVIEW,Q4_Both_Weak,WATCH,Upgraded by 2025 system,0.15,0.25,2789,603,1316
IWFG,NYLI Winslow Focused Large Cap Growth ETF,Large Growth,Active,39.993643648422484,65.04206768473732,25.048424036314834,WEAK,REVIEW,Q4_Both_Weak,WATCH,Upgraded by 2025 system,0.15,0.46,2431,962,1317
CEYIX,Calvert Equity Fund I,Large Growth,Active,58.3395341636201,42.57498060791854,-15.76455355570156,WEAK,WEAK,Q4_Both_Weak,DROP,Downgraded by 2025 system,1,1,1099,2295,1318
KCXIX,Knights of Columbus US All Cap Index Fund I,Large Blend,Passive,43.346899822078605,60.55423506819822,17.207335246119612,WEAK,REVIEW,Q4_Both_Weak,WATCH,Upgraded by 2025 system,0.57,0.8444,2189,1206,1319
FDL,First Tr Morningstar Dividend Leaders Index Fund,Large Value,Passive,67.82748724652568,33.503616706223205,-34.32387054030247,REVIEW,WEAK,Q4_Both_Weak,WATCH,Downgraded by 2025 system,1,1,534,2862,1320
DIISX,BNY Mellon International Stock Index Fund Investor,Foreign Large Blend,Passive,48.53978631521375,53.455562795243175,4.915776480029422,WEAK,WEAK,Q4_Both_Weak,DROP,Stable,1,1,1783,1614,1321
RPEAX,Davis Opportunity Fund A,Large Value,Active,55.22528101331511,46.313160666320755,-8.912120346994357,WEAK,WEAK,Q4_Both_Weak,DROP,Stable,1,1,1339,2058,1321
MABAX,BlackRock Large Cap Focus Value Fund Institutional,Large Value,Active,52.02030595373789,49.61695444886476,-2.403351504873129,WEAK,WEAK,Q4_Both_Weak,DROP,Stable,1,1,1549,1850,1322
BDSIX,BlackRock Advantage Small Cap Core Inst,Small Blend,Active,46.8756570010962,55.849761862301946,8.974104861205745,WEAK,WEAK,Q4_Both_Weak,DROP,Stable,1,1,1929,1472,1323
LSVQX,LSV Small Cap Value Fund Institutional,Small Value,Active,48.966316778805755,53.048311168620984,4.081994389815229,WEAK,WEAK,Q4_Both_Weak,DROP,Stable,1,1,1762,1639,1323
RWGIX,Wedgewood Fund Institutional,Large Growth,Active,58.58663802752647,42.2153342691262,-16.371303758400266,WEAK,WEAK,Q4_Both_Weak,DROP,Downgraded by 2025 system,1,1,1085,2316,1323
FTC,First Trust Large Cap Growth AlphaDEX Fund,Large Growth,Passive,54.22451505789985,47.078857381351625,-7.145657676548225,WEAK,WEAK,Q4_Both_Weak,DROP,Stable,1,1,1393,2009,1324
SVAIX,Federated Hermes Strategic Value Dividend Fund IS,Large Value,Active,59.53188922541087,41.04464541299486,-18.48724381241601,WEAK,WEAK,Q4_Both_Weak,DROP,Downgraded by 2025 system,1,1,1016,2387,1325
JSVDX,Janus Henderson Small-Mid Cap Value Fund D,Small Value,Active,52.29556363802399,49.098304957091536,-3.197258680932457,WEAK,WEAK,Q4_Both_Weak,DROP,Stable,1,1,1527,1877,1326
POWR,iShares US Power Infrastructure ETF,Infrastructure,Passive,58.6374312146702,42.02469128788283,-16.61273992678737,WEAK,WEAK,Q4_Both_Weak,DROP,Downgraded by 2025 system,1,1,1082,2323,1327
GDIV,Harbor Dividend Growth Leaders ETF,Large Blend,Active,61.26574135089557,39.32172088832965,-21.944020462565916,REVIEW,WEAK,Q4_Both_Weak,WATCH,Downgraded by 2025 system,0.37,0.77,910,2496,1328
IVOIX,Nomura Mid Cap Income Opportunities Fund Inst,Mid-Cap Blend,Active,55.303739493895634,46.109579616463094,-9.19415987743254,WEAK,WEAK,Q4_Both_Weak,DROP,Stable,1,1,1331,2076,1329
MACCX,MoA Catholic Values Index Fund,Large Blend,Passive,41.77528430913407,62.6133194354448,20.83803512631073,WEAK,REVIEW,Q4_Both_Weak,WATCH,Upgraded by 2025 system,0.57,0.8444,2311,1102,1330
MFEKX,MFS Growth Fund R6,Large Growth,Active,52.52263626411953,48.62778674756996,-3.89484951654957,WEAK,WEAK,Q4_Both_Weak,DROP,Stable,1,1,1509,1906,1331
HNASX,Homestead Growth Fund,Large Growth,Active,50.76788464430875,51.03191870695696,0.26403406264820717,WEAK,WEAK,Q4_Both_Weak,DROP,Stable,1,1,1647,1769,1332
GTCLX,Glenmede Disciplined International Equity Pft Inst,Foreign Large Value,Active,51.66379699243549,49.685534591194966,-1.9782624012405279,WEAK,WEAK,Q4_Both_Weak,DROP,Stable,0.15,0.25,1572,1845,1333
HAMVX,Harbor Mid Cap Value Fund Institutional,Mid-Cap Value,Active,48.04090123050847,53.84671725922217,5.8058160287137,WEAK,WEAK,Q4_Both_Weak,DROP,Stable,1,1,1821,1597,1334
QLTI,GMO International Quality ETF,Foreign Large Growth,Active,40.4110127826942,64.02877697841727,23.61776419572307,WEAK,REVIEW,Q4_Both_Weak,WATCH,Upgraded by 2025 system,0.15,0.25,2398,1020,1334
MXTFX,Empower Small Cap Value Fund Inst,Small Value,Active,51.58542441156997,49.700660361507595,-1.8847640500623726,WEAK,WEAK,Q4_Both_Weak,DROP,Stable,1,1,1579,1841,1335
MPSSX,BNY Mellon Small Cap Multi-Strategy Fund M,Small Growth,Active,53.54545971532209,47.500612486107336,-6.044847229214753,WEAK,WEAK,Q4_Both_Weak,DROP,Stable,1,1,1442,1981,1336
PTLC,Pacer Trendpilot US Large Cap ETF,Large Blend,Passive,67.92420089982787,32.77480903523895,-35.149391864588914,REVIEW,WEAK,Q4_Both_Weak,WATCH,Downgraded by 2025 system,1,1,528,2897,1337
GEMYX,GuideStone Emerging Markets Equity Fund Inst,Diversified Emerging Mkts,Active,51.24232978772268,50.127501807588395,-1.1148279801342866,WEAK,WEAK,Q4_Both_Weak,DROP,Stable,0.95,1,1610,1817,1338
AAUS,Alpha Architect US Equity ETF,Large Blend,Active,26.07025204438875,86.76171079429736,60.691458749908605,WEAK,STRONG,Q2_Only_2025,REVIEW,Upgraded by 2025 system,0.1,0.25,3236,192,1339
NVLIX,Nuveen Winslow Large-Cap Growth ESG Fund I,Large Growth,Active,50.94776579517652,50.58612851288032,-0.3616372822962006,WEAK,WEAK,Q4_Both_Weak,DROP,Stable,1,1,1635,1795,1340
USRAX,Horizon Multi-Factor US Equity Fund Inv,Large Blend,Active,59.595284397088896,40.66326485856585,-18.932019538523043,WEAK,WEAK,Q4_Both_Weak,DROP,Downgraded by 2025 system,0.57,0.79,1010,2420,1340
PJIAX,PGIM Jennison Focused Value Fund A,Large Value,Active,50.444357893448775,51.10366029964574,0.6593024061969643,WEAK,WEAK,Q4_Both_Weak,DROP,Stable,1,1,1668,1764,1341
BBGLX,Bridge Builder Large Cap Growth Fund,Large Growth,Active,51.99927209267269,48.98173371637423,-3.017538376298461,WEAK,WEAK,Q4_Both_Weak,DROP,Stable,1,1,1553,1883,1342
BBSC,JPMorgan BetaBuilders US Small Cap Equity ETF,Small Blend,Passive,36.598826897240386,68.80609735187221,32.207270454631825,WEAK,REVIEW,Q4_Both_Weak,WATCH,Upgraded by 2025 system,0.57,0.8444,2660,776,1342
TIOVX,Nuveen International Opportunities Fund W,Foreign Large Growth,Active,46.21360090932459,55.89321800701561,9.679617097691022,WEAK,WEAK,Q4_Both_Weak,DROP,Stable,0.76,0.88,1970,1468,1343
ATVPX,Alger 35 Fund Z,Large Growth,Active,40.102089476115324,64.05314983015997,23.951060354044643,WEAK,REVIEW,Q4_Both_Weak,WATCH,Upgraded by 2025 system,0.57,0.79,2423,1016,1344
NBSM,Neuberger Small-Mid Cap ETF,Mid-Cap Growth,Active,39.06990079992895,65.15151515151516,26.081614351586204,WEAK,REVIEW,Q4_Both_Weak,WATCH,Upgraded by 2025 system,0.15,0.25,2483,956,1344
PSCM,Invesco S&P SmallCap Materials ETF,Natural Resources,Passive,50.648951440630654,50.79439135769044,0.14543991705978243,WEAK,WEAK,Q4_Both_Weak,DROP,Stable,1,1,1658,1781,1344
MGEMX,Morgan Stanley Inst Emerging Markets Portfolio I,Diversified Emerging Mkts,Active,50.1157612660673,51.252920680527616,1.1371594144603137,WEAK,WEAK,Q4_Both_Weak,DROP,Stable,0.95,1,1687,1754,1345
RLCAX,Columbia Disciplined Value Fund A,Large Value,Active,52.083528737105034,48.76715798225972,-3.316370754845316,WEAK,WEAK,Q4_Both_Weak,DROP,Stable,1,1,1545,1897,1346
CRED,Columbia Research Enhanced Real Estate ETF,Real Estate,Passive,41.06436721539936,63.16396737001651,22.09960015461715,WEAK,REVIEW,Q4_Both_Weak,WATCH,Upgraded by 2025 system,0.15,0.5111,2368,1075,1347
GQSIX,Glenmede Disciplined US Small Cap Equity Pft Inst,Small Value,Active,41.89714335601015,61.92893401015228,20.031790654142135,WEAK,REVIEW,Q4_Both_Weak,WATCH,Upgraded by 2025 system,0.15,0.25,2304,1139,1347
EMRSX,JPMorgan Emerging Markets Rsrch Enh Eqty Fund R6,Diversified Emerging Mkts,Active,46.46433801235167,55.58662402300979,9.122286010658122,WEAK,WEAK,Q4_Both_Weak,DROP,Stable,0.57,0.79,1957,1487,1348
TQVIX,T Rowe Price Integrated US Large-Cap Val Eq Fd I,Large Value,Active,48.676618329788205,52.52998335518196,3.8533650253937566,WEAK,WEAK,Q4_Both_Weak,DROP,Stable,1,1,1776,1669,1349
BLCR,iShares Large Cap Core Active ETF,Large Blend,Active,53.24493199639703,47.55600814663951,-5.688923849757515,WEAK,WEAK,Q4_Both_Weak,DROP,Stable,0.15,0.25,1468,1978,1350
EEMS,iShares MSCI Emerging Markets Small-Cap ETF,Diversified Emerging Mkts,Passive,56.0425009713733,44.5204698499683,-11.522031121405,WEAK,WEAK,Q4_Both_Weak,DROP,Downgraded by 2025 system,1,1,1271,2178,1351
SMCF,Themes US Small Cap Cash Flow Champions ETF,Small Value,Passive,34.49060135050797,72.67687069055421,38.18626934004624,WEAK,REVIEW,Q4_Both_Weak,WATCH,Upgraded by 2025 system,0.15,0.5111,2814,635,1351
FGD,First Trust Dow Jones Global Select Dividend Ix Fd,Foreign Large Value,Passive,46.884951667785266,55.064705688310866,8.1797540205256,WEAK,WEAK,Q4_Both_Weak,DROP,Stable,1,1,1927,1526,1352
AUXIX,Auxier Focus Fund Institutional,Large Value,Active,55.564256692762434,45.10167257928304,-10.462584113479394,WEAK,WEAK,Q4_Both_Weak,DROP,Downgraded by 2025 system,1,1,1313,2142,1353
FIVLX,Fidelity International Value Fund,Foreign Large Value,Active,51.22869027791433,49.68492674643349,-1.5437635314808418,WEAK,WEAK,Q4_Both_Weak,DROP,Stable,1,1,1613,1846,1354
EBIT,Harbor AlphaEdge Small Cap Earners ETF,Small Value,Passive,33.82711506590563,73.3218778573005,39.494762791394876,WEAK,REVIEW,Q4_Both_Weak,WATCH,Upgraded by 2025 system,0.15,0.5111,2854,607,1355
SLX,VanEck Steel ETF,Natural Resources,Passive,60.953153941427495,38.33711413293182,-22.61603980849567,REVIEW,WEAK,Q4_Both_Weak,WATCH,Downgraded by 2025 system,1,1,928,2541,1356
LCLAX,ClearBridge Select Fund A,Mid-Cap Growth,Active,57.19763311504622,42.47847400251418,-14.71915911253204,WEAK,WEAK,Q4_Both_Weak,DROP,Downgraded by 2025 system,1,1,1172,2298,1357
VSORX,Victory Sycamore Small Company Opportunity Fund R6,Small Value,Active,57.85344191873343,41.85386657741557,-15.999575341317858,WEAK,WEAK,Q4_Both_Weak,DROP,Downgraded by 2025 system,1,1,1128,2343,1358
TLOTX,Transamerica Large Value Opportunities I3,Large Value,Active,54.199817230875134,46.06399134826037,-8.13582588261476,WEAK,WEAK,Q4_Both_Weak,DROP,Stable,0.76,0.88,1394,2080,1359
PRSVX,T Rowe Price Small-Cap Value Fund,Small Blend,Active,55.52033356858581,44.85004421541299,-10.67028935317282,WEAK,WEAK,Q4_Both_Weak,DROP,Downgraded by 2025 system,1,1,1317,2158,1360
TMSL,T Rowe Price Small-Mid Cap ETF,Mid-Cap Blend,Active,51.45193235488294,48.97959183673469,-2.4723405181482505,WEAK,WEAK,Q4_Both_Weak,DROP,Stable,0.15,0.25,1593,1884,1361
BAFQX,Brown Advisory Emerging Markets Select Fund Inst,Diversified Emerging Mkts,Active,54.128451384927445,46.08240457630062,-8.046046808626826,WEAK,WEAK,Q4_Both_Weak,DROP,Stable,1,1,1400,2079,1362
HAPI,Harbor Human Capital Factor US Large Cap ETF,Large Blend,Passive,49.92800843250447,50.784692688141085,0.8566842556366154,WEAK,WEAK,Q4_Both_Weak,DROP,Stable,0.15,0.6222,1698,1782,1363
MPEMX,Mondrian Emerging Markets Value Equity Fund,Diversified Emerging Mkts,Active,49.2294787772967,51.419806106710595,2.190327329413897,WEAK,WEAK,Q4_Both_Weak,DROP,Stable,1,1,1737,1744,1364
PJDAX,PGIM Jennison Rising Dividend Fund A,Large Blend,Active,55.91939777327233,44.26643748955477,-11.652960283717562,WEAK,WEAK,Q4_Both_Weak,DROP,Downgraded by 2025 system,1,1,1287,2195,1365
AFNIX,Bahl & Gaynor Income Growth Fund I,Large Value,Active,56.08092287477714,43.84406205123256,-12.236860823544575,WEAK,WEAK,Q4_Both_Weak,DROP,Downgraded by 2025 system,1,1,1269,2214,1366
LP40216455,John Hancock US Sector Rotation Fund NAV,Large Blend,Active,52.79070031924603,47.30997105290582,-5.480729266340205,WEAK,WEAK,Q4_Both_Weak,DROP,Stable,0.57,0.79,1488,1996,1367
GIEYX,GuideStone International Equity Fund Inst,Foreign Large Blend,Active,55.94623835770577,44.09453012216753,-11.85170823553824,WEAK,WEAK,Q4_Both_Weak,DROP,Downgraded by 2025 system,0.95,1,1283,2202,1368
TCAF,T Rowe Price Capital Appreciation Equity ETF,Large Blend,Active,50.05052317083349,50.61099796334012,0.5604747925066249,WEAK,WEAK,Q4_Both_Weak,DROP,Stable,0.15,0.25,1691,1794,1368
GROZ,Zacks Focus Growth ETF,Large Growth,Active,36.11527900983095,68.59903381642512,32.48375480659417,WEAK,REVIEW,Q4_Both_Weak,WATCH,Upgraded by 2025 system,0.15,0.25,2702,784,1369
RCKSX,Rock Oak Core Growth Fund,Mid-Cap Blend,Active,52.51243670718343,47.56880983297396,-4.943626874209471,WEAK,WEAK,Q4_Both_Weak,DROP,Stable,1,1,1510,1977,1370
URA,Global X Uranium ETF,Natural Resources,Passive,71.76818981294295,28.181240211651954,-43.586949601290996,REVIEW,WEAK,Q4_Both_Weak,WATCH,Downgraded by 2025 system,1,1,352,3135,1370
CGRWX,Invesco Comstock Select Fund A,Large Value,Active,56.360511698197925,43.40218097818367,-12.958330720014253,WEAK,WEAK,Q4_Both_Weak,DROP,Downgraded by 2025 system,1,1,1245,2243,1371
FLOWX,Fidelity Water Sustainability Fund,Natural Resources,Active,52.09675382089175,48.14312256684751,-3.9536312540442395,WEAK,WEAK,Q4_Both_Weak,DROP,Stable,0.52,0.79,1544,1944,1371
FEMKX,Fidelity Emerging Markets Fund,Diversified Emerging Mkts,Active,52.58013287354253,47.442364568514684,-5.137768305027848,WEAK,WEAK,Q4_Both_Weak,DROP,Stable,1,1,1504,1986,1372
SAMT,Strategas Macro Thematic Opportunities ETF,Large Blend,Active,46.921883463037226,54.36723571005568,7.445352247018455,WEAK,WEAK,Q4_Both_Weak,DROP,Stable,0.15,0.46,1924,1569,1373
CGCV,Capital Group Conservative Equity ETF,Large Value,Active,50.81298335078394,49.6042216358839,-1.2087617149000351,WEAK,WEAK,Q4_Both_Weak,DROP,Stable,0.15,0.25,1643,1851,1374
EAERX,Eaton Vance Stock Fund A,Large Blend,Active,54.30300165677803,45.61596264294739,-8.687039013830642,WEAK,WEAK,Q4_Both_Weak,DROP,Stable,1,1,1389,2105,1374
LSAF,LeaderShares AlphaFactor US Core Equity ETF,Mid-Cap Blend,Passive,61.59935305014709,37.4967642553673,-24.102588794779784,REVIEW,WEAK,Q4_Both_Weak,WATCH,Downgraded by 2025 system,0.57,0.8444,891,2606,1375
DHIIX,Diamond Hill International Fund I,Foreign Large Blend,Active,54.91849672283986,45.134646622119234,-9.783850100720628,WEAK,WEAK,Q4_Both_Weak,DROP,Stable,0.89,0.88,1360,2139,1376
OMFS,Invesco Russell 2000 Dynamic Multifactor ETF,Small Blend,Passive,43.15809433502856,58.94763040060484,15.789536065576279,WEAK,WEAK,Q4_Both_Weak,DROP,Upgraded by 2025 system,0.57,0.8444,2205,1298,1377
NINLX,Neuberger Intrinsic Value Fund Inst,Small Blend,Active,53.794452664888745,46.10195830632171,-7.692494358567032,WEAK,WEAK,Q4_Both_Weak,DROP,Stable,1,1,1426,2078,1378
SPWO,SP Funds S&P World (ex-US) ETF,Foreign Large Growth,Passive,36.38864306784661,67.87938692524241,31.490743857395806,WEAK,REVIEW,Q4_Both_Weak,WATCH,Upgraded by 2025 system,0.15,0.5111,2678,835,1379
ACGR,American Century Large Cap Growth ETF,Large Growth,Active,48.62797199106774,51.56411097959159,2.936138988523851,WEAK,WEAK,Q4_Both_Weak,DROP,Stable,0.15,0.46,1778,1736,1380
SSMHX,State Street Small/Mid Cap Equity Index Portfolio,Mid-Cap Blend,Passive,39.730845141741675,63.23789409150448,23.507048949762805,WEAK,REVIEW,Q4_Both_Weak,WATCH,Upgraded by 2025 system,1,1,2441,1073,1380
TBDAX,PGIM Jennison Diversified Growth Fund A,Large Growth,Active,51.08774595200119,48.978433496596104,-2.109312455405089,WEAK,WEAK,Q4_Both_Weak,DROP,Stable,1,1,1630,1885,1381
ERET,iShares Environmentally Aware Real Estate ETF,Global Real Estate,Passive,31.597278911564626,74.83931163176446,43.24203272019983,WEAK,REVIEW,Q4_Both_Weak,WATCH,Upgraded by 2025 system,0.15,0.6222,2977,542,1382
GENW,Genter Capital International Dividend ETF,Foreign Large Value,Active,30.04492985713643,77.35849056603774,47.31356070890131,WEAK,REVIEW,Q4_Both_Weak,WATCH,Upgraded by 2025 system,0.15,0.25,3065,455,1383
NICSX,Nicholas Fund,Large Growth,Active,55.891601359625774,43.51147348293195,-12.380127876693827,WEAK,WEAK,Q4_Both_Weak,DROP,Downgraded by 2025 system,1,1,1288,2235,1384
ASEFX,Nuveen Small Cap Select Fund R6,Small Blend,Active,50.74911073169714,49.11221970611548,-1.6368910255816544,WEAK,WEAK,Q4_Both_Weak,DROP,Stable,0.76,0.88,1649,1876,1385
NOIGX,Northern International Equity Fund,Foreign Large Value,Active,47.89744464156128,52.11545762110297,4.21801297954169,WEAK,WEAK,Q4_Both_Weak,DROP,Stable,1,1,1832,1695,1386
BWNYX,Bullfinch Greater Western New York Series,Mid-Cap Value,Active,51.09538641056949,48.74473321394681,-2.3506531966226802,WEAK,WEAK,Q4_Both_Weak,DROP,Stable,1,1,1628,1900,1387
MXMDX,Empower S&P Mid Cap 400 Index Fund Investor,Mid-Cap Blend,Passive,40.53066293864502,61.84812564970951,21.317462711064486,WEAK,REVIEW,Q4_Both_Weak,WATCH,Upgraded by 2025 system,1,1,2388,1142,1388
RVRB,Reverb ETF,Large Blend,Active,38.78309715297237,63.99525490428514,25.212157751312773,WEAK,REVIEW,Q4_Both_Weak,WATCH,Upgraded by 2025 system,0.15,0.46,2508,1022,1388
TVAL,T Rowe Price Value ETF,Large Value,Active,50.21350770290655,49.6042216358839,-0.6092860670226443,WEAK,WEAK,Q4_Both_Weak,DROP,Stable,0.15,0.25,1682,1851,1389
IICAX,Asset Management Large Cap Equity Fund AMF,Large Blend,Active,56.665338122625776,42.22591447418583,-14.439423648439949,WEAK,WEAK,Q4_Both_Weak,DROP,Downgraded by 2025 system,1,1,1219,2315,1390
FXLCX,Fidelity Flex Large Cap Focused Index Fund,Large Blend,Passive,20.292178571274775,91.5687842076133,71.27660563633853,WEAK,STRONG,Q2_Only_2025,REVIEW,Upgraded by 2025 system,0.1,0.5111,3461,75,1391
FQEMX,Franklin Templeton SMACS: Series EM,Diversified Emerging Mkts,Active,17.99054310777519,99.43332505619502,81.44278194841982,WEAK,STRONG,Q2_Only_2025,REVIEW,Upgraded by 2025 system,0.15,0.46,3535,2,1392
PZRIX,PIMCO RAE Global ex-US Fund Inst,Foreign Large Value,Active,47.54548468503029,52.44176531671765,4.896280631687361,WEAK,WEAK,Q4_Both_Weak,DROP,Stable,1,1,1862,1676,1393
SDVGX,Sit Dividend Growth Fund I,Large Blend,Active,54.999973385971565,44.353520615244804,-10.64645277072676,WEAK,WEAK,Q4_Both_Weak,DROP,Downgraded by 2025 system,1,1,1353,2190,1394
CDOFX,Crawford Small Cap Dividend Fund,Small Blend,Active,56.19441142587212,42.74031740806105,-13.454094017811066,WEAK,WEAK,Q4_Both_Weak,DROP,Downgraded by 2025 system,1,1,1260,2284,1395
HWSIX,Hotchkis & Wiley Small Cap Value Fund I,Small Value,Active,56.096392406588095,42.87577640085048,-13.220616005737618,WEAK,WEAK,Q4_Both_Weak,DROP,Downgraded by 2025 system,1,1,1268,2276,1395
GMBVX,GMO Small Cap Quality Fund R6,Small Growth,Active,29.834905660377366,76.878612716763,47.043707056385635,WEAK,REVIEW,Q4_Both_Weak,WATCH,Upgraded by 2025 system,0.1,0.25,3072,473,1396
DODGX,Dodge & Cox Stock Fund I,Large Value,Active,54.159241908987696,44.98792047534349,-9.171321433644202,WEAK,WEAK,Q4_Both_Weak,DROP,Stable,1,1,1398,2148,1397
MDIZX,MFS International Diversification Fund R6,Foreign Large Blend,Active,57.37288107987195,41.0015776791605,-16.371303400711454,WEAK,WEAK,Q4_Both_Weak,DROP,Downgraded by 2025 system,0.76,0.88,1161,2390,1398
RGISX,Russell Investments Global Infrastructure Fund S,Infrastructure,Active,52.25216270823025,46.805602634230304,-5.446560073999947,WEAK,WEAK,Q4_Both_Weak,DROP,Stable,1,1,1530,2022,1399
MCGFX,AMG GW&K Small Cap Growth Fund N,Large Growth,Active,53.29519407854442,45.808616844628915,-7.486577233915504,WEAK,WEAK,Q4_Both_Weak,DROP,Stable,1,1,1461,2093,1400
FCUS,Pinnacle Focused Opportunities ETF,Mid-Cap Growth,Active,36.306609822305866,67.00104422880032,30.69443440649446,WEAK,REVIEW,Q4_Both_Weak,WATCH,Upgraded by 2025 system,0.15,0.46,2688,868,1401
VLUE,iShares MSCI USA Value Factor ETF,Large Value,Passive,43.80800368840031,56.888493597903874,13.080489909503562,WEAK,WEAK,Q4_Both_Weak,DROP,Upgraded by 2025 system,1,1,2146,1411,1402
CCWIX,Baird Chautauqua International Growth Fund Inst,Foreign Large Growth,Active,55.01073470682226,44.00704077631504,-11.003693930507225,WEAK,WEAK,Q4_Both_Weak,DROP,Downgraded by 2025 system,0.57,0.79,1351,2207,1403
SFREX,Schwab Fundamental Global Real Estate Index Fund,Global Real Estate,Passive,47.079315428901594,52.81829882147494,5.7389833925733456,WEAK,WEAK,Q4_Both_Weak,DROP,Stable,1,1,1905,1655,1404
BOUT,Innovator IBD Breakout Opportunities ETF,Mid-Cap Growth,Passive,62.05010717406236,36.064526551623196,-25.985580622439166,REVIEW,WEAK,Q4_Both_Weak,WATCH,Downgraded by 2025 system,0.57,0.8444,861,2700,1405
AAEQ,Alpha Architect US Equity 2 ETF,Large Blend,Active,23.034803053987364,86.76171079429736,63.72690774031,WEAK,STRONG,Q2_Only_2025,REVIEW,Upgraded by 2025 system,0.1,0.25,3370,192,1406
DHS,WisdomTree US High Dividend Fund,Large Value,Passive,59.86996337058472,37.888367899006475,-21.981595471578245,WEAK,WEAK,Q4_Both_Weak,DROP,Downgraded by 2025 system,1,1,987,2575,1406
FMDCX,Federated Hermes Mid-Capital Index Fund Svc,Mid-Cap Blend,Passive,41.83661633969908,59.76212703338177,17.925510693682696,WEAK,WEAK,Q4_Both_Weak,DROP,Upgraded by 2025 system,1,1,2307,1255,1406
DARP,Grizzle Growth ETF,Large Growth,Active,35.98996730151294,67.20431475757621,31.214347456063273,WEAK,REVIEW,Q4_Both_Weak,WATCH,Upgraded by 2025 system,0.15,0.46,2706,860,1407
BUFBX,Buffalo Flexible Allocation Fund Inv,Large Value,Active,60.22779726434804,37.55861898535772,-22.669178278990323,REVIEW,WEAK,Q4_Both_Weak,WATCH,Downgraded by 2025 system,1,1,970,2600,1408
HQIAX,Hartford Equity Income Fund A,Large Value,Active,59.10982138660184,38.51483333060087,-20.594988056000965,WEAK,WEAK,Q4_Both_Weak,DROP,Downgraded by 2025 system,1,1,1044,2528,1409
ILDR,First Trust Innovation Leaders ETF,Large Growth,Active,45.14461515918217,55.05385494459013,9.909239785407955,WEAK,WEAK,Q4_Both_Weak,DROP,Stable,0.15,0.46,2047,1527,1410
SMIG,Bahl & Gaynor Small/Mid Cap Income Growth ETF,Mid-Cap Value,Active,53.64891518737672,45.14114780771672,-8.507767379660002,WEAK,WEAK,Q4_Both_Weak,DROP,Stable,0.15,0.46,1437,2138,1411
QDF,FlexShares Quality Dividend Index Fund,Large Value,Passive,56.06522637488178,42.31517777288553,-13.750048601996255,WEAK,WEAK,Q4_Both_Weak,DROP,Downgraded by 2025 system,1,1,1270,2307,1412
FFNZX,Fidelity SAI Emerging Markets Momentum Index Fund,Diversified Emerging Mkts,Passive,25.252322789435222,82.11304725619397,56.86072446675874,WEAK,STRONG,Q2_Only_2025,REVIEW,Upgraded by 2025 system,0.1,0.5111,3271,307,1413
CWVIX,Calvert International Equity Fund I,Foreign Large Growth,Active,55.97493823137215,42.44769296309726,-13.52724526827489,WEAK,WEAK,Q4_Both_Weak,DROP,Downgraded by 2025 system,1,1,1277,2302,1414
QMID,WisdomTree US MidCap Quality Growth Fund,Mid-Cap Growth,Passive,37.07532988048251,65.07637929848511,28.001049418002594,WEAK,REVIEW,Q4_Both_Weak,WATCH,Upgraded by 2025 system,0.15,0.5111,2622,959,1415
SMXAX,SEI Inst Inv Extended Market Index Fund A,Mid-Cap Blend,Passive,41.899588772847316,59.38070230129123,17.481113528443913,WEAK,WEAK,Q4_Both_Weak,DROP,Upgraded by 2025 system,1,1,2303,1279,1416
FSCS,First Trust SMID Capital Strength ETF,Mid-Cap Blend,Passive,53.779955757340716,44.902945864700314,-8.877009892640402,WEAK,WEAK,Q4_Both_Weak,DROP,Stable,0.57,0.8444,1428,2155,1417
JAVA,JPMorgan Active Value ETF,Large Value,Active,58.65363090088839,39.121204428807154,-19.532426472081234,WEAK,WEAK,Q4_Both_Weak,DROP,Downgraded by 2025 system,0.15,0.46,1080,2503,1417
FAMEX,FAM Dividend Focus Fund Investor,Mid-Cap Blend,Active,61.061830475200274,36.61544073267949,-24.446389742520786,REVIEW,WEAK,Q4_Both_Weak,WATCH,Downgraded by 2025 system,1,1,921,2664,1418
PESPX,BNY Mellon Midcap Index Fund Investor,Mid-Cap Blend,Passive,39.30818887152979,62.27512640679069,22.966937535260904,WEAK,REVIEW,Q4_Both_Weak,WATCH,Upgraded by 2025 system,1,1,2468,1118,1419
FSRJX,Fidelity SAI Real Estate Fund,Real Estate,Active,48.419127253723545,50.45045045045045,2.031323196726902,WEAK,WEAK,Q4_Both_Weak,DROP,Stable,0.15,0.25,1790,1797,1420
ETLGX,E*TRADE No Fee Large Cap Index Fund,Large Blend,Passive,19.31888158263034,90.35114691593384,71.0322653333035,WEAK,STRONG,Q2_Only_2025,REVIEW,Upgraded by 2025 system,0.1,0.5111,3490,99,1421
TCHP,T Rowe Price Blue Chip Growth ETF,Large Growth,Active,41.88806947841863,59.24310951255165,17.35504003413302,WEAK,WEAK,Q4_Both_Weak,DROP,Upgraded by 2025 system,0.57,0.79,2305,1284,1421
IDLV,Invesco S&P Intl Developed Low Volatility ETF,Foreign Large Blend,Passive,50.42023503596519,48.469800917791616,-1.9504341181735754,WEAK,WEAK,Q4_Both_Weak,DROP,Stable,1,1,1670,1920,1422
JHML,John Hancock Multifactor Large Cap ETF,Large Blend,Passive,44.43525819436982,55.49024375781115,11.054985563441328,WEAK,WEAK,Q4_Both_Weak,DROP,Upgraded by 2025 system,1,1,2100,1492,1423
PPEM,Putnam PanAgora ESG Emerging Markets Equity ETF,Diversified Emerging Mkts,Active,35.53759017341961,67.4926261337635,31.955035960343885,WEAK,REVIEW,Q4_Both_Weak,WATCH,Upgraded by 2025 system,0.15,0.46,2742,850,1423
THPGX,Thompson LargeCap Fund,Large Value,Active,50.86157240130444,48.07214737756505,-2.7894250237393905,WEAK,WEAK,Q4_Both_Weak,DROP,Stable,1,1,1642,1950,1423
ESCJX,1290 Essex Small Cap Growth Fund I,Small Growth,Active,35.139800974706645,68.00367534652467,32.86387437181803,WEAK,REVIEW,Q4_Both_Weak,WATCH,Upgraded by 2025 system,0.15,0.46,2768,825,1424
VNIIX,Vontobel International Equity Fund Institutional,Foreign Large Growth,Active,37.6610127826942,64.02877697841727,26.36776419572307,WEAK,REVIEW,Q4_Both_Weak,WATCH,Upgraded by 2025 system,0.15,0.25,2578,1020,1425
MTUM,iShares MSCI USA Momentum Factor ETF,Large Blend,Passive,47.35923879707687,51.80305171751578,4.4438129204389085,WEAK,WEAK,Q4_Both_Weak,DROP,Stable,1,1,1882,1718,1426
JLVMX,JPMorgan Large Cap Value Fund R6,Large Value,Active,51.35720092578679,47.17227214233795,-4.184928783448839,WEAK,WEAK,Q4_Both_Weak,DROP,Stable,1,1,1599,2002,1427
VEXC,Vanguard Emerging Markets Ex-China ETF,Diversified Emerging Mkts,Passive,20.138427810836205,88.8941086418577,68.7556808310215,WEAK,STRONG,Q2_Only_2025,REVIEW,Upgraded by 2025 system,0.1,0.5111,3465,136,1427
NYVTX,Davis New York Venture Fund A,Large Value,Active,51.3422958054847,47.12154087377061,-4.22075493171409,WEAK,WEAK,Q4_Both_Weak,DROP,Stable,1,1,1601,2004,1428
GRIN,VictoryShares International Free Cash Flow Gr ETF,Foreign Large Growth,Passive,37.313176007866275,64.12686893963091,26.813692931764635,WEAK,REVIEW,Q4_Both_Weak,WATCH,Upgraded by 2025 system,0.15,0.5111,2597,1011,1429
NRES,Xtrackers RREEF Global Natural Resources ETF,Natural Resources,Active,37.210669077757686,64.35643564356435,27.145766565806667,WEAK,REVIEW,Q4_Both_Weak,WATCH,Upgraded by 2025 system,0.15,0.25,2609,999,1429
TGFRX,TANAKA Growth Fund R,Large Growth,Active,49.20579253301981,49.23061448666339,0.024821953643581196,WEAK,WEAK,Q4_Both_Weak,DROP,Stable,1,1,1742,1872,1430
ITAN,Sparkline Intangible Value ETF,Large Value,Active,40.164497745658224,60.7912775925498,20.626779846891573,WEAK,REVIEW,Q4_Both_Weak,WATCH,Upgraded by 2025 system,0.15,0.46,2417,1199,1431
MOAGX,MoA Mid Cap Growth Fund,Mid-Cap Growth,Active,35.34576248605259,67.17171717171718,31.825954685664584,WEAK,REVIEW,Q4_Both_Weak,WATCH,Upgraded by 2025 system,0.15,0.25,2755,861,1431
PFPGX,Parnassus Growth Equity Fund Institutional,Large Growth,Active,38.83957865277809,62.38553486646278,23.54595621368469,WEAK,REVIEW,Q4_Both_Weak,WATCH,Upgraded by 2025 system,0.15,0.46,2504,1115,1432
PCLVX,PACE Large Co Value Equity Investments P,Large Value,Active,47.90850246107604,50.63028309718205,2.7217806361060113,WEAK,WEAK,Q4_Both_Weak,DROP,Stable,1,1,1830,1792,1433
APIE,ActivePassive International Equity ETF,Foreign Large Blend,Active,44.82769020035004,54.572271386430685,9.744581186080644,WEAK,WEAK,Q4_Both_Weak,DROP,Stable,0.15,0.25,2069,1554,1434
GSXMX,GMO International Equity Allocation Fund R6,Foreign Large Value,Active,47.418176957294186,51.39451698273556,3.976340025441374,WEAK,WEAK,Q4_Both_Weak,DROP,Stable,0.76,0.88,1877,1747,1435
WSCGX,Allspring Small Company Growth Fd Inst,Small Growth,Active,51.411091824159946,46.616725132415475,-4.794366691744472,WEAK,WEAK,Q4_Both_Weak,DROP,Stable,1,1,1596,2035,1436
ETTOX,E*TRADE No Fee Total Market Index Fund,Large Blend,Passive,18.180849277197154,90.01906401820305,71.8382147410059,WEAK,STRONG,Q2_Only_2025,REVIEW,Upgraded by 2025 system,0.1,0.5111,3526,106,1437
FDIV,MarketDesk Focused US Dividend ETF,Mid-Cap Value,Active,40.83543836580274,59.67741935483871,18.841980989035974,WEAK,WEAK,Q4_Both_Weak,DROP,Upgraded by 2025 system,0.15,0.25,2375,1260,1438
EVLU,iShares MSCI Emerging Markets Value Factor ETF,Diversified Emerging Mkts,Passive,34.12668248516794,68.40440638404989,34.27772389888195,WEAK,REVIEW,Q4_Both_Weak,WATCH,Upgraded by 2025 system,0.15,0.5111,2836,800,1439
CAML,Congress Large Cap Growth ETF,Large Growth,Active,43.449562984960835,56.038647342995176,12.589084358034341,WEAK,WEAK,Q4_Both_Weak,DROP,Upgraded by 2025 system,0.15,0.25,2180,1457,1440
COBYX,The Cook & Bynum Fund,Diversified Emerging Mkts,Active,62.621936625501384,34.39141143117534,-28.23052519432604,REVIEW,WEAK,Q4_Both_Weak,WATCH,Downgraded by 2025 system,1,1,826,2811,1440
FEM,First Trust Emerging Markets AlphaDEX Fund,Diversified Emerging Mkts,Passive,58.46565432581278,38.2159053705525,-20.24974895526028,WEAK,WEAK,Q4_Both_Weak,DROP,Downgraded by 2025 system,1,1,1089,2548,1440
AQWA,Global X Clean Water ETF,Natural Resources,Passive,48.47398030942335,49.587954853227124,1.1139745438037778,WEAK,WEAK,Q4_Both_Weak,DROP,Stable,0.15,0.6222,1787,1852,1441
QDPL,Pacer Metaurus US Large Cap Div Multiplier 400 ETF,Large Blend,Passive,53.62619607136215,44.09648294760696,-9.529713123755194,WEAK,WEAK,Q4_Both_Weak,DROP,Stable,0.15,0.6222,1438,2201,1441
MSHMX,Morgan Stanley Inst Permanence Portfolio I,Large Growth,Active,52.01252331509044,45.8654536682117,-6.147069646878741,WEAK,WEAK,Q4_Both_Weak,DROP,Stable,0.57,0.79,1551,2089,1442
QVMT,Invesco S&P 500 Concentrated QVM ETF,Large Value,Passive,49.76027319645206,48.311454121306,-1.4488190751460621,WEAK,WEAK,Q4_Both_Weak,DROP,Stable,1,1,1708,1934,1443
NMUEX,Neuberger Multi-Cap Opportunities Fund E,Large Blend,Active,39.00545341633786,61.552260520296464,22.546807103958606,WEAK,REVIEW,Q4_Both_Weak,WATCH,Upgraded by 2025 system,0.53,0.69,2489,1158,1444
SCDS,JPMorgan Fundamental Data Science Small Core ETF,Small Blend,Active,31.143142784666576,72.1830985915493,41.039955806882716,WEAK,REVIEW,Q4_Both_Weak,WATCH,Upgraded by 2025 system,0.15,0.25,2997,654,1445
LEGAX,Columbia Cornerstone Growth Fund A,Large Growth,Active,52.532337349732714,45.07356649658949,-7.458770853143221,WEAK,WEAK,Q4_Both_Weak,DROP,Stable,1,1,1507,2145,1446
SEMCX,SEI Inst Mgd Mid-Cap Fund F,Mid-Cap Blend,Active,49.219563053000705,48.51992540184347,-0.6996376511572322,WEAK,WEAK,Q4_Both_Weak,DROP,Stable,1,1,1738,1916,1447
HIGJX,Carillon Eagle Growth & Income Fund I,Large Value,Active,53.622492752356635,43.83568637591013,-9.786806376446506,WEAK,WEAK,Q4_Both_Weak,DROP,Stable,1,1,1439,2216,1448
ARKW,ARK Next Generation Internet ETF,Mid-Cap Growth,Active,41.81414615786531,58.13881332021998,16.32466716235467,WEAK,WEAK,Q4_Both_Weak,DROP,Upgraded by 2025 system,0.95,1,2310,1346,1449
TURF,T Rowe Price Natural Resources ETF,Natural Resources,Active,35.886578259995986,65.34653465346535,29.45995639346937,WEAK,REVIEW,Q4_Both_Weak,WATCH,Upgraded by 2025 system,0.15,0.25,2713,947,1450
FTWO,Strive Natural Resources and Security ETF,Natural Resources,Passive,43.18163552340767,56.006667400814905,12.825031877407234,WEAK,WEAK,Q4_Both_Weak,DROP,Upgraded by 2025 system,0.15,0.5111,2203,1458,1451
CNEZX,Alger Concentrated Equity Fund Z,Large Growth,Active,33.49463595560492,68.59903381642512,35.1043978608202,WEAK,REVIEW,Q4_Both_Weak,WATCH,Upgraded by 2025 system,0.15,0.25,2878,784,1452
CRIMX,CRM Mid Cap Value Fund Institutional,Mid-Cap Blend,Active,57.790550066565096,38.511534281102996,-19.2790157854621,WEAK,WEAK,Q4_Both_Weak,DROP,Downgraded by 2025 system,1,1,1133,2529,1452
GSEPX,Goldman Sachs US Equity Insights Fund P,Large Blend,Active,52.88455127258845,44.50591617822536,-8.37863509436309,WEAK,WEAK,Q4_Both_Weak,DROP,Stable,0.57,0.79,1483,2180,1453
ISGDX,Columbia Integrated Small Cap Growth Fund A,Small Growth,Active,45.784394173502164,52.58037374519808,6.795979571695916,WEAK,WEAK,Q4_Both_Weak,DROP,Stable,0.89,0.88,1997,1667,1454
KCSIX,Knights of Columbus Small Cap Fund I,Small Blend,Active,45.418536322604396,53.01615357449293,7.597617251888536,WEAK,WEAK,Q4_Both_Weak,DROP,Stable,1,1,2022,1642,1454
TASVX,PGIM Quant Solutions Small-Cap Value Fund Z,Small Value,Active,44.76373232204094,54.058621347074556,9.29488902503362,WEAK,WEAK,Q4_Both_Weak,DROP,Stable,1,1,2077,1588,1455
BLGR,Bluemonte Large Cap Growth ETF,Large Growth,Active,18.900410569533637,87.68115942028986,68.78074885075623,WEAK,STRONG,Q2_Only_2025,REVIEW,Upgraded by 2025 system,0.1,0.25,3505,167,1456
KBIWX,KBI Global Investors Aquarius Fund Institutional,Natural Resources,Active,54.008037699369915,43.08377713328473,-10.924260566085188,WEAK,WEAK,Q4_Both_Weak,DROP,Downgraded by 2025 system,0.57,0.79,1406,2266,1456
QSML,WisdomTree US SmallCap Quality Growth Fund,Small Blend,Passive,35.32775265977289,65.89650508619435,30.56875242642146,WEAK,REVIEW,Q4_Both_Weak,WATCH,Upgraded by 2025 system,0.15,0.5111,2756,916,1456
ETHO,Amplify Etho Climate Leadership US ETF,Mid-Cap Blend,Passive,43.63215650245767,55.26054362020177,11.628387117744104,WEAK,WEAK,Q4_Both_Weak,DROP,Upgraded by 2025 system,1,1,2163,1511,1457
BPTIX,Baron Partners Fund Institutional,Large Growth,Active,54.90958429324942,42.226497816215264,-12.683086477034152,WEAK,WEAK,Q4_Both_Weak,DROP,Downgraded by 2025 system,1,1,1361,2314,1458
PNOPX,Putnam Sustainable Leaders Fund A,Large Growth,Active,56.89412158501773,39.623299343352166,-17.270822241665563,WEAK,WEAK,Q4_Both_Weak,DROP,Downgraded by 2025 system,1,1,1199,2477,1459
DODFX,Dodge & Cox International Stock Fund I,Foreign Large Value,Active,49.74107762496275,47.792416076812586,-1.948661548150163,WEAK,WEAK,Q4_Both_Weak,DROP,Stable,1,1,1709,1969,1460
IMFL,Invesco International Developed Dynamic Multifctr,Foreign Large Blend,Passive,52.6410650157162,44.46919353652536,-8.171871479190841,WEAK,WEAK,Q4_Both_Weak,DROP,Stable,0.57,0.8444,1496,2183,1461
SMIPX,Saratoga Mid Capitalization Portfolio I,Mid-Cap Blend,Active,49.21321875474549,48.244424687347916,-0.9687940673975746,WEAK,WEAK,Q4_Both_Weak,DROP,Stable,1,1,1741,1939,1462
NUMG,Nuveen ESG Mid-Cap Growth ETF,Mid-Cap Growth,Passive,31.57387268975722,70.76255848758662,39.18868579782939,WEAK,REVIEW,Q4_Both_Weak,WATCH,Upgraded by 2025 system,0.57,0.8444,2979,703,1463
EQLT,iShares MSCI Emerging Markets Quality Factor ETF,Diversified Emerging Mkts,Passive,33.608883132417134,68.15752666933311,34.548643536915975,WEAK,REVIEW,Q4_Both_Weak,WATCH,Upgraded by 2025 system,0.15,0.5111,2870,815,1464
HJIGX,Hardman Johnston International Growth Fund Inst,Foreign Large Growth,Active,48.215774763282916,48.96047861568161,0.7447038523986933,WEAK,WEAK,Q4_Both_Weak,DROP,Stable,0.57,0.79,1805,1888,1465
FSMAX,Fidelity Extended Market Index Fund,Mid-Cap Blend,Passive,38.26392486611498,61.64245068173876,23.37852581562378,WEAK,REVIEW,Q4_Both_Weak,WATCH,Upgraded by 2025 system,1,1,2542,1154,1466
IGGY,AB International Growth ETF,Foreign Large Growth,Active,29.360865290068826,73.38129496402878,44.02042967395995,WEAK,REVIEW,Q4_Both_Weak,WATCH,Upgraded by 2025 system,0.15,0.25,3094,603,1467
JPIN,JPMorgan Diversified Return International Eqty ETF,Foreign Large Value,Passive,34.53323482602364,66.65268142295815,32.119446596934516,WEAK,REVIEW,Q4_Both_Weak,WATCH,Upgraded by 2025 system,1,1,2812,885,1467
BBHL,BBH Select Large Cap ETF,Large Growth,Active,53.94619157243342,42.69621555919969,-11.249976013233727,WEAK,WEAK,Q4_Both_Weak,DROP,Downgraded by 2025 system,0.57,0.79,1415,2286,1468
BMVP,Invesco Bloomberg MVP Multi-Factor ETF,Mid-Cap Blend,Passive,46.23865643274456,51.565298161335186,5.326641728590623,WEAK,WEAK,Q4_Both_Weak,DROP,Stable,1,1,1968,1735,1469
COPX,Global X Copper Miners ETF,Natural Resources,Passive,63.48109906534162,32.067629194734806,-31.41346987060681,REVIEW,WEAK,Q4_Both_Weak,WATCH,Downgraded by 2025 system,0.95,1,776,2929,1470
RGIVX,ClearBridge Global Infrastructure Income Fund I,Infrastructure,Active,51.67444385783405,45.203131067701754,-6.471312790132295,WEAK,WEAK,Q4_Both_Weak,DROP,Stable,0.57,0.79,1570,2135,1470
BGKEX,Baillie Gifford Emerging Markets Equities Fund K,Diversified Emerging Mkts,Active,46.89835889376454,50.7649789995253,3.8666201057607594,WEAK,WEAK,Q4_Both_Weak,DROP,Stable,0.68,0.91,1925,1784,1471
CSMDX,Copeland SMID Cap Dividend Growth I,Small Blend,Active,56.576150852615115,39.53226515288566,-17.043885699729458,WEAK,WEAK,Q4_Both_Weak,DROP,Downgraded by 2025 system,0.57,0.79,1227,2486,1472
SEVAX,New Age Alpha SMid Cap Value Fund A,Small Value,Active,55.76190684461433,40.707453227328074,-15.054453617286256,WEAK,WEAK,Q4_Both_Weak,DROP,Downgraded by 2025 system,1,1,1298,2416,1473
CTAP,Simplify US Equity PLUS Managed Futures Strat ETF,Large Blend,Active,15.391372873254355,89.61303462321793,74.22166174996357,WEAK,STRONG,Q2_Only_2025,REVIEW,Upgraded by 2025 system,0.1,0.25,3600,117,1474
DFUVX,DFA US Large Cap Value Portfolio III Institutional,Large Value,Active,41.36282349232704,57.481801480936355,16.118977988609316,WEAK,WEAK,Q4_Both_Weak,DROP,Upgraded by 2025 system,1,1,2345,1380,1475
LMBAX,Franklin US Small Cap Equity Fund A,Small Blend,Active,45.052657404555745,52.46196879124647,7.4093113866907245,WEAK,WEAK,Q4_Both_Weak,DROP,Stable,1,1,2053,1673,1476
FXMCX,Fidelity Flex Mid Cap Focused Index Fund,Mid-Cap Blend,Active,6.600985221674876,100,93.39901477832512,WEAK,STRONG,Q2_Only_2025,REVIEW,Upgraded by 2025 system,0.1,0.25,3726,1,1477
CFJIX,Calvert US Large-Cap Value Responsible Index Fd I,Large Value,Passive,34.680907014430005,65.7683824309863,31.087475416556302,WEAK,REVIEW,Q4_Both_Weak,WATCH,Upgraded by 2025 system,1,1,2804,924,1478
FBCV,Fidelity Blue Chip Value ETF,Large Value,Active,53.52927723492778,42.763897527365025,-10.765379707562758,WEAK,WEAK,Q4_Both_Weak,DROP,Downgraded by 2025 system,0.57,0.79,1445,2283,1478
SFYF,SoFi Social 50 ETF,Large Growth,Passive,47.56667927727807,49.26705892207359,1.7003796447955182,WEAK,WEAK,Q4_Both_Weak,DROP,Stable,0.57,0.8444,1860,1869,1479
ESCWX,Embark Small Cap Equity Fund Institutional,Small Blend,Active,42.10275004849516,56.33802816901409,14.235278120518927,WEAK,WEAK,Q4_Both_Weak,DROP,Upgraded by 2025 system,0.15,0.25,2290,1441,1480
TACN,T Rowe Price Active Core International Equity ETF,Foreign Large Blend,Active,5.6810837683320905,100,94.31891623166791,WEAK,STRONG,Q2_Only_2025,REVIEW,Upgraded by 2025 system,0.1,0.25,3734,1,1481
JPPEX,JPMorgan Mid Cap Equity Fund R6,Mid-Cap Blend,Active,54.35010127989226,41.75869591130836,-12.5914053685839,WEAK,WEAK,Q4_Both_Weak,DROP,Downgraded by 2025 system,1,1,1386,2350,1482
ALFAX,Lord Abbett Alpha Strategy Fund A,Small Growth,Active,54.111247151355315,41.902210617012656,-12.209036534342658,WEAK,WEAK,Q4_Both_Weak,DROP,Downgraded by 2025 system,1,1,1401,2336,1483
SPUSX,Symmetry Panoramic US Equity Fund I,Large Blend,Active,53.26099293611875,43.00395092553975,-10.257042010579,WEAK,WEAK,Q4_Both_Weak,DROP,Downgraded by 2025 system,0.57,0.79,1466,2271,1483
ARDGX,Archer Dividend Growth Fund,Large Value,Active,58.765931887044054,36.57436508233264,-22.191566804711414,WEAK,WEAK,Q4_Both_Weak,DROP,Downgraded by 2025 system,0.57,0.79,1073,2666,1484
TPLGX,T Rowe Price Inst Large-Cap Core Growth Fund,Large Growth,Active,41.745512560325174,56.677871812278205,14.93235925195303,WEAK,WEAK,Q4_Both_Weak,DROP,Upgraded by 2025 system,1,1,2314,1426,1485
TOV,JLens 500 Jewish Advocacy US ETF,Large Blend,Passive,25.886870696448643,76.3454999786452,50.458629282196554,WEAK,REVIEW,Q4_Both_Weak,WATCH,Upgraded by 2025 system,0.1,0.5111,3245,498,1486
DWX,State Street SPDR S&P International Dividend ETF,Foreign Large Value,Passive,45.84558852954784,51.225739652950566,5.380151123402726,WEAK,WEAK,Q4_Both_Weak,DROP,Stable,1,1,1992,1756,1487
FXINX,Fidelity Flex International Focused Index Fund,Foreign Large Blend,Passive,13.233227125844577,89.6845694799659,76.45134235412132,WEAK,STRONG,Q2_Only_2025,REVIEW,Upgraded by 2025 system,0.1,0.5111,3635,113,1487
IVFIX,Federated Hermes Intl Strategic Val Div Fd Inst,Foreign Large Value,Active,54.927028375409684,40.97701559534171,-13.950012780067972,WEAK,WEAK,Q4_Both_Weak,DROP,Downgraded by 2025 system,1,1,1356,2394,1488
PGIAX,Putnam Focused Equity Fund A,Large Blend,Active,49.590996696657946,46.7186739139378,-2.872322782720147,WEAK,WEAK,Q4_Both_Weak,DROP,Stable,1,1,1722,2028,1488
DNDGX,Dunham Small Cap Growth Fund N,Small Growth,Active,48.148299962682,48.28703819688891,0.13873823420690456,WEAK,WEAK,Q4_Both_Weak,DROP,Stable,1,1,1813,1938,1489
BSMC,Brandes US Small-Mid Cap Value ETF,Small Value,Active,38.408855382322855,60.40609137055838,21.997235988235524,WEAK,REVIEW,Q4_Both_Weak,WATCH,Upgraded by 2025 system,0.15,0.25,2536,1218,1490
CGMM,Capital Group US Small and Mid Cap ETF,Mid-Cap Blend,Active,45.57869077243411,51.42857142857142,5.849880656137316,WEAK,WEAK,Q4_Both_Weak,DROP,Stable,0.15,0.25,2011,1743,1490
FIUSX,Nomura Opportunity Fund A,Mid-Cap Value,Active,46.98788973075464,49.69746973036215,2.709579999607513,WEAK,WEAK,Q4_Both_Weak,DROP,Stable,1,1,1914,1842,1491
JGRRX,JAG Large Cap Growth Fund R,Large Growth,Active,47.53473752223818,48.81216875759621,1.27743123535803,WEAK,WEAK,Q4_Both_Weak,DROP,Stable,0.76,0.88,1863,1893,1491
GGWPX,Goldman Sachs Global Infrastructure Fd P,Infrastructure,Active,48.47141382443409,47.77978525308736,-0.6916285713467261,WEAK,WEAK,Q4_Both_Weak,DROP,Stable,0.57,0.79,1788,1970,1492
TOT,LionShares US Equity Total Return ETF,Large Blend,Active,7.642568932180982,92.66802443991853,85.02545550773755,WEAK,STRONG,Q2_Only_2025,REVIEW,Upgraded by 2025 system,0.1,0.25,3717,41,1492
CEFA,Global X S&P Catholic Values Developed ex-US ETF,Foreign Large Blend,Passive,34.913586818728795,64.77540985513713,29.86182303640833,WEAK,REVIEW,Q4_Both_Weak,WATCH,Upgraded by 2025 system,0.57,0.8444,2782,978,1493
EGLE,Global X S&P 500 US Revenue Leaders ETF,Large Blend,Passive,31.2439943724371,69.04352134622704,37.79952697378994,WEAK,REVIEW,Q4_Both_Weak,WATCH,Upgraded by 2025 system,0.15,0.5111,2991,769,1493
BGRWX,Barrett Growth Fund Rtl,Large Growth,Active,55.273609463090324,40.54947829222165,-14.724131170868674,WEAK,WEAK,Q4_Both_Weak,DROP,Downgraded by 2025 system,1,1,1333,2428,1494
KDVD,Keeley Dividend ETF,Mid-Cap Blend,Active,3.275862068965517,100,96.72413793103448,WEAK,STRONG,Q2_Only_2025,REVIEW,Upgraded by 2025 system,0.1,0.25,3760,1,1494
LDEM,iShares ESG MSCI EM Leaders ETF,Diversified Emerging Mkts,Passive,29.843975589518486,71.02140673646245,41.17743114694397,WEAK,REVIEW,Q4_Both_Weak,WATCH,Upgraded by 2025 system,0.57,0.8444,3071,692,1495
OAKMX,Oakmark Fund Investor,Large Value,Active,52.33133651531357,43.419224320739986,-8.912112194573588,WEAK,WEAK,Q4_Both_Weak,DROP,Stable,1,1,1523,2241,1496
FRNRX,Franklin Natural Resources Fund A,Natural Resources,Active,46.670867949033024,50.11171195233044,3.440844003297414,WEAK,WEAK,Q4_Both_Weak,DROP,Stable,1,1,1946,1819,1497
QQQG,Pacer Nasdaq 100 Top 50 Cash Cows Growth Ldrs ETF,Large Growth,Passive,34.33840762421249,65.38710151538962,31.048693891177123,WEAK,REVIEW,Q4_Both_Weak,WATCH,Upgraded by 2025 system,0.15,0.5111,2821,944,1497
OISGX,Optimum Small-Mid Cap Growth Fund Institutional,Small Growth,Active,54.254063559718844,41.2070472079118,-13.047016351807045,WEAK,WEAK,Q4_Both_Weak,DROP,Downgraded by 2025 system,1,1,1390,2377,1498
MVPA,Miller Value Partners Appreciation ETF,Small Value,Active,34.19128131830973,65.48223350253807,31.29095218422834,WEAK,REVIEW,Q4_Both_Weak,WATCH,Upgraded by 2025 system,0.15,0.25,2829,939,1499
TWCUX,American Century Ultra Fund Investor,Large Growth,Active,54.07170775925712,41.47729029277122,-12.5944174664859,WEAK,WEAK,Q4_Both_Weak,DROP,Downgraded by 2025 system,1,1,1403,2366,1500
EQRR,ProShares Equities for Rising Rates ETF,Mid-Cap Value,Passive,57.79029751134366,37.02657951868403,-20.76371799265963,WEAK,WEAK,Q4_Both_Weak,DROP,Downgraded by 2025 system,0.57,0.8444,1134,2637,1501
DFAC,DFA Dimensional US Core Equity 2 ETF,Large Blend,Active,43.55897130288623,53.657191707594706,10.098220404708478,WEAK,WEAK,Q4_Both_Weak,DROP,Upgraded by 2025 system,1,1,2169,1603,1502
GRPZ,Invesco S&P SmallCap 600 GARP ETF,Small Blend,Passive,32.778747680936675,67.24217686475437,34.463429183817695,WEAK,REVIEW,Q4_Both_Weak,WATCH,Upgraded by 2025 system,0.15,0.5111,2917,855,1502
FTDS,First Trust Dividend Strength ETF,Mid-Cap Value,Passive,49.000756621830256,46.87032225446905,-2.130434367361204,WEAK,WEAK,Q4_Both_Weak,DROP,Stable,1,1,1759,2018,1503
HAPS,Harbor Human Capital Factor US Small Cap ETF,Small Blend,Passive,40.260978557679394,57.614973544740444,17.35399498706105,WEAK,WEAK,Q4_Both_Weak,DROP,Upgraded by 2025 system,0.15,0.5111,2409,1372,1504
DVYE,iShares Emerging Markets Dividend ETF,Diversified Emerging Mkts,Passive,51.09797840289526,44.896477364745,-6.201501038150255,WEAK,WEAK,Q4_Both_Weak,DROP,Stable,1,1,1627,2156,1505
GPIGX,GuidePath Growth and Income Fund,Large Value,Active,50.14495518961939,45.70791374571599,-4.4370414439033965,WEAK,WEAK,Q4_Both_Weak,DROP,Stable,0.57,0.79,1685,2101,1506
ABVYX,AB Large Cap Value Fund Adv,Large Value,Active,43.68773050587223,53.26301883631183,9.575288330439598,WEAK,WEAK,Q4_Both_Weak,DROP,Stable,1,1,2159,1628,1507
BOSOX,Boston Walden Trust Small Cap Fund,Small Blend,Active,57.18210901723253,37.385533755309574,-19.796575261922953,WEAK,WEAK,Q4_Both_Weak,DROP,Downgraded by 2025 system,1,1,1175,2614,1508
DGAGX,BNY Mellon Appreciation Fund Investor,Large Growth,Active,56.504855504097904,38.16152582291436,-18.34332968118354,WEAK,WEAK,Q4_Both_Weak,DROP,Downgraded by 2025 system,1,1,1234,2556,1509
POGRX,PRIMECAP Odyssey Growth Fund,Large Blend,Active,51.08347742184027,44.824303554553644,-6.259173867286627,WEAK,WEAK,Q4_Both_Weak,DROP,Stable,1,1,1631,2159,1509
BILD,Nomura Global Listed Infrastructure ETF,Infrastructure,Active,39.9835065149266,57.8125,17.828993485073397,WEAK,WEAK,Q4_Both_Weak,DROP,Upgraded by 2025 system,0.15,0.25,2432,1360,1510
SECT,Main Sector Rotation ETF,Large Blend,Active,58.54628711069789,35.901102180021574,-22.645184930676315,WEAK,WEAK,Q4_Both_Weak,DROP,Downgraded by 2025 system,0.57,0.79,1086,2710,1511
VDIGX,Vanguard Dividend Growth Fund Investor,Large Blend,Active,51.96663401359839,43.41739244644732,-8.549241567151064,WEAK,WEAK,Q4_Both_Weak,DROP,Stable,1,1,1555,2242,1512
ABYEX,AB Emerging Markets Multi-Asset Portfolio Adv,Diversified Emerging Mkts,Active,47.56134670166853,48.29235290564692,0.7310062039783887,WEAK,WEAK,Q4_Both_Weak,DROP,Stable,1,1,1861,1937,1513
LZIEX,Lazard International Equity Portfolio Inst,Foreign Large Blend,Active,49.466183198733304,46.194573051088184,-3.27161014764512,WEAK,WEAK,Q4_Both_Weak,DROP,Stable,1,1,1728,2070,1513
GMJPX,Goldman Sachs Real Estate Securities Fund P,Real Estate,Active,46.956811877591846,48.97778814893432,2.0209762713424766,WEAK,WEAK,Q4_Both_Weak,DROP,Stable,0.76,0.88,1917,1886,1514
VWILX,Vanguard International Growth Fund Admiral,Foreign Large Growth,Active,44.047943821524434,52.45094011305703,8.402996291532595,WEAK,WEAK,Q4_Both_Weak,DROP,Stable,1,1,2128,1675,1514
TGDIX,TCW Relative Value Large Cap Fund I,Large Value,Active,46.267250915844045,49.76013423833036,3.492883322486314,WEAK,WEAK,Q4_Both_Weak,DROP,Stable,1,1,1967,1837,1515
BDVEX,BlackRock Diversified Equity Fund Inst,Large Blend,Active,49.60473154037019,45.926680244399186,-3.6780512959710023,WEAK,WEAK,Q4_Both_Weak,DROP,Stable,0.15,0.25,1719,2086,1516
WFIVX,Wilshire 5000 Index Fund Investment,Large Blend,Passive,42.7152682554249,54.376154619121984,11.660886363697081,WEAK,WEAK,Q4_Both_Weak,DROP,Upgraded by 2025 system,1,1,2238,1568,1517
NEIMX,Neiman Large Cap Value Fund No Load,Large Value,Active,52.95628542808192,42.00829981140663,-10.94798561667529,WEAK,WEAK,Q4_Both_Weak,DROP,Downgraded by 2025 system,1,1,1481,2326,1518
RYPNX,Royce Small-Cap Opportunity Fund Investment,Small Value,Active,49.15999073199378,46.29320674573055,-2.866783986263229,WEAK,WEAK,Q4_Both_Weak,DROP,Stable,1,1,1744,2063,1518
FNX,First Trust Mid Cap Core AlphaDEX Fund,Mid-Cap Blend,Passive,52.492778676130335,42.51280411667946,-9.979974559450874,WEAK,WEAK,Q4_Both_Weak,DROP,Stable,1,1,1511,2297,1519
BGEWX,Baillie Gifford Emerging Markets Ex China Fd Inst,Diversified Emerging Mkts,Active,32.475784186571026,66.7376419911949,34.26185780462388,WEAK,REVIEW,Q4_Both_Weak,WATCH,Upgraded by 2025 system,0.15,0.46,2931,879,1520
ETISX,E*TRADE No Fee International Index Fund,Foreign Large Blend,Passive,11.326463742571127,88.6615515771526,77.33508783458147,WEAK,STRONG,Q2_Only_2025,REVIEW,Upgraded by 2025 system,0.1,0.5111,3668,142,1520
RAUS,RACWI US ETF,Large Blend,Passive,10.888054913207675,88.76452862677571,77.87647371356803,WEAK,STRONG,Q2_Only_2025,REVIEW,Upgraded by 2025 system,0.1,0.5111,3672,138,1520
WAMFX,Boston Trust Walden Midcap Fund,Mid-Cap Blend,Active,56.884799644873915,37.430013398549406,-19.45478624632451,WEAK,WEAK,Q4_Both_Weak,DROP,Downgraded by 2025 system,1,1,1201,2609,1520
EMCAX,Empiric Fund A,Small Growth,Active,53.88875460345671,40.98623058568445,-12.902524017772258,WEAK,WEAK,Q4_Both_Weak,DROP,Downgraded by 2025 system,1,1,1420,2392,1521
FIDJX,Fidelity SAI Sustainable Sector Fund,Large Blend,Active,39.60657469754365,57.75610748849156,18.14953279094791,WEAK,WEAK,Q4_Both_Weak,DROP,Upgraded by 2025 system,0.15,0.46,2448,1365,1522
BRTNX,Bretton Fund,Large Blend,Active,49.85169325034391,45.54259947905752,-4.309093771286385,WEAK,WEAK,Q4_Both_Weak,DROP,Stable,1,1,1703,2113,1523
MMSC,First Trust Multi-Manager Sm Cap Opportunities ETF,Small Growth,Active,31.583581774619514,67.76300097806477,36.17941920344525,WEAK,REVIEW,Q4_Both_Weak,WATCH,Upgraded by 2025 system,0.15,0.46,2978,842,1524
RZG,Invesco S&P SmallCap 600 Pure Growth ETF,Small Growth,Passive,38.4263989460894,59.1048942273646,20.678495281275204,WEAK,WEAK,Q4_Both_Weak,DROP,Upgraded by 2025 system,1,1,2535,1289,1525
PXQSX,Virtus KAR Small-Cap Value Fund I,Small Growth,Active,52.83906965061852,41.871658331824605,-10.967411318793914,WEAK,WEAK,Q4_Both_Weak,DROP,Downgraded by 2025 system,1,1,1485,2341,1526
RIET,Hoya Capital High Dividend Yield ETF,Real Estate,Passive,47.825102343001475,47.41094581490839,-0.4141565280930877,WEAK,WEAK,Q4_Both_Weak,DROP,Stable,0.15,0.6222,1839,1988,1527
CIAOX,Capital Advisors Growth Fund,Large Blend,Active,52.634476994258506,41.946565041128814,-10.687911953129692,WEAK,WEAK,Q4_Both_Weak,DROP,Downgraded by 2025 system,1,1,1497,2331,1528
GSEW,Goldman Sachs Equal Weight US Large Cap Equity ETF,Large Blend,Passive,35.82333307563207,62.42878436571026,26.605451290078186,WEAK,REVIEW,Q4_Both_Weak,WATCH,Upgraded by 2025 system,0.57,0.8444,2719,1110,1529
ACVF,American Conservative Values ETF,Large Blend,Active,52.01832749837196,42.771379604149104,-9.246947894222856,WEAK,WEAK,Q4_Both_Weak,DROP,Stable,0.57,0.79,1550,2281,1530
FOSBX,Tributary Small Company Fund Inst Plus,Small Blend,Active,55.14546353377175,39.371055456311254,-15.7744080774605,WEAK,WEAK,Q4_Both_Weak,DROP,Downgraded by 2025 system,1,1,1343,2493,1531
GCMAX,Goldman Sachs Mid Cap Value Fund A,Mid-Cap Blend,Active,54.15469263761615,40.3545304258563,-13.800162211759854,WEAK,WEAK,Q4_Both_Weak,DROP,Downgraded by 2025 system,1,1,1399,2438,1532
ANTGX,American Century Non-US Intrinsic Value Fd G,Foreign Large Value,Active,41.15656256548531,55.75778817092858,14.601225605443268,WEAK,WEAK,Q4_Both_Weak,DROP,Upgraded by 2025 system,0.57,0.79,2362,1476,1533
DSMC,Distillate Small/Mid Cash Flow ETF,Small Value,Active,41.104087286384214,55.84008322598969,14.735995939605473,WEAK,WEAK,Q4_Both_Weak,DROP,Upgraded by 2025 system,0.15,0.46,2366,1473,1534
URNM,Sprott Uranium Miners ETF,Natural Resources,Passive,65.62308214884659,26.844260459972936,-38.778821688873656,REVIEW,WEAK,Q4_Both_Weak,WATCH,Downgraded by 2025 system,0.57,0.8444,649,3190,1534
RZV,Invesco S&P SmallCap 600 Pure Value ETF,Small Value,Passive,47.065425394438954,48.35586750861073,1.2904421141717748,WEAK,WEAK,Q4_Both_Weak,DROP,Stable,1,1,1908,1933,1535
IGNAX,Nomura Natural Resources Fund A,Natural Resources,Active,47.567754931069565,47.44764579492918,-0.12010913614038543,WEAK,WEAK,Q4_Both_Weak,DROP,Stable,1,1,1859,1985,1536
TOUS,T Rowe Price International Equity ETF,Foreign Large Blend,Active,44.23949055292515,51.62241887905604,7.3829283261308944,WEAK,WEAK,Q4_Both_Weak,DROP,Stable,0.15,0.25,2115,1729,1536
GIDUX,Goldman Sachs International Eqty Div & Prem Fd R6,Foreign Large Blend,Active,55.73385528198893,38.286989761257935,-17.446865520730995,WEAK,WEAK,Q4_Both_Weak,DROP,Downgraded by 2025 system,0.57,0.79,1300,2546,1537
MXMSX,Empower Small Cap Growth Fund Institutional,Small Growth,Active,46.445575485560134,48.948263754575905,2.5026882690157706,WEAK,WEAK,Q4_Both_Weak,DROP,Stable,1,1,1959,1889,1538
VVCBX,Voya VACS Series CB Fund,Large Blend,Active,11.737116798222385,86.76171079429736,75.02459399607497,WEAK,STRONG,Q2_Only_2025,REVIEW,Upgraded by 2025 system,0.1,0.25,3662,192,1539
WXCRX,William Blair Emerging Markets ex China Gro Fd R6,Diversified Emerging Mkts,Active,33.708136265595115,64.54026227913997,30.83212601354485,WEAK,REVIEW,Q4_Both_Weak,WATCH,Upgraded by 2025 system,0.15,0.46,2865,991,1540
BOGIX,SGI Small Cap Core Fund I,Small Blend,Active,51.51740882454896,42.8587565568257,-8.658652267723255,WEAK,WEAK,Q4_Both_Weak,DROP,Stable,1,1,1585,2277,1541
FRMCX,Franklin Mutual Small-Mid Cap Value Fund A,Small Value,Active,51.009551029229286,43.62700404227656,-7.382546986952725,WEAK,WEAK,Q4_Both_Weak,DROP,Stable,1,1,1633,2229,1541
QBNAX,Pear Tree Polaris Sm Cap Fd Inst,Small Value,Active,49.99372736072878,44.71846105880342,-5.275266301925363,WEAK,WEAK,Q4_Both_Weak,DROP,Stable,1,1,1696,2167,1542
GQGU,GQG US Equity ETF,Large Growth,Active,24.288521598764785,74.39613526570048,50.10761366693569,WEAK,REVIEW,Q4_Both_Weak,WATCH,Upgraded by 2025 system,0.1,0.25,3307,560,1543
CLEYX,Columbia Cornerstone Equity Fund I3,Large Blend,Active,51.232579057911664,43.228302259182385,-8.004276798729279,WEAK,WEAK,Q4_Both_Weak,DROP,Stable,0.89,0.88,1612,2256,1544
FDG,American Century Focused Dynamic Growth ETF,Large Growth,Active,35.803235887717626,61.79868236680225,25.99544647908462,WEAK,REVIEW,Q4_Both_Weak,WATCH,Upgraded by 2025 system,0.57,0.79,2722,1146,1544
RTDYX,Russell Investments Multifactor US Equity Fund Y,Large Blend,Active,47.996651747554374,46.43956219207044,-1.557089555483934,WEAK,WEAK,Q4_Both_Weak,DROP,Stable,1,1,1823,2048,1545
AWMIX,CIBC Atlas Mid Cap Equity Fund Institutional,Mid-Cap Growth,Active,49.8615128784288,44.68783872054682,-5.173674157881976,WEAK,WEAK,Q4_Both_Weak,DROP,Stable,1,1,1702,2171,1546
HWNIX,Hotchkis & Wiley International Value Fund I,Foreign Large Value,Active,46.38970517616983,48.61485511153018,2.2251499353603563,WEAK,WEAK,Q4_Both_Weak,DROP,Stable,1,1,1965,1908,1546
PIIMX,Principal Global Emerging Markets Fund R-6,Diversified Emerging Mkts,Active,47.031023339891405,47.916675043498365,0.8856517036069604,WEAK,WEAK,Q4_Both_Weak,DROP,Stable,0.89,0.88,1911,1962,1546
BUL,Pacer US Cash Cows Growth ETF,Mid-Cap Blend,Passive,60.743527634972594,31.99405799621995,-28.749469638752643,REVIEW,WEAK,Q4_Both_Weak,WATCH,Downgraded by 2025 system,0.57,0.8444,940,2934,1547
FSLVX,Fidelity Stock Selector Large Cap Value Fund,Large Value,Active,46.55042496262515,48.462060383815995,1.9116354211908444,WEAK,WEAK,Q4_Both_Weak,DROP,Stable,1,1,1950,1924,1547
GVIYX,GuideStone Value Equity Index Fund Inst,Large Value,Passive,33.34896306006521,64.57138387703212,31.22242081696691,WEAK,REVIEW,Q4_Both_Weak,WATCH,Upgraded by 2025 system,0.1,0.6222,2885,989,1547
JXX,Janus Henderson Transformational Growth ETF,Large Growth,Active,32.42370496590647,65.45893719806763,33.035232232161164,WEAK,REVIEW,Q4_Both_Weak,WATCH,Upgraded by 2025 system,0.15,0.25,2935,940,1548
SIXL,ETC 6 Meridian Low Beta Equity Strategy ETF,Mid-Cap Blend,Active,51.31406273246624,42.953595217930136,-8.360467514536104,WEAK,WEAK,Q4_Both_Weak,DROP,Stable,0.57,0.79,1602,2274,1549
JNMCX,Janus Henderson Mid Cap Value Fund D,Mid-Cap Value,Active,53.07136889817239,40.943244769900176,-12.128124128272212,WEAK,WEAK,Q4_Both_Weak,DROP,Downgraded by 2025 system,1,1,1476,2401,1550
FKAIX,Federated Hermes Kaufmann Small Cap Fund Inst,Small Growth,Active,49.66264391115914,44.80701965162345,-4.855624259535688,WEAK,WEAK,Q4_Both_Weak,DROP,Stable,1,1,1717,2161,1551
WDIIX,Wilmington Enhanced Dividend Income Strategy Fd I,Large Value,Active,52.173266922656914,41.861607139692836,-10.311659782964078,WEAK,WEAK,Q4_Both_Weak,DROP,Downgraded by 2025 system,1,1,1537,2342,1552
FMGIX,MFG Core Infrastructure Fund Institutional,Infrastructure,Active,45.9861953278455,48.77491733249364,2.788722004648136,WEAK,WEAK,Q4_Both_Weak,DROP,Stable,1,1,1984,1896,1553
ABFL,Abacus FCF Leaders ETF,Large Blend,Active,52.209448285807355,41.79426062491986,-10.415187660887497,WEAK,WEAK,Q4_Both_Weak,DROP,Downgraded by 2025 system,0.57,0.79,1534,2348,1554
CIPIX,Champlain Mid Cap Fund Institutional,Mid-Cap Growth,Active,56.57533417724252,36.74870758075677,-19.826626596485745,WEAK,WEAK,Q4_Both_Weak,DROP,Downgraded by 2025 system,1,1,1228,2654,1554
INFO,Harbor PanAgora Dynamic Large Cap Core ETF,Large Blend,Active,46.00127484682531,48.676171079429736,2.674896232604425,WEAK,WEAK,Q4_Both_Weak,DROP,Stable,0.15,0.25,1979,1904,1555
FXSCX,Fidelity Flex Small Cap Focused Index Fund,Small Blend,Passive,6.0299625468164795,88.1294964028777,82.09953385606123,WEAK,STRONG,Q2_Only_2025,REVIEW,Upgraded by 2025 system,0.1,0.5111,3730,157,1556
QMGAX,Invesco Advantage International Fund A,Foreign Large Blend,Active,57.08847912910644,35.97530671114518,-21.11317241796126,WEAK,WEAK,Q4_Both_Weak,DROP,Downgraded by 2025 system,1,1,1183,2704,1556
SPLV,Invesco S&P 500 Low Volatility ETF,Large Value,Passive,51.716387034149456,42.077040239181045,-9.63934679496841,WEAK,WEAK,Q4_Both_Weak,DROP,Stable,1,1,1568,2320,1557
HNMDX,Heartland Mid Cap Value Fund Institutional,Mid-Cap Value,Active,55.115306048815626,38.3177832658973,-16.79752278291833,WEAK,WEAK,Q4_Both_Weak,DROP,Downgraded by 2025 system,1,1,1345,2545,1558
FDVKX,Fidelity Value Discovery K6 Fund,Large Value,Active,52.23922706300901,41.59472870110663,-10.644498361902379,WEAK,WEAK,Q4_Both_Weak,DROP,Downgraded by 2025 system,0.57,0.79,1531,2360,1559
FZAPX,Fidelity Advisor Stock Selector Fund Z,Large Blend,Active,47.49115161203325,46.64736707312548,-0.8437845389077694,WEAK,WEAK,Q4_Both_Weak,DROP,Stable,1,1,1866,2032,1560
CDGRX,Copeland Dividend Growth Fund A,Mid-Cap Blend,Active,53.94713197819277,39.53537543828998,-14.41175653990279,WEAK,WEAK,Q4_Both_Weak,DROP,Downgraded by 2025 system,1,1,1414,2485,1561
HQGO,Hartford US Quality Growth ETF,Large Growth,Passive,22.71028529318876,75.64101586081016,52.930730567621396,WEAK,REVIEW,Q4_Both_Weak,WATCH,Upgraded by 2025 system,0.1,0.5111,3381,518,1561
BASG,Brown Advisory Sustainable Growth ETF,Large Growth,Active,36.78531009973487,59.66183574879227,22.8765256490574,WEAK,WEAK,Q4_Both_Weak,DROP,Upgraded by 2025 system,0.15,0.25,2641,1262,1562
LGPIX,ProFunds Large-Cap Growth ProFund Investor,Large Growth,Passive,52.62114202872805,40.886571529895214,-11.734570498832838,WEAK,WEAK,Q4_Both_Weak,DROP,Downgraded by 2025 system,1,1,1499,2405,1563
ASEMX,abrdn EM SMA Completion,Diversified Emerging Mkts,Active,11.747681339181813,84.02163652267456,72.27395518349275,WEAK,STRONG,Q2_Only_2025,REVIEW,Upgraded by 2025 system,0.15,0.46,3661,249,1564
F00000ZU6V,Aquarius International,Foreign Large Blend,Active,47.44694164540673,46.53791961527864,-0.9090220301280922,WEAK,WEAK,Q4_Both_Weak,DROP,Stable,0.57,0.79,1870,2040,1564
TCVIX,Touchstone Mid Cap Value Fund Institutional,Mid-Cap Value,Active,52.03435826471456,41.49189777844051,-10.542460486274052,WEAK,WEAK,Q4_Both_Weak,DROP,Downgraded by 2025 system,1,1,1547,2365,1565
JMVYX,JPMorgan Mid Cap Value Fund R6,Mid-Cap Value,Active,50.520953550095,43.27377938520641,-7.247174164888591,WEAK,WEAK,Q4_Both_Weak,DROP,Stable,0.76,0.88,1663,2251,1566
STXI,Strive International Developed Markets ETF,Foreign Large Blend,Passive,33.74479801066402,63.56856709594187,29.823769085277853,WEAK,REVIEW,Q4_Both_Weak,WATCH,Upgraded by 2025 system,0.15,0.5111,2858,1056,1566
EDOG,Alps Emerging Sector Dividend Dogs ETF,Diversified Emerging Mkts,Passive,51.28846255582115,42.30598001666242,-8.982482539158731,WEAK,WEAK,Q4_Both_Weak,DROP,Stable,1,1,1605,2310,1567
VVERX,Virtus Ceredex Small-Cap Value Equity Fund R6,Small Blend,Active,46.89069199693267,47.34596201811776,0.4552700211850933,WEAK,WEAK,Q4_Both_Weak,DROP,Stable,0.76,0.88,1926,1992,1568
YALL,God Bless America ETF,Large Blend,Active,36.69617892583631,59.545451311697185,22.84927238586088,WEAK,WEAK,Q4_Both_Weak,DROP,Upgraded by 2025 system,0.15,0.46,2653,1267,1569
ASRYX,Invesco Global Real Estate Income Fund Y,Global Real Estate,Active,53.87626702113268,39.14732723158339,-14.728939789549294,WEAK,WEAK,Q4_Both_Weak,DROP,Downgraded by 2025 system,1,1,1421,2500,1570
ACSG,American Century Small Cap Growth Insights ETF,Small Growth,Active,3.201650943396227,87.86127167630057,84.65962073290434,WEAK,STRONG,Q2_Only_2025,REVIEW,Upgraded by 2025 system,0.1,0.25,3761,162,1571
LDFVX,Lord Abbett Fundamental Equity Fund A,Large Value,Active,48.15558415561016,45.555829972706775,-2.599754182903382,WEAK,WEAK,Q4_Both_Weak,DROP,Stable,1,1,1812,2112,1572
APHLX,Artisan Value Fund Institutional,Large Value,Active,52.30660894586677,40.95858115959089,-11.348027786275878,WEAK,WEAK,Q4_Both_Weak,DROP,Downgraded by 2025 system,1,1,1526,2399,1573
HSIIX,Carillon Eagle Small Cap Growth Fund I,Small Growth,Active,43.88123219229585,50.74051997858393,6.859287786288085,WEAK,WEAK,Q4_Both_Weak,DROP,Stable,1,1,2141,1785,1574
EFAS,Global X MSCI SuperDividend EAFE ETF,Foreign Large Value,Passive,47.0923084966121,46.765717194553275,-0.3265913020588229,WEAK,WEAK,Q4_Both_Weak,DROP,Stable,0.57,0.8444,1903,2025,1575
NUMV,Nuveen ESG Mid-Cap Value ETF,Mid-Cap Value,Passive,28.948300149163597,68.14746358355161,39.19916343438801,WEAK,REVIEW,Q4_Both_Weak,WATCH,Upgraded by 2025 system,0.57,0.8444,3111,817,1575
KOMP,State Street SPDR S&P Kensho New Econ Comp ETF,Mid-Cap Growth,Passive,35.108056726001095,61.56981412682342,26.46175740082232,WEAK,REVIEW,Q4_Both_Weak,WATCH,Upgraded by 2025 system,0.57,0.8444,2772,1157,1576
FEMS,First Trust Emerging Markets Sm Cap AlphaDEX Fund,Diversified Emerging Mkts,Passive,57.73162498650372,34.748638333784385,-22.982986652719333,WEAK,WEAK,Q4_Both_Weak,DROP,Downgraded by 2025 system,1,1,1141,2789,1577
NULV,Nuveen ESG Large-Cap Value ETF,Large Value,Passive,28.27942429924326,68.69165568844355,40.41223138920029,WEAK,REVIEW,Q4_Both_Weak,WATCH,Upgraded by 2025 system,0.57,0.8444,3149,781,1577
CAMZX,Cambiar Small Cap Fund Institutional,Small Blend,Active,50.2534345085347,43.257163338190246,-6.996271170344457,WEAK,WEAK,Q4_Both_Weak,DROP,Stable,1,1,1678,2253,1578
QDIV,Global X S&P 500 Quality Dividend ETF,Large Value,Passive,37.26979056266584,58.41477529353095,21.14498473086511,WEAK,WEAK,Q4_Both_Weak,DROP,Upgraded by 2025 system,0.57,0.8444,2604,1327,1578
SSEIX,SouthernSun US Equity Fund I,Small Blend,Active,48.1336604521647,45.51355281422799,-2.620107637936705,WEAK,WEAK,Q4_Both_Weak,DROP,Stable,1,1,1815,2116,1578
ESMV,iShares ESG Optimized MSCI USA Min Vol Factor ETF,Large Blend,Passive,35.66998152138647,60.756299827471885,25.086318306085417,WEAK,REVIEW,Q4_Both_Weak,WATCH,Upgraded by 2025 system,0.15,0.6222,2731,1201,1579
GQHIX,GQG Partners US Quality Value Fund Inst,Large Value,Active,44.90890430674852,49.264826890096515,4.355922583347997,WEAK,WEAK,Q4_Both_Weak,DROP,Stable,0.15,0.46,2066,1870,1580
BSVIX,Baird Equity Opportunity Fund Institutional,Small Growth,Active,51.45593098832199,41.83363015035294,-9.62230083796905,WEAK,WEAK,Q4_Both_Weak,DROP,Stable,1,1,1592,2345,1581
NEFSX,Natixis US Equity Opportunities Fund A,Large Blend,Active,49.601617567735815,43.819104799289946,-5.782512768445869,WEAK,WEAK,Q4_Both_Weak,DROP,Stable,1,1,1720,2217,1581
TEKX,State Street Galaxy Transformative Tech Acc ETF,Mid-Cap Growth,Active,31.428136848357674,65.15151515151516,33.72337830315748,WEAK,REVIEW,Q4_Both_Weak,WATCH,Upgraded by 2025 system,0.15,0.25,2982,956,1582
MEMX,Matthews Emerging Markets ex China Active ETF,Diversified Emerging Mkts,Active,32.96757561119751,63.82636451977986,30.858788908582348,WEAK,REVIEW,Q4_Both_Weak,WATCH,Upgraded by 2025 system,0.15,0.46,2904,1035,1583
JUSMX,JPMorgan US Small Company Fund R6,Small Blend,Active,46.076894382309675,47.89617000031307,1.8192756180033953,WEAK,WEAK,Q4_Both_Weak,DROP,Stable,1,1,1978,1963,1584
DDIV,First Trust Dorsey Wright Momentum & Dividend ETF,Mid-Cap Value,Passive,52.52972311405523,40.39976681359287,-12.12995630046236,WEAK,WEAK,Q4_Both_Weak,DROP,Downgraded by 2025 system,1,1,1508,2434,1585
PWRD,TCW Transform Systems ETF,Large Blend,Active,38.443972434759466,56.888316320236754,18.444343885477288,WEAK,WEAK,Q4_Both_Weak,DROP,Upgraded by 2025 system,0.15,0.46,2534,1412,1586
SCECX,Steward Values Enhanced Small-Mid Cap Fund Inst,Small Blend,Active,45.673109037147135,48.10193969843131,2.4288306612841737,WEAK,WEAK,Q4_Both_Weak,DROP,Stable,1,1,2001,1947,1587
GQGIX,GQG Partners Emerging Markets Equity Fund Inst,Diversified Emerging Mkts,Active,48.883071241629175,44.46773596694646,-4.415335274682718,WEAK,WEAK,Q4_Both_Weak,DROP,Stable,0.57,0.79,1766,2184,1588
LADYX,Lord Abbett Developing Growth Fund I,Small Growth,Active,42.3966808712999,52.308740257682054,9.912059386382154,WEAK,WEAK,Q4_Both_Weak,DROP,Stable,1,1,2271,1681,1589
NUDV,Nuveen ESG Dividend ETF,Large Value,Passive,38.26217926248177,56.91870512898699,18.65652586650522,WEAK,WEAK,Q4_Both_Weak,DROP,Upgraded by 2025 system,0.15,0.6222,2543,1409,1589
ZSCIX,Zacks Small-Cap Core Fund Institutional,Small Blend,Active,51.6320401035943,41.19498567383747,-10.437054429756827,WEAK,WEAK,Q4_Both_Weak,DROP,Downgraded by 2025 system,1,1,1574,2378,1589
SLLAX,SEI Inst Mgd Small Cap Fund F,Small Blend,Active,50.11207310901891,43.10527464946171,-7.006798459557196,WEAK,WEAK,Q4_Both_Weak,DROP,Stable,0.95,1,1688,2265,1590
LICYX,Lord Abbett International Equity Fund I,Foreign Large Blend,Active,45.31423486235964,48.46337900240309,3.149144140043447,WEAK,WEAK,Q4_Both_Weak,DROP,Stable,1,1,2032,1923,1591
MOO,VanEck Agribusiness ETF,Natural Resources,Passive,31.954310825428117,64.35571555317611,32.401404727747995,WEAK,REVIEW,Q4_Both_Weak,WATCH,Upgraded by 2025 system,1,1,2956,1000,1592
DFELX,DFA Enhanced US Large Company Portfolio Inst,Large Blend,Active,40.71237356100825,54.192960969510075,13.480587408501826,WEAK,WEAK,Q4_Both_Weak,DROP,Upgraded by 2025 system,1,1,2380,1579,1593
ZIG,Acquirers Fund,Mid-Cap Value,Active,47.513449943989414,45.76845375498462,-1.7449961890047945,WEAK,WEAK,Q4_Both_Weak,DROP,Stable,0.57,0.79,1865,2095,1594
VEXAX,Vanguard Extended Market Index Fund Admiral,Mid-Cap Blend,Passive,35.6039580145181,60.2314944750485,24.6275364605304,WEAK,REVIEW,Q4_Both_Weak,WATCH,Upgraded by 2025 system,1,1,2737,1225,1595
FDLS,Inspire Fidelis Multi Factor ETF,Small Blend,Passive,43.195756300640134,51.130228065581186,7.934471764941051,WEAK,WEAK,Q4_Both_Weak,DROP,Stable,0.15,0.6222,2202,1762,1596
CDL,VictoryShares US LgCp High Div Vol Wtd ETF,Large Value,Passive,52.28473145172296,40.35182495707295,-11.932906494650013,WEAK,WEAK,Q4_Both_Weak,DROP,Downgraded by 2025 system,1,1,1528,2439,1597
MXISX,Empower S&P Small Cap 600 Index Fund Investor,Small Blend,Passive,38.31048651821983,56.62760535063648,18.317118832416647,WEAK,WEAK,Q4_Both_Weak,DROP,Upgraded by 2025 system,1,1,2540,1427,1597
PIEQ,Principal International Equity ETF,Foreign Large Blend,Active,41.95055294666739,52.50737463126843,10.55682168460104,WEAK,WEAK,Q4_Both_Weak,DROP,Upgraded by 2025 system,0.15,0.25,2298,1670,1598
SEEM,SEI Select Emerging Markets Equity ETF,Diversified Emerging Mkts,Active,33.36861885374256,62.874251497005986,29.505632643263425,WEAK,REVIEW,Q4_Both_Weak,WATCH,Upgraded by 2025 system,0.1,0.25,2883,1086,1599
MISEX,Midas Special Opportunities,Large Blend,Active,46.39170997649883,47.084484017616276,0.6927740411174454,WEAK,WEAK,Q4_Both_Weak,DROP,Stable,1,1,1964,2008,1600
PPYIX,PIMCO RAE International Fund Inst,Foreign Large Value,Active,43.76242308968115,50.021997721009946,6.259574631328796,WEAK,WEAK,Q4_Both_Weak,DROP,Stable,1,1,2149,1824,1601
ADSIX,American Century Disciplined Growth Fund Inv,Large Growth,Active,50.89820085337604,41.89441720798065,-9.003783645395387,WEAK,WEAK,Q4_Both_Weak,DROP,Stable,1,1,1639,2337,1602
PCEMX,PACE Intl Emerging Markets Equity Inv P,Diversified Emerging Mkts,Active,49.4630280533931,43.32454601285903,-6.138482040534072,WEAK,WEAK,Q4_Both_Weak,DROP,Stable,1,1,1729,2247,1602
VUSG,Vanguard Wellington US Growth Active ETF,Large Growth,Active,7.064252377443239,83.57487922705315,76.5106268496099,WEAK,STRONG,Q2_Only_2025,REVIEW,Upgraded by 2025 system,0.1,0.25,3720,259,1603
TBLU,Tortoise Global Water Fund,Natural Resources,Passive,41.3261347023896,53.23835603430357,11.912221331913969,WEAK,WEAK,Q4_Both_Weak,DROP,Upgraded by 2025 system,0.57,0.8444,2349,1631,1604
WWSYX,Westwood Quality SmallCap Fund Ultra,Small Blend,Active,50.32577145549472,42.32287783332436,-8.002893622170355,WEAK,WEAK,Q4_Both_Weak,DROP,Stable,0.76,0.88,1675,2306,1605
QQEW,First Trust NASDAQ-100 Select Equal Weight ETF,Large Growth,Passive,41.22673195278513,53.29009218736444,12.063360234579314,WEAK,WEAK,Q4_Both_Weak,DROP,Upgraded by 2025 system,1,1,2357,1625,1606
ESG,FlexShares STOXX US ESG Select Index Fund,Large Blend,Passive,42.47505876637077,51.722929409422704,9.247870643051932,WEAK,WEAK,Q4_Both_Weak,DROP,Stable,0.57,0.8444,2262,1722,1607
DSTL,Distillate US Fundamental Stability & Value ETF,Large Value,Active,46.503650190641906,46.67553669940684,0.17188650876493483,WEAK,WEAK,Q4_Both_Weak,DROP,Stable,0.57,0.79,1954,2031,1608
PVCMX,Palm Valley Capital Fund Investor,Small Value,Active,46.866868462136544,46.39203270050395,-0.47483576163259755,WEAK,WEAK,Q4_Both_Weak,DROP,Stable,0.57,0.79,1931,2054,1608
TOPC,iShares S&P 500 3% Capped ETF,Large Blend,Passive,12.93147475895806,80.86506630448245,67.9335915455244,WEAK,STRONG,Q2_Only_2025,REVIEW,Upgraded by 2025 system,0.1,0.5111,3643,344,1609
GCVUX,Goldman Sachs Large Cap Value Insights Fund R6,Large Value,Active,46.718524133015165,46.502316412182466,-0.21620772083269912,WEAK,WEAK,Q4_Both_Weak,DROP,Stable,1,1,1943,2045,1610
SYZ,Lazard US Systematic Small Cap Equity ETF,Small Blend,Active,37.31297034085879,57.25183837484121,19.938868033982423,WEAK,WEAK,Q4_Both_Weak,DROP,Upgraded by 2025 system,0.15,0.46,2598,1390,1610
DUSA,Davis Select US Equity ETF,Large Value,Active,43.47279808211624,50.16564623840185,6.692848156285606,WEAK,WEAK,Q4_Both_Weak,DROP,Stable,0.57,0.79,2177,1813,1611
TLG,Touchstone Large Company Growth ETF,Large Growth,Active,47.431398015553675,45.421769178635614,-2.0096288369180613,WEAK,WEAK,Q4_Both_Weak,DROP,Stable,0.37,0.66,1873,2119,1612
PSPTX,PIMCO StocksPLUS Absolute Return Fund Inst,Large Blend,Active,45.7500091919374,47.31159730248374,1.5615881105463387,WEAK,WEAK,Q4_Both_Weak,DROP,Stable,1,1,1998,1995,1613
SECUX,New Age Alpha Mid Growth Fund A,Mid-Cap Growth,Active,47.60867964071867,45.14620131219591,-2.4624783285227565,WEAK,WEAK,Q4_Both_Weak,DROP,Stable,1,1,1856,2137,1613
BGRO,iShares Large Cap Growth Active ETF,Large Growth,Active,26.733706680579918,68.59903381642512,41.865327135845206,WEAK,REVIEW,Q4_Both_Weak,WATCH,Upgraded by 2025 system,0.15,0.25,3211,784,1614
CGGG,Capital Group US Large Growth ETF,Large Growth,Active,11.903182791171,80.91787439613528,69.01469160496427,WEAK,STRONG,Q2_Only_2025,REVIEW,Upgraded by 2025 system,0.1,0.25,3657,342,1615
RDVY,First Trust Rising Dividend Achievers ETF,Large Value,Passive,55.34166884341263,36.551987457312386,-18.78968138610024,WEAK,WEAK,Q4_Both_Weak,DROP,Downgraded by 2025 system,1,1,1330,2669,1615
JHDV,John Hancock US High Dividend ETF,Large Value,Active,34.326656023609154,61.11486123553694,26.78820521192779,WEAK,REVIEW,Q4_Both_Weak,WATCH,Upgraded by 2025 system,0.15,0.46,2822,1182,1616
CIVIX,Causeway International Value Fund Instl,Foreign Large Value,Active,51.09460714319041,41.21335313620489,-9.881254006985522,WEAK,WEAK,Q4_Both_Weak,DROP,Stable,1,1,1629,2376,1617
GOODX,GoodHaven Fund,Large Value,Active,49.73977736340935,42.44868767757022,-7.2910896858391325,WEAK,WEAK,Q4_Both_Weak,DROP,Stable,1,1,1710,2301,1618
UVALX,Victory Value Fund Fund,Large Value,Active,45.32751685838716,47.52033633048739,2.1928194721002257,WEAK,WEAK,Q4_Both_Weak,DROP,Stable,1,1,2031,1980,1618
BBVSX,Bridge Builder Small/Mid Cap Value Fund,Mid-Cap Value,Active,45.48532547809858,47.218277013405974,1.732951535307393,WEAK,WEAK,Q4_Both_Weak,DROP,Stable,1,1,2019,2000,1619
GGCIX,Gabelli Growth Fund I,Large Growth,Active,45.99161586215799,46.57283830538391,0.5812224432259185,WEAK,WEAK,Q4_Both_Weak,DROP,Stable,1,1,1982,2039,1620
SMDX,Intech S&P Small-Mid Cap Diversified Alpha ETF,Small Blend,Active,17.15355805243446,77.11267605633803,59.95911800390357,WEAK,REVIEW,Q4_Both_Weak,WATCH,Upgraded by 2025 system,0.1,0.25,3562,464,1621
DISSX,BNY Mellon Smallcap Stock Index Fund Investor,Small Blend,Passive,36.55622059552614,57.6827084886872,21.126487893161055,WEAK,WEAK,Q4_Both_Weak,DROP,Upgraded by 2025 system,1,1,2663,1367,1622
NOSGX,Northern Small Cap Value Fund,Small Value,Active,42.44643186644429,51.07517713103339,8.6287452645891,WEAK,WEAK,Q4_Both_Weak,DROP,Stable,1,1,2265,1766,1623
ETTGX,Eaton Vance Tax-Managed Growth Fund 1.1 A,Large Blend,Active,48.940150155705126,42.99312730472351,-5.947022850981618,WEAK,WEAK,Q4_Both_Weak,DROP,Stable,1,1,1765,2272,1624
VGRO,Virtus Silvant Growth Opportunities ETF,Large Growth,Active,1.6073621784749272,83.57487922705315,81.96751704857822,WEAK,STRONG,Q2_Only_2025,REVIEW,Upgraded by 2025 system,0.1,0.25,3779,259,1625
ARFFX,Ariel Focus Fund Investor,Mid-Cap Value,Active,45.62404287662698,46.605022539937174,0.9809796633101939,WEAK,WEAK,Q4_Both_Weak,DROP,Stable,1,1,2004,2037,1626
VXF,Vanguard Extended Market Index Fund ETF,Mid-Cap Blend,Passive,34.8167716357187,59.847673203431896,25.030901567713194,WEAK,WEAK,Q4_Both_Weak,DROP,Upgraded by 2025 system,1,1,2792,1249,1626
LRGC,AB US Large Cap Strategic Equities ETF,Large Blend,Active,47.28854454295792,44.908350305498985,-2.3801942374589373,WEAK,WEAK,Q4_Both_Weak,DROP,Stable,0.15,0.25,1888,2154,1627
BIOIX,Baron Opportunity Fund Institutional,Large Growth,Active,47.42476880540607,44.709616177187264,-2.715152628218803,WEAK,WEAK,Q4_Both_Weak,DROP,Stable,1,1,1875,2169,1628
DSCPX,Davenport Small Cap Focus Fund,Small Blend,Active,54.872568313624015,36.363720935354436,-18.50884737826958,WEAK,WEAK,Q4_Both_Weak,DROP,Downgraded by 2025 system,1,1,1363,2682,1629
MAGKX,MoA Small Cap Growth Fund,Small Growth,Active,43.76229432102894,48.78078145507263,5.0184871340436885,WEAK,WEAK,Q4_Both_Weak,DROP,Stable,1,1,2150,1895,1629
FMCDX,Fidelity Advisor Stock Selector Mid Cap Fund A,Mid-Cap Blend,Active,47.89359189021845,43.83629870474518,-4.05729318547327,WEAK,WEAK,Q4_Both_Weak,DROP,Stable,1,1,1833,2215,1630
DNLDX,BNY Mellon Active MidCap Fund A,Mid-Cap Blend,Active,46.4478431857601,45.82994056246996,-0.6179026232901421,WEAK,WEAK,Q4_Both_Weak,DROP,Stable,1,1,1958,2091,1631
RUNN,Running Oak Efficient Growth ETF,Mid-Cap Blend,Active,45.23098539095695,46.93877551020408,1.7077901192471288,WEAK,WEAK,Q4_Both_Weak,DROP,Stable,0.15,0.25,2037,2015,1632
GRW,TCW Durable Growth ETF,Large Growth,Active,47.43835062150418,44.49633328607126,-2.942017335432915,WEAK,WEAK,Q4_Both_Weak,DROP,Stable,0.37,0.66,1872,2181,1633
OALC,OneAscent Large Cap Core ETF,Large Blend,Active,47.203194669331936,44.81572768938577,-2.3874669799461685,WEAK,WEAK,Q4_Both_Weak,DROP,Stable,0.15,0.46,1893,2160,1633
WSGAX,Nomura Small Cap Growth Fund A,Small Growth,Active,48.96911288776721,42.59685315646755,-6.372259731299657,WEAK,WEAK,Q4_Both_Weak,DROP,Stable,1,1,1761,2293,1634
OWACX,Old Westbury All Cap Core Fund,Large Growth,Active,52.58017324218102,38.196414908164755,-14.383758334016264,WEAK,WEAK,Q4_Both_Weak,DROP,Downgraded by 2025 system,1,1,1503,2552,1635
NWZMX,Nationwide Loomis All Cap Growth Fund R6,Large Growth,Active,48.08614606046081,43.5028409372994,-4.583305123161409,WEAK,WEAK,Q4_Both_Weak,DROP,Stable,0.57,0.79,1819,2237,1636
NWKDX,Nationwide Geneva Small Cap Growth Fund IS,Small Growth,Active,51.34956649024167,39.9725194990937,-11.37704699114797,WEAK,WEAK,Q4_Both_Weak,DROP,Downgraded by 2025 system,1,1,1600,2457,1637
PPIE,Putnam PanAgora ESG International Equity ETF,Foreign Large Blend,Active,32.085259699765764,62.51700381430775,30.431744114541985,WEAK,REVIEW,Q4_Both_Weak,WATCH,Upgraded by 2025 system,0.15,0.46,2949,1108,1637
BSFIX,Baron Small Cap Fund Institutional,Small Growth,Active,51.883796995096034,39.20176137372194,-12.68203562137409,WEAK,WEAK,Q4_Both_Weak,DROP,Downgraded by 2025 system,1,1,1560,2499,1638
LCAP,Principal Capital Appreciation Select ETF,Large Blend,Active,39.77913621971832,53.360488798370675,13.581352578652357,WEAK,WEAK,Q4_Both_Weak,DROP,Upgraded by 2025 system,0.15,0.25,2439,1621,1639
RICIX,T Rowe Price International Disciplined Eq Fd I,Foreign Large Blend,Active,50.71414025156368,40.79608384403716,-9.918056407526514,WEAK,WEAK,Q4_Both_Weak,DROP,Stable,0.76,0.88,1652,2409,1640
ABCS,Alpha Blue Capital US Small-Mid Cap Dynamic ETF,Mid-Cap Value,Active,34.69508748860976,59.67741935483871,24.982331866228954,WEAK,WEAK,Q4_Both_Weak,DROP,Upgraded by 2025 system,0.15,0.25,2802,1260,1641
PMDHX,Principal Small-MidCap Dividend Income Fund R6,Mid-Cap Value,Active,45.030391284066184,47.014869305058056,1.9844780209918724,WEAK,WEAK,Q4_Both_Weak,DROP,Stable,0.89,0.88,2056,2011,1642
EIEMX,Parametric Emerging Markets Fund I,Diversified Emerging Mkts,Active,50.737015163344765,40.66697929138591,-10.070035871958858,WEAK,WEAK,Q4_Both_Weak,DROP,Downgraded by 2025 system,1,1,1651,2418,1643
ARIGX,Aristotle Growth Equity Fund I,Large Growth,Active,46.70560470785736,45.316535896113315,-1.3890688117440462,WEAK,WEAK,Q4_Both_Weak,DROP,Stable,1,1,1945,2127,1644
CSNR,Cohen & Steers Natural Resources Active ETF,Natural Resources,Active,34.74382157926462,59.4059405940594,24.662119014794783,WEAK,WEAK,Q4_Both_Weak,DROP,Upgraded by 2025 system,0.15,0.25,2796,1276,1644
NACP,Impact Shares NAACP Minority Empowerment ETF,Large Blend,Passive,51.28333961340938,39.83758822202409,-11.445751391385294,WEAK,WEAK,Q4_Both_Weak,DROP,Downgraded by 2025 system,0.57,0.8444,1606,2468,1645
ESLG,Eventide Large Cap Growth ETF,Large Growth,Active,5.7918377373056815,80.91787439613528,75.12603665882959,WEAK,STRONG,Q2_Only_2025,REVIEW,Upgraded by 2025 system,0.1,0.25,3733,342,1646
FRTY,Alger Mid Cap 40 ETF,Mid-Cap Growth,Active,35.52712896102464,58.39169839762095,22.864569436596312,WEAK,WEAK,Q4_Both_Weak,DROP,Upgraded by 2025 system,0.36,0.73,2743,1332,1646
ZDIIX,Zacks Dividend Fund Institutional,Large Value,Active,53.8968444040208,36.73043741570306,-17.16640698831774,WEAK,WEAK,Q4_Both_Weak,DROP,Downgraded by 2025 system,0.76,0.88,1418,2657,1646
AIVL,WisdomTree US AI Enhanced Value Fund,Mid-Cap Value,Active,43.12053946501687,49.32754168045927,6.207002215442401,WEAK,WEAK,Q4_Both_Weak,DROP,Stable,1,1,2210,1866,1647
BARAX,Baron Asset Fund Retail,Mid-Cap Growth,Active,53.49376144039333,37.184286082963304,-16.309475357430024,WEAK,WEAK,Q4_Both_Weak,DROP,Downgraded by 2025 system,1,1,1449,2627,1647
VIESX,Virtus KAR Emerging Markets Small-Cap Fund I,Diversified Emerging Mkts,Active,57.55259852947931,32.12538415727115,-25.427214372208162,WEAK,WEAK,Q4_Both_Weak,DROP,Downgraded by 2025 system,1,1,1152,2924,1647
WLTG,WealthTrust DBS Long Term Growth ETF,Large Blend,Active,38.96256372830689,54.09668958597413,15.134125857667243,WEAK,WEAK,Q4_Both_Weak,DROP,Upgraded by 2025 system,0.15,0.46,2495,1582,1648
SPMIX,Shelton S&P MidCap Index Fund Investor,Mid-Cap Blend,Passive,41.14042646266094,51.83548599551728,10.695059532856341,WEAK,WEAK,Q4_Both_Weak,DROP,Upgraded by 2025 system,1,1,2363,1715,1649
RDIV,Invesco S&P Ultra Dividend Revenue ETF,Mid-Cap Value,Passive,53.83587485046316,36.736448925154605,-17.09942592530856,WEAK,WEAK,Q4_Both_Weak,DROP,Downgraded by 2025 system,1,1,1424,2655,1650
VIDI,Vident International Equity Strat ETF,Foreign Large Value,Passive,39.17303169511306,53.601433014819655,14.428401319706595,WEAK,WEAK,Q4_Both_Weak,DROP,Upgraded by 2025 system,1,1,2475,1605,1651
BBTIX,Bridge Builder Tax Managed International Equity Fd,Foreign Large Blend,Active,52.0340917373768,38.45863894754594,-13.575452789830855,WEAK,WEAK,Q4_Both_Weak,DROP,Downgraded by 2025 system,0.15,0.46,1548,2533,1652
VCRIX,NYLI CBRE Global Infrastructure Fund I,Infrastructure,Active,52.708465374926895,37.715736333539034,-14.992729041387861,WEAK,WEAK,Q4_Both_Weak,DROP,Downgraded by 2025 system,1,1,1493,2588,1652
DUBS,Aptus Large Cap Enhanced Yield ETF,Large Blend,Active,46.879755475902854,44.908350305498985,-1.9714051704038695,WEAK,WEAK,Q4_Both_Weak,DROP,Stable,0.15,0.25,1928,2154,1653
BTMFX,Boston Trust Midcap Fund,Mid-Cap Blend,Active,54.59771180074428,35.88464389899318,-18.713067901751096,WEAK,WEAK,Q4_Both_Weak,DROP,Downgraded by 2025 system,1,1,1374,2712,1654
PID,Invesco International Dividend Achievers ETF,Foreign Large Value,Passive,47.8806939369043,43.25896439532993,-4.621729541574368,WEAK,WEAK,Q4_Both_Weak,DROP,Stable,1,1,1835,2252,1655
APHMX,Artisan Mid Cap Fund Institutional,Mid-Cap Growth,Active,49.21522730627309,41.787545154547814,-7.4276821517252785,WEAK,WEAK,Q4_Both_Weak,DROP,Stable,1,1,1739,2349,1656
MNDKX,MFS New Discovery Fund R6,Small Growth,Active,46.14073914607455,45.41998801395757,-0.7207511321169804,WEAK,WEAK,Q4_Both_Weak,DROP,Stable,1,1,1974,2120,1657
HFCSX,Hennessy Focus Fund Investor,Mid-Cap Blend,Active,47.75218458540214,43.27832759732745,-4.473856988074694,WEAK,WEAK,Q4_Both_Weak,DROP,Stable,1,1,1849,2250,1658
BDFIX,Baron Discovery Fund Inst,Small Growth,Active,48.17316487985734,42.63403912877515,-5.539125751082189,WEAK,WEAK,Q4_Both_Weak,DROP,Stable,1,1,1809,2292,1659
SSAIX,State Street International Stock Selection Fund N,Foreign Large Value,Active,45.60751393641737,45.75015935612925,0.14264541971188294,WEAK,WEAK,Q4_Both_Weak,DROP,Stable,1,1,2006,2097,1660
WEIMX,TETON Westwood Mighty Mites Fund I,Small Blend,Active,50.88734084051533,39.89857903532523,-10.988761805190101,WEAK,WEAK,Q4_Both_Weak,DROP,Downgraded by 2025 system,1,1,1640,2463,1660
FIREX,Fidelity International Real Estate Fund,Global Real Estate,Active,50.51124721138876,40.31432015474525,-10.19692705664351,WEAK,WEAK,Q4_Both_Weak,DROP,Downgraded by 2025 system,1,1,1664,2442,1661
SSMAX,SEI Inst Inv Small/Mid Cap Equity Fund A,Small Blend,Active,47.32845995748765,43.72583299473493,-3.6026269627527228,WEAK,WEAK,Q4_Both_Weak,DROP,Stable,1,1,1885,2223,1662
RVER,Trenchless Fund ETF,Large Growth,Active,36.69165864415304,56.038647342995176,19.34698869884214,WEAK,WEAK,Q4_Both_Weak,DROP,Upgraded by 2025 system,0.15,0.25,2654,1457,1663
BAFSX,Brown Advisory Small-Cap Growth Fund Inst,Small Growth,Active,51.00412654527,39.60374996376502,-11.400376581504979,WEAK,WEAK,Q4_Both_Weak,DROP,Downgraded by 2025 system,1,1,1634,2481,1664
NXTI,Simplify Next Intangible Core Index ETF,Large Blend,Passive,38.074818708245694,54.49181760214705,16.416998893901358,WEAK,WEAK,Q4_Both_Weak,DROP,Upgraded by 2025 system,0.15,0.5111,2555,1560,1664
QLTY,GMO US Quality ETF,Large Blend,Active,51.26005566309082,38.90020366598778,-12.359851997103036,WEAK,WEAK,Q4_Both_Weak,DROP,Downgraded by 2025 system,0.15,0.25,1608,2512,1665
WSMVX,Wilshire Small Company Value Portfolio Inst,Small Value,Active,44.917353427041895,46.37256375542615,1.4552103283842541,WEAK,WEAK,Q4_Both_Weak,DROP,Stable,1,1,2065,2055,1665
KCGIX,Knights of Columbus Large Cap Growth Fund I,Large Growth,Active,45.73765812260976,45.38759864431907,-0.35005947829068873,WEAK,WEAK,Q4_Both_Weak,DROP,Stable,1,1,2000,2121,1666
DNSVX,Dunham Small Cap Value Fund N,Small Value,Active,45.54286462721619,45.60187499862965,0.05901037141345711,WEAK,WEAK,Q4_Both_Weak,DROP,Stable,1,1,2014,2108,1667
SEIS,SEI Select Small Cap ETF,Small Blend,Active,28.76404494382022,64.43661971830986,35.67257477448963,WEAK,REVIEW,Q4_Both_Weak,WATCH,Upgraded by 2025 system,0.1,0.25,3124,998,1667
NWAEX,Nationwide BNY Mellon Dynamic US Core Fund Eagle,Large Blend,Active,50.32641374836311,40.1229422484143,-10.203471499948812,WEAK,WEAK,Q4_Both_Weak,DROP,Downgraded by 2025 system,0.89,0.88,1674,2449,1668
RECIX,RBC Emerging Markets ex-China Equity Fund I,Diversified Emerging Mkts,Active,30.1099061447387,63.33809241798465,33.228186273245946,WEAK,REVIEW,Q4_Both_Weak,WATCH,Upgraded by 2025 system,0.15,0.46,3059,1067,1669
TWHIX,American Century Heritage Fund Investor,Mid-Cap Growth,Active,49.65484169591763,40.80643447370234,-8.848407222215293,WEAK,WEAK,Q4_Both_Weak,DROP,Stable,1,1,1718,2408,1669
MCDS,JPMorgan Fundamental Data Science Mid Core ETF,Mid-Cap Blend,Active,30.124083760770574,63.26530612244898,33.14122236167841,WEAK,REVIEW,Q4_Both_Weak,WATCH,Upgraded by 2025 system,0.15,0.25,3057,1071,1670
TIEUX,Morgan Stanley Pathway Funds Intl Equity Fund,Foreign Large Blend,Active,47.26946623340839,43.47078651744148,-3.7986797159669052,WEAK,WEAK,Q4_Both_Weak,DROP,Stable,1,1,1890,2238,1670
KVALX,Kennedy Capital Small Cap Value Fund Inst,Small Value,Active,31.8502817827167,61.42174239727773,29.571460614561033,WEAK,REVIEW,Q4_Both_Weak,WATCH,Upgraded by 2025 system,0.15,0.46,2969,1166,1671
GSCIX,abrdn US Small Cap Equity Fund Institutional,Small Blend,Active,47.15913986154588,43.43587981682309,-3.7232600447227924,WEAK,WEAK,Q4_Both_Weak,DROP,Stable,1,1,1896,2240,1672
TIMVX,Nuveen Mid Cap Value Fund R6,Mid-Cap Value,Active,43.44653738579442,47.96264854042399,4.51611115462957,WEAK,WEAK,Q4_Both_Weak,DROP,Stable,1,1,2181,1957,1673
GGRW,Gabelli Growth Innovators ETF,Large Growth,Active,27.264537101978053,65.33472295896254,38.070185856984494,WEAK,REVIEW,Q4_Both_Weak,WATCH,Upgraded by 2025 system,0.57,0.79,3191,948,1674
TLCI,Touchstone International Equity ETF,Foreign Large Blend,Active,31.312102256409336,61.6519174041298,30.33981514772046,WEAK,REVIEW,Q4_Both_Weak,WATCH,Upgraded by 2025 system,0.15,0.25,2986,1153,1674
PSTKX,PIMCO StocksPLUS Fund Institutional,Large Blend,Active,45.5842595315077,45.265221817345136,-0.31903771416256177,WEAK,WEAK,Q4_Both_Weak,DROP,Stable,1,1,2009,2132,1675
QQQA,ProShares Nasdaq-100 Dorsey Wright Momentum ETF,Large Growth,Passive,43.72702543873561,47.38125706514462,3.6542316264090076,WEAK,WEAK,Q4_Both_Weak,DROP,Stable,0.15,0.6222,2153,1989,1676
FKGRX,Franklin Growth Fund A,Large Growth,Active,49.56574562160932,40.66685906062284,-8.898886560986476,WEAK,WEAK,Q4_Both_Weak,DROP,Stable,1,1,1724,2419,1677
SCDGX,DWS Core Equity Fund S,Large Blend,Active,48.8097508234801,41.215503550191855,-7.5942472732882464,WEAK,WEAK,Q4_Both_Weak,DROP,Stable,1,1,1768,2375,1677
IPKW,Invesco International BuyBack Achievers ETF,Foreign Large Value,Passive,47.626744726695776,42.66257917550825,-4.964165551187527,WEAK,WEAK,Q4_Both_Weak,DROP,Stable,1,1,1855,2289,1678
JDVIX,John Hancock Disciplined Value Internatl Fd I,Foreign Large Value,Active,48.372017855890334,41.69490773839682,-6.677110117493513,WEAK,WEAK,Q4_Both_Weak,DROP,Stable,1,1,1793,2354,1679
RIVSX,River Oak Discovery Fund,Small Blend,Active,52.36014083395326,37.154215690092926,-15.205925143860334,WEAK,WEAK,Q4_Both_Weak,DROP,Downgraded by 2025 system,1,1,1518,2629,1679
AGRFX,AB Growth Fund A,Large Growth,Active,51.93686965783062,37.64070972622541,-14.29615993160521,WEAK,WEAK,Q4_Both_Weak,DROP,Downgraded by 2025 system,1,1,1557,2592,1680
VNIE,Vontobel International Equity Active ETF,Foreign Large Growth,Active,28.633235004916425,64.02877697841727,35.39554197350084,WEAK,REVIEW,Q4_Both_Weak,WATCH,Upgraded by 2025 system,0.15,0.25,3131,1020,1681
JADE,JPMorgan Active Developing Markets Equity ETF,Diversified Emerging Mkts,Active,33.542807565749705,59.2814371257485,25.7386295599988,WEAK,WEAK,Q4_Both_Weak,DROP,Upgraded by 2025 system,0.15,0.25,2874,1282,1682
VKSIX,Virtus KAR Small-Mid Cap Core Fund I,Mid-Cap Growth,Active,53.86691987735423,35.52678426014116,-18.340135617213065,WEAK,WEAK,Q4_Both_Weak,DROP,Downgraded by 2025 system,0.57,0.79,1422,2738,1683
ABLS,Abacus FCF Small Cap Leaders ETF,Small Blend,Passive,28.794982367657955,63.7333856123919,34.93840324473395,WEAK,REVIEW,Q4_Both_Weak,WATCH,Upgraded by 2025 system,0.15,0.5111,3122,1040,1684
OTPIX,ProFunds NASDAQ-100 ProFund Investor,Large Growth,Passive,54.93835152856178,34.48414024955675,-20.45421127900503,WEAK,WEAK,Q4_Both_Weak,DROP,Downgraded by 2025 system,1,1,1355,2807,1684
CIPNX,Champlain Small Company Fund Institutional,Small Growth,Active,51.51628710835144,37.83993902208925,-13.676348086262195,WEAK,WEAK,Q4_Both_Weak,DROP,Downgraded by 2025 system,0.76,0.88,1586,2577,1685
BIEMX,William Blair Emerging Markets Growth Fund R6,Diversified Emerging Mkts,Active,47.798357609746105,42.03975569323909,-5.758601916507018,WEAK,WEAK,Q4_Both_Weak,DROP,Stable,1,1,1843,2322,1686
DIV,Global X SuperDividend US ETF,Small Value,Passive,44.9202353869701,45.67037801323319,0.7501426262630915,WEAK,WEAK,Q4_Both_Weak,DROP,Stable,1,1,2064,2103,1687
SPGRX,DWS Equity Sector Strategy Fund S,Large Blend,Active,45.20079206940962,45.33018098974183,0.12938892033220384,WEAK,WEAK,Q4_Both_Weak,DROP,Stable,1,1,2041,2126,1687
MYIFX,Monetta Young Investor Growth Fund,Large Growth,Active,52.35920110825181,36.80026792268368,-15.55893318556813,WEAK,WEAK,Q4_Both_Weak,DROP,Downgraded by 2025 system,1,1,1519,2649,1688
EFFE,Harbor Osmosis EM Resource Efficient ETF,Diversified Emerging Mkts,Active,35.596603445743774,56.58682634730538,20.99022290156161,WEAK,WEAK,Q4_Both_Weak,DROP,Upgraded by 2025 system,0.15,0.25,2739,1430,1689
TWCGX,American Century Growth Fund Investor,Large Growth,Active,53.680750360335885,35.540788197017775,-18.13996216331811,WEAK,WEAK,Q4_Both_Weak,DROP,Downgraded by 2025 system,1,1,1432,2737,1689
RESM,Columbia Research Enhanced Small Cap ETF,Small Blend,Active,2.191011235955056,78.87323943661971,76.68222820066465,WEAK,REVIEW,Q4_Both_Weak,WATCH,Upgraded by 2025 system,0.1,0.25,3771,404,1690
FSMBX,Tributary Small/Mid Cap Fund Inst Plus,Small Blend,Active,51.92916167330635,37.32143530877969,-14.607726364526663,WEAK,WEAK,Q4_Both_Weak,DROP,Downgraded by 2025 system,0.57,0.79,1558,2619,1691
GMOI,GMO International Value ETF,Foreign Large Value,Active,35.8362729254748,55.9748427672956,20.138569841820797,WEAK,WEAK,Q4_Both_Weak,DROP,Upgraded by 2025 system,0.15,0.25,2717,1460,1691
JEVNX,John Hancock Disciplined Value Emg Mkt Eqty Fd NAV,Diversified Emerging Mkts,Active,47.120058880817574,42.80295921770299,-4.317099663114583,WEAK,WEAK,Q4_Both_Weak,DROP,Stable,1,1,1900,2279,1692
GSGRX,Goldman Sachs Equity Income Fund A,Large Value,Active,51.15582223842963,38.037725020270706,-13.118097218158923,WEAK,WEAK,Q4_Both_Weak,DROP,Downgraded by 2025 system,1,1,1619,2564,1693
SENCX,Touchstone Large Cap Focused Fund A,Large Blend,Active,53.29417588248319,35.77989743149648,-17.51427845098671,WEAK,WEAK,Q4_Both_Weak,DROP,Downgraded by 2025 system,1,1,1462,2721,1693
MOAT,VanEck Morningstar Wide Moat ETF,Large Blend,Passive,55.75907994816037,32.93189334355737,-22.827186604603,WEAK,WEAK,Q4_Both_Weak,DROP,Downgraded by 2025 system,1,1,1299,2885,1694
HIDV,AB US High Dividend ETF,Large Value,Active,42.13429863860013,48.748410599378175,6.614111960778047,WEAK,WEAK,Q4_Both_Weak,DROP,Stable,0.15,0.26,2288,1898,1695
SAOPX,Barrett Opportunity Fund Rtl,Large Blend,Active,51.10417928776545,38.05780008138399,-13.04637920638146,WEAK,WEAK,Q4_Both_Weak,DROP,Downgraded by 2025 system,1,1,1626,2561,1696
FLIAX,First Sentier American Listed Infrastructure Fd I,Infrastructure,Active,45.49911584266321,44.66623780818729,-0.8328780344759181,WEAK,WEAK,Q4_Both_Weak,DROP,Stable,0.57,0.79,2016,2174,1697
FXZ,First Trust Materials AlphaDEX Fund,Natural Resources,Passive,43.59267880949513,46.7735543085112,3.180875499016068,WEAK,WEAK,Q4_Both_Weak,DROP,Stable,1,1,2168,2024,1698
RWEM,Rayliant Wilshire NxtGen Emerging Mkts Eq ETF,Diversified Emerging Mkts,Passive,39.52014381742547,51.55289051287839,12.032746695452921,WEAK,WEAK,Q4_Both_Weak,DROP,Upgraded by 2025 system,0.15,0.6222,2454,1738,1698
ASPZX,Alger Spectra Fund Z,Large Growth,Active,43.04839800343924,47.67062130081786,4.622223297378618,WEAK,WEAK,Q4_Both_Weak,DROP,Stable,1,1,2219,1975,1699
FLCC,Federated Hermes MDT Large Cap Core ETF,Large Blend,Active,37.668531809838655,53.360488798370675,15.69195698853202,WEAK,WEAK,Q4_Both_Weak,DROP,Upgraded by 2025 system,0.15,0.25,2576,1621,1700
RITA,ETFB Green SRI REITs ETF,Real Estate,Passive,43.405626687570766,46.98589274469847,3.5802660571277016,WEAK,WEAK,Q4_Both_Weak,DROP,Stable,0.15,0.6222,2186,2012,1701
EIFGX,Eaton Vance Focused Growth Opportunities Fund I,Large Growth,Active,41.43835378019474,49.407753639399246,7.969399859204508,WEAK,WEAK,Q4_Both_Weak,DROP,Stable,1,1,2341,1859,1702
CMPAX,Calvert Small/Mid Cap Fund A,Small Growth,Active,53.07943710751098,35.681979260126965,-17.39745784738401,WEAK,WEAK,Q4_Both_Weak,DROP,Downgraded by 2025 system,1,1,1474,2727,1703
AFEGX,American Century Large Cap Equity Fund G,Large Blend,Active,45.25442651036777,44.72476526080475,-0.52966124956302,WEAK,WEAK,Q4_Both_Weak,DROP,Stable,0.76,0.88,2036,2166,1704
MMSIX,Praxis Small Cap Index Fund I,Small Blend,Passive,30.871028400434103,61.070610193317755,30.199581792883652,WEAK,REVIEW,Q4_Both_Weak,WATCH,Upgraded by 2025 system,1,1,3018,1185,1705
DIHRX,DFA Internatnl Hi Relative Profitability Ptfl Inst,Foreign Large Blend,Active,44.11924434795051,45.99535290834658,1.8761085603960694,WEAK,WEAK,Q4_Both_Weak,DROP,Stable,0.57,0.79,2121,2083,1706
HSMNX,Horizon Multi-Factor Small/Mid Cap Fund Inv,Small Blend,Active,35.845631208001954,55.58167546421179,19.736044256209837,WEAK,WEAK,Q4_Both_Weak,DROP,Upgraded by 2025 system,0.15,0.46,2716,1488,1706
PCLG,Polen Focus Growth ETF,Large Growth,Active,12.71677720461803,74.39613526570048,61.67935806108245,WEAK,REVIEW,Q4_Both_Weak,WATCH,Upgraded by 2025 system,0.1,0.25,3646,560,1707
DIVY,Sound Equity Dividend Income ETF,Mid-Cap Value,Active,49.71879495406672,39.32446544568505,-10.394329508381674,WEAK,WEAK,Q4_Both_Weak,DROP,Downgraded by 2025 system,0.57,0.79,1713,2494,1708
NBRIX,Neuberger Real Estate Fund Institutional,Real Estate,Active,52.74642335094954,35.8058718289991,-16.94055152195044,WEAK,WEAK,Q4_Both_Weak,DROP,Downgraded by 2025 system,1,1,1490,2720,1709
SDMGX,Sit Developing Markets Growth Fund,Diversified Emerging Mkts,Active,46.798124243796494,42.96684247263546,-3.8312817711610307,WEAK,WEAK,Q4_Both_Weak,DROP,Stable,1,1,1938,2273,1710
THLCX,Thrivent Large Cap Growth Fund S,Large Growth,Active,44.20342995182166,45.714450808861145,1.5110208570394832,WEAK,WEAK,Q4_Both_Weak,DROP,Stable,1,1,2118,2098,1711
JNGIX,Janus Henderson Growth and Income Fund D,Large Blend,Active,51.21255243927525,37.53047769818753,-13.682074741087717,WEAK,WEAK,Q4_Both_Weak,DROP,Downgraded by 2025 system,1,1,1614,2603,1712
EFRA,iShares Environmental Infra and Indus ETF,Infrastructure,Passive,39.472208477651336,51.151315789473685,11.67910731182235,WEAK,WEAK,Q4_Both_Weak,DROP,Upgraded by 2025 system,0.15,0.6222,2459,1760,1713
PXNIX,Impax International Sustainable Economy Fund Inst,Foreign Large Blend,Active,46.19949267569351,43.31075038971786,-2.8887422859756526,WEAK,WEAK,Q4_Both_Weak,DROP,Stable,1,1,1971,2248,1713
HCMGX,HCM Tactical Plus Fund A,Large Growth,Active,47.20430017005339,41.97662492946676,-5.227675240586635,WEAK,WEAK,Q4_Both_Weak,DROP,Stable,1,1,1892,2328,1714
IGIAX,Integrity Growth & Income Fund A,Large Blend,Active,48.28459524592491,40.634387820136475,-7.650207425788437,WEAK,WEAK,Q4_Both_Weak,DROP,Stable,1,1,1797,2424,1715
OMSOX,Invesco Main Street All Cap Fund A,Large Blend,Active,47.91624438817052,40.98369037129097,-6.93255401687955,WEAK,WEAK,Q4_Both_Weak,DROP,Stable,1,1,1829,2393,1716
LEAD,Siren DIVCON Leaders Dividend ETF,Large Blend,Passive,52.069769360426854,36.43789918560032,-15.631870174826531,WEAK,WEAK,Q4_Both_Weak,DROP,Downgraded by 2025 system,1,1,1546,2679,1717
CGIC,Capital Group International Core Equity ETF,Foreign Large Blend,Active,42.89258329880018,47.1976401179941,4.305056819193915,WEAK,WEAK,Q4_Both_Weak,DROP,Stable,0.15,0.25,2225,2001,1718
FEOE,First Eagle Overseas Equity ETF,Foreign Large Blend,Active,38.951336830766955,51.62241887905604,12.671082048289087,WEAK,WEAK,Q4_Both_Weak,DROP,Upgraded by 2025 system,0.15,0.25,2497,1729,1718
EMPTX,UBS Emerging Markets Equity Opportunity Fund P2,Diversified Emerging Mkts,Active,37.38822475326914,53.17780139252798,15.78957663925884,WEAK,WEAK,Q4_Both_Weak,DROP,Upgraded by 2025 system,0.57,0.79,2594,1634,1719
TRBCX,T Rowe Price Blue Chip Growth Fund,Large Growth,Active,39.491746737575696,50.85901226402741,11.367265526451718,WEAK,WEAK,Q4_Both_Weak,DROP,Upgraded by 2025 system,1,1,2456,1778,1720
FFGX,Fidelity Fundamental Global ex-US ETF,Foreign Large Growth,Active,13.333333333333334,73.38129496402878,60.04796163069545,WEAK,REVIEW,Q4_Both_Weak,WATCH,Upgraded by 2025 system,0.1,0.25,3632,603,1721
TLGAX,Timothy Plan Large/Mid-Cap Growth Fund A,Large Growth,Active,49.69276970220384,38.74490375743076,-10.947865944773078,WEAK,WEAK,Q4_Both_Weak,DROP,Downgraded by 2025 system,1,1,1715,2520,1721
XSLV,Invesco S&P SmallCap Low Volatility ETF,Small Blend,Passive,40.2635980631035,49.87578006994421,9.612182006840712,WEAK,WEAK,Q4_Both_Weak,DROP,Stable,1,1,2407,1829,1722
TVLIX,Touchstone Value Fund Institutional,Large Value,Active,47.96979193591956,40.73361383186667,-7.23617810405289,WEAK,WEAK,Q4_Both_Weak,DROP,Stable,1,1,1826,2412,1723
GMYPX,Goldman Sachs Large Cap Value Fund P,Large Value,Active,48.14476891615864,40.60592547231289,-7.5388434438457494,WEAK,WEAK,Q4_Both_Weak,DROP,Stable,0.76,0.88,1814,2425,1724
ETMGX,Eaton Vance Tax-Managed Small-Cap Fund A,Small Growth,Active,53.38208589129208,34.819311533412225,-18.562774357879853,WEAK,WEAK,Q4_Both_Weak,DROP,Downgraded by 2025 system,1,1,1456,2784,1725
ABYSX,AB Discovery Value Fund Advisor,Small Value,Active,45.21121644684015,44.079037974666136,-1.1321784721740116,WEAK,WEAK,Q4_Both_Weak,DROP,Stable,1,1,2040,2203,1726
EALCX,Eaton Vance Growth Fund A,Large Growth,Active,47.45639288950819,41.219974687213366,-6.236418202294821,WEAK,WEAK,Q4_Both_Weak,DROP,Stable,1,1,1869,2374,1726
FESCX,First Eagle Small Cap Opportunity Fund I,Small Value,Active,43.09936818045061,46.6456091414876,3.546240961036986,WEAK,WEAK,Q4_Both_Weak,DROP,Stable,0.15,0.46,2213,2033,1727
ASCE,Allspring SMID Core ETF,Small Blend,Active,10,74.64788732394366,64.64788732394366,WEAK,REVIEW,Q4_Both_Weak,WATCH,Upgraded by 2025 system,0.1,0.25,3694,554,1728
USAUX,Victory Aggressive Growth Fund Fund,Large Growth,Active,39.162337377451784,51.00669907978778,11.844361702335995,WEAK,WEAK,Q4_Both_Weak,DROP,Upgraded by 2025 system,1,1,2476,1772,1728
JHID,John Hancock International High Dividend ETF,Foreign Large Value,Active,30.118720611678363,60.90281112842465,30.78409051674629,WEAK,REVIEW,Q4_Both_Weak,WATCH,Upgraded by 2025 system,0.15,0.46,3058,1194,1729
OPMSX,Invesco Main Street Mid Cap Fund A,Mid-Cap Blend,Active,49.03710202430425,39.228078435711254,-9.809023588592993,WEAK,WEAK,Q4_Both_Weak,DROP,Stable,1,1,1756,2498,1730
PFUT,Putnam Sustainable Future ETF,Mid-Cap Growth,Active,36.931370426499235,53.27893621910314,16.347565792603902,WEAK,WEAK,Q4_Both_Weak,DROP,Upgraded by 2025 system,0.15,0.46,2632,1626,1731
DFUV,DFA Dimensional US Marketwide Value ETF,Large Value,Active,39.22686329737553,50.686949214851765,11.460085917476235,WEAK,WEAK,Q4_Both_Weak,DROP,Upgraded by 2025 system,1,1,2474,1789,1732
MXKJX,Empower Mid Cap Value Fund Inst,Mid-Cap Value,Active,42.636475686327195,46.89212297566753,4.255647289340338,WEAK,WEAK,Q4_Both_Weak,DROP,Stable,1,1,2246,2017,1732
GEME,Pacific NoS Global EM Equity Active ETF,Diversified Emerging Mkts,Active,37.093765021530736,52.99401197604791,15.900246954517172,WEAK,WEAK,Q4_Both_Weak,DROP,Upgraded by 2025 system,0.15,0.25,2619,1645,1733
PINZX,Principal Overseas Fund Institutional,Foreign Large Value,Active,47.6768039514961,40.73883947729322,-6.937964474202879,WEAK,WEAK,Q4_Both_Weak,DROP,Stable,1,1,1854,2411,1734
SGRT,SMART Earnings Growth 30 ETF,Large Growth,Active,27.551780916419055,62.80193236714976,35.250151450730705,WEAK,REVIEW,Q4_Both_Weak,WATCH,Upgraded by 2025 system,0.15,0.25,3184,1090,1735
POSIX,Principal Global Real Estate Securities Fund Inst,Global Real Estate,Active,51.16897980965221,36.654422788734784,-14.514557020917422,WEAK,WEAK,Q4_Both_Weak,DROP,Downgraded by 2025 system,1,1,1616,2660,1736
HDPMX,Hodges Fund Rtl,Mid-Cap Blend,Active,44.61174160795962,44.36269486516853,-0.2490467427910943,WEAK,WEAK,Q4_Both_Weak,DROP,Stable,1,1,2088,2189,1737
WSACX,Wellington Shields All-Cap Fund Institutional,Large Growth,Active,50.18658722807767,37.621163963961884,-12.565423264115786,WEAK,WEAK,Q4_Both_Weak,DROP,Downgraded by 2025 system,1,1,1684,2594,1738
ETILX,Eventide Gilead Fund I,Mid-Cap Growth,Active,49.55574130562976,38.18206379583597,-11.373677509793787,WEAK,WEAK,Q4_Both_Weak,DROP,Downgraded by 2025 system,1,1,1725,2554,1739
NOBL,ProShares S&P 500 Dividend Aristocrats ETF,Large Value,Passive,42.62942003285701,46.63288444368101,4.0034644108239945,WEAK,WEAK,Q4_Both_Weak,DROP,Stable,1,1,2247,2034,1740
TBGVX,Tweedy Browne International Value Fund,Foreign Large Value,Active,56.21656034677957,30.345928365081594,-25.87063198169798,WEAK,WEAK,Q4_Both_Weak,DROP,Downgraded by 2025 system,1,1,1258,3023,1740
VSDA,VictoryShares Dividend Accelerator ETF,Large Value,Passive,43.87167994511948,45.10513476301416,1.2334548178946818,WEAK,WEAK,Q4_Both_Weak,DROP,Stable,0.57,0.8444,2142,2141,1741
LP40302756,Nationwide International Equity Portfolio R6,Foreign Large Blend,Active,40.159652175429876,49.26253687315634,9.102884697726466,WEAK,WEAK,Q4_Both_Weak,DROP,Stable,0.15,0.25,2418,1871,1742
OUSA,ALPS O'Shares US Quality Dividend ETF,Large Value,Passive,52.10542498920528,35.484460399452566,-16.620964589752717,WEAK,WEAK,Q4_Both_Weak,DROP,Downgraded by 2025 system,1,1,1543,2747,1743
SAMKX,SA US Core Market Fund,Large Blend,Active,48.765677975866105,38.765422964427806,-10.000255011438298,WEAK,WEAK,Q4_Both_Weak,DROP,Downgraded by 2025 system,1,1,1773,2518,1744
OMFL,Invesco Russell 1000 Dynamic Multifactor ETF,Large Blend,Passive,45.49033662969496,42.94142263971562,-2.54891398997934,WEAK,WEAK,Q4_Both_Weak,DROP,Stable,0.57,0.8444,2018,2275,1745
AASRX,American Beacon Small Cap Value Fund R6,Small Value,Active,44.466288359802554,44.18691750968131,-0.2793708501212464,WEAK,WEAK,Q4_Both_Weak,DROP,Stable,0.76,0.88,2099,2197,1746
DCCIX,Nomura Small Cap Core Fund Institutional,Small Blend,Active,49.793660878595794,37.687548580147,-12.106112298448792,WEAK,WEAK,Q4_Both_Weak,DROP,Downgraded by 2025 system,1,1,1706,2590,1746
PTMC,Pacer Trendpilot US Mid Cap ETF,Mid-Cap Blend,Passive,52.31881893117072,35.08709359958602,-17.2317253315847,WEAK,WEAK,Q4_Both_Weak,DROP,Downgraded by 2025 system,1,1,1525,2772,1747
TILT,FlexShares Morningstar US Market Factor Tilt Index,Large Blend,Passive,39.05182210466023,50.175202986601356,11.123380881941124,WEAK,WEAK,Q4_Both_Weak,DROP,Upgraded by 2025 system,1,1,2485,1812,1747
NBIE,Neuberger International Core Equity ETF,Foreign Large Blend,Active,13.145775427654621,71.976401179941,58.83062575228639,WEAK,REVIEW,Q4_Both_Weak,WATCH,Upgraded by 2025 system,0.1,0.25,3636,662,1748
QEW,Invesco QQQ Equal Weight ETF,Large Growth,Passive,0.39916482436747736,75.91915345271534,75.51998862834786,WEAK,REVIEW,Q4_Both_Weak,WATCH,Upgraded by 2025 system,0.1,0.5111,3789,513,1749
KCIIX,Knights of Columbus International Equity Fund I,Foreign Large Blend,Active,47.773346101001465,39.96132680919886,-7.812019291802606,WEAK,WEAK,Q4_Both_Weak,DROP,Stable,1,1,1845,2458,1750
GRNY,Fundstrat Granny Shots US Large Cap ETF,Large Growth,Active,43.72165835671174,44.927536231884055,1.2058778751723125,WEAK,WEAK,Q4_Both_Weak,DROP,Stable,0.15,0.25,2154,2150,1751
MNDFX,Manning & Napier Disciplined Value Series I,Large Value,Active,45.37869160008814,42.85217520428716,-2.526516395800982,WEAK,WEAK,Q4_Both_Weak,DROP,Stable,1,1,2026,2278,1751
RYSEX,Royce Small-Cap Special Equity Fund Investment,Small Value,Active,52.39056382059415,34.67211278543877,-17.718451035155383,WEAK,WEAK,Q4_Both_Weak,DROP,Downgraded by 2025 system,1,1,1516,2796,1752
TNXT,T Rowe Price Innovation Leaders ETF,Large Growth,Active,3.6917921184686104,74.39613526570048,70.70434314723187,WEAK,REVIEW,Q4_Both_Weak,WATCH,Upgraded by 2025 system,0.1,0.25,3752,560,1752
JEQIX,Johnson Equity Income Fund I,Large Blend,Active,51.3043372071077,35.87308121781666,-15.431255989291039,WEAK,WEAK,Q4_Both_Weak,DROP,Downgraded by 2025 system,1,1,1604,2714,1753
MGLRX,MFS Global Real Estate Fund R6,Global Real Estate,Active,51.75653653911853,35.36882006273565,-16.387716476382877,WEAK,WEAK,Q4_Both_Weak,DROP,Downgraded by 2025 system,1,1,1565,2755,1754
PEY,Invesco High Yield Equity Dividend Achvrs ETF,Mid-Cap Value,Passive,49.0784494603287,37.968113340864726,-11.110336119463973,WEAK,WEAK,Q4_Both_Weak,DROP,Downgraded by 2025 system,1,1,1751,2569,1754
SCIEX,Hartford Schroders International Stock Fund I,Foreign Large Blend,Active,51.84198226442359,35.20440796351919,-16.637574300904404,WEAK,WEAK,Q4_Both_Weak,DROP,Downgraded by 2025 system,1,1,1562,2762,1755
RPG,Invesco S&P 500 Pure Growth ETF,Large Growth,Passive,37.41639721674748,51.56934155044481,14.152944333697334,WEAK,WEAK,Q4_Both_Weak,DROP,Upgraded by 2025 system,1,1,2592,1734,1756
DTAN,Sparkline International Intangible Value ETF,Foreign Large Value,Active,26.79935262094887,62.264150943396224,35.46479832244735,WEAK,REVIEW,Q4_Both_Weak,WATCH,Upgraded by 2025 system,0.15,0.25,3208,1119,1757
QUAYX,AB Small Cap Growth Portfolio Advisor,Small Growth,Active,43.54175449326062,44.853402101035705,1.311647607775086,WEAK,WEAK,Q4_Both_Weak,DROP,Stable,1,1,2173,2157,1758
MADFX,Matrix Advisors Dividend Fund,Large Value,Active,52.008273088275125,34.98344755875189,-17.024825529523234,WEAK,WEAK,Q4_Both_Weak,DROP,Downgraded by 2025 system,0.57,0.79,1552,2780,1759
DVLU,First Trust Dorsey Wright Momentum & Value ETF,Mid-Cap Value,Passive,54.92055777309485,31.140052203823913,-23.780505569270936,WEAK,WEAK,Q4_Both_Weak,DROP,Downgraded by 2025 system,0.57,0.8444,1359,2974,1760
ASVDX,American Century Small Cap Value Fund R6,Small Value,Active,48.16057499825901,38.63139204239585,-9.529182955863156,WEAK,WEAK,Q4_Both_Weak,DROP,Stable,1,1,1810,2524,1761
CLCG,Crossmark Large Cap Growth ETF,Large Growth,Active,8.392988735656385,72.70531400966183,64.31232527400545,WEAK,REVIEW,Q4_Both_Weak,WATCH,Upgraded by 2025 system,0.1,0.25,3704,631,1762
SMAP,Amplify Small-Mid Cap Equity ETF,Small Blend,Active,26.041253214358544,62.676056338028175,36.63480312366963,WEAK,REVIEW,Q4_Both_Weak,WATCH,Upgraded by 2025 system,0.15,0.25,3238,1099,1763
TBWIX,Thornburg Better World International Fund I,Foreign Large Blend,Active,52.76610329135074,33.8509680381525,-18.915135253198237,WEAK,WEAK,Q4_Both_Weak,DROP,Downgraded by 2025 system,1,1,1489,2848,1763
LP40104731,John Hancock Blue Chip Growth Fund NAV,Large Growth,Active,38.8177078163897,49.79564560162034,10.977937785230644,WEAK,WEAK,Q4_Both_Weak,DROP,Upgraded by 2025 system,1,1,2505,1834,1764
SHRAX,ClearBridge Growth Fund A,Mid-Cap Growth,Active,47.0567528083151,40.50490433099745,-6.551848477317655,WEAK,WEAK,Q4_Both_Weak,DROP,Stable,1,1,1909,2431,1765
DMXF,iShares ESG Advanced MSCI EAFE ETF,Foreign Large Blend,Passive,26.570858611554943,62.15900624551971,35.588147633964766,WEAK,REVIEW,Q4_Both_Weak,WATCH,Upgraded by 2025 system,0.57,0.8444,3216,1127,1766
ENHI,iShares Enhanced International Active ETF,Foreign Large Blend,Active,2.8090750909542854,74.04129793510324,71.23222284414896,WEAK,REVIEW,Q4_Both_Weak,WATCH,Upgraded by 2025 system,0.1,0.25,3766,577,1766
IEDIX,Voya Large Cap Value Fund I,Large Value,Active,49.15573613131561,37.559386177756664,-11.596349953558942,WEAK,WEAK,Q4_Both_Weak,DROP,Downgraded by 2025 system,1,1,1745,2599,1767
GSC,Goldman Sachs Small Cap Equity ETF,Small Blend,Active,36.7207325504474,52.112676056338024,15.391943505890623,WEAK,WEAK,Q4_Both_Weak,DROP,Upgraded by 2025 system,0.15,0.25,2648,1697,1768
WIGRX,Wasatch Core Growth Fund Inst,Small Growth,Active,48.28278128353688,38.21464979363039,-10.068131489906484,WEAK,WEAK,Q4_Both_Weak,DROP,Downgraded by 2025 system,1,1,1798,2549,1769
NWKAX,Nationwide Geneva Mid Cap Growth Fund R6,Mid-Cap Growth,Active,45.98627438694603,41.424769206778365,-4.561505180167664,WEAK,WEAK,Q4_Both_Weak,DROP,Stable,1,1,1983,2368,1770
DFLVX,DFA US Large Cap Value Portfolio Institutional,Large Value,Active,39.68356669512769,48.605629940457646,8.922063245329959,WEAK,WEAK,Q4_Both_Weak,DROP,Stable,1,1,2443,1909,1771
SWMIX,Schwab International Opportunities Fund,Foreign Large Growth,Active,41.81968023584421,46.52431110048697,4.704630864642759,WEAK,WEAK,Q4_Both_Weak,DROP,Stable,1,1,2309,2043,1771
FYT,First Trust Small Cap Value AlphaDEX Fund,Small Value,Passive,37.18578602800076,51.54192507117501,14.356139043174245,WEAK,WEAK,Q4_Both_Weak,DROP,Upgraded by 2025 system,1,1,2614,1739,1772
PGRI,Putnam International Stock ETF,Foreign Large Growth,Active,3.75,73.38129496402878,69.63129496402878,WEAK,REVIEW,Q4_Both_Weak,WATCH,Upgraded by 2025 system,0.1,0.25,3751,603,1773
LCGFX,William Blair Large Cap Growth Fund I,Large Growth,Active,47.114693901027664,39.99150524939053,-7.123188651637136,WEAK,WEAK,Q4_Both_Weak,DROP,Stable,1,1,1901,2454,1774
TPIF,Timothy Plan International ETF,Foreign Large Blend,Passive,43.7763758539124,43.924597115142625,0.14822126123022628,WEAK,WEAK,Q4_Both_Weak,DROP,Stable,0.57,0.8444,2148,2210,1775
PEQUX,Putnam Focused International Equity Fund A,Foreign Large Blend,Active,47.572194602398085,39.03462399871496,-8.537570603683122,WEAK,WEAK,Q4_Both_Weak,DROP,Stable,1,1,1858,2504,1776
SSPY,Stratified LargeCap Index ETF,Large Value,Passive,33.73198679489761,55.35233158583635,21.620344790938745,WEAK,WEAK,Q4_Both_Weak,DROP,Upgraded by 2025 system,0.57,0.8444,2862,1501,1777
RLISX,Russell Investments Equity Income Fund S,Large Value,Active,48.11497346235353,38.20738160795852,-9.907591854395015,WEAK,WEAK,Q4_Both_Weak,DROP,Stable,1,1,1816,2550,1778
AMGAX,Alger Mid Cap Growth Fund A,Mid-Cap Growth,Active,44.36582381329474,43.12497389240379,-1.2408499208909518,WEAK,WEAK,Q4_Both_Weak,DROP,Stable,1,1,2105,2262,1779
NCLEX,Nicholas Limited Edition I,Small Growth,Active,46.94110016795482,40.051762431841,-6.8893377361138235,WEAK,WEAK,Q4_Both_Weak,DROP,Stable,1,1,1920,2451,1780
BGIG,Bahl & Gaynor Income Growth ETF,Large Value,Active,44.41815228468132,43.007915567282325,-1.4102367173989947,WEAK,WEAK,Q4_Both_Weak,DROP,Stable,0.15,0.25,2102,2270,1781
MEMJX,MFS Emerging Markets Equity Fund R6,Diversified Emerging Mkts,Active,42.49804995832965,45.53042099327212,3.0323710349424644,WEAK,WEAK,Q4_Both_Weak,DROP,Stable,1,1,2259,2114,1782
GMRAX,Nationwide Small Cap Index Fund A,Small Blend,Passive,28.84470302407724,59.75349903866377,30.908796014586528,WEAK,WEAK,Q4_Both_Weak,DROP,Upgraded by 2025 system,1,1,3118,1256,1783
ASLV,Allspring Special Large Value ETF,Large Value,Active,39.345880330553115,48.54881266490765,9.202932334354536,WEAK,WEAK,Q4_Both_Weak,DROP,Stable,0.15,0.25,2465,1912,1784
FFLG,Fidelity Fundamental Large Cap Growth ETF,Large Growth,Active,31.876002795452628,56.864638121732455,24.988635326279827,WEAK,WEAK,Q4_Both_Weak,DROP,Upgraded by 2025 system,0.57,0.79,2965,1413,1785
BLUC,Bluemonte Large Cap Core ETF,Large Blend,Active,23.139250972134302,64.05295315682281,40.9137021846885,WEAK,REVIEW,Q4_Both_Weak,WATCH,Upgraded by 2025 system,0.1,0.25,3362,1017,1786
LAFFX,Lord Abbett Affiliated Fund A,Large Value,Active,43.06268349470597,44.78000149641691,1.717318001710936,WEAK,WEAK,Q4_Both_Weak,DROP,Stable,1,1,2216,2163,1786
BCHI,GMO Beyond China ETF,Diversified Emerging Mkts,Active,29.30151585123531,59.2814371257485,29.97992127451319,WEAK,WEAK,Q4_Both_Weak,DROP,Upgraded by 2025 system,0.15,0.25,3098,1282,1787
TIIV,AAM Todd International Intrinsic Value ETF,Foreign Large Value,Active,24.01727641164261,63.52201257861635,39.50473616697374,WEAK,REVIEW,Q4_Both_Weak,WATCH,Upgraded by 2025 system,0.15,0.25,3322,1059,1788
LIFLX,Lord Abbett Focused Large Cap Value Fund I,Large Value,Active,43.63197940143386,43.77701080048221,0.14503139904834939,WEAK,WEAK,Q4_Both_Weak,DROP,Stable,0.57,0.79,2164,2219,1789
TEMR,T Rowe Price Emerging Markets Equity Research ETF,Diversified Emerging Mkts,Active,5.92076417162543,72.15568862275448,66.23492445112905,WEAK,REVIEW,Q4_Both_Weak,WATCH,Upgraded by 2025 system,0.1,0.25,3731,657,1790
OASC,OneAscent Enhanced Small and Mid Cap ETF,Small Blend,Active,32.007550323052364,56.33802816901409,24.330477845961724,WEAK,WEAK,Q4_Both_Weak,DROP,Upgraded by 2025 system,0.15,0.25,2954,1441,1791
SCINX,DWS CROCI International Fund S,Foreign Large Value,Active,44.704549849844966,42.2405757733172,-2.4639740765277693,WEAK,WEAK,Q4_Both_Weak,DROP,Stable,1,1,2082,2313,1791
GVEYX,GuideStone Value Equity Fund Inst,Large Value,Active,45.53027536525598,41.071326161036616,-4.4589492042193655,WEAK,WEAK,Q4_Both_Weak,DROP,Stable,0.95,1,2015,2385,1792
NMCIX,Voya MidCap Opportunities Fund Institutional,Mid-Cap Growth,Active,48.058015137765416,37.833374922989975,-10.224640214775441,WEAK,WEAK,Q4_Both_Weak,DROP,Downgraded by 2025 system,1,1,1820,2581,1793
QCGDX,Quantified Common Ground Fund Investor,Mid-Cap Blend,Active,53.97307940998832,30.752443518666876,-23.220635891321447,WEAK,WEAK,Q4_Both_Weak,DROP,Downgraded by 2025 system,0.57,0.79,1410,2994,1794
NDIV,Amplify Energy & Natural Resources Coverd Call ETF,Natural Resources,Passive,39.65139642354833,47.9244335457831,8.273037122234776,WEAK,WEAK,Q4_Both_Weak,DROP,Stable,0.15,0.6222,2445,1960,1795
FSSGX,Fidelity SAI Sustainable Emerging Markets Equity,Diversified Emerging Mkts,Active,37.25027381577993,50.397999413026675,13.147725597246747,WEAK,WEAK,Q4_Both_Weak,DROP,Upgraded by 2025 system,0.15,0.46,2607,1800,1796
TSCM,TimesSquare Quality Mid Cap Growth ETF,Mid-Cap Growth,Active,6.86104218362283,71.21212121212122,64.35107902849839,WEAK,REVIEW,Q4_Both_Weak,WATCH,Upgraded by 2025 system,0.1,0.25,3723,685,1797
JPSV,JPMorgan Active Small Cap Value ETF,Small Value,Active,31.209396557135406,56.771443446570345,25.56204688943494,WEAK,WEAK,Q4_Both_Weak,DROP,Upgraded by 2025 system,0.15,0.26,2993,1417,1798
PEIIX,Principal Equity Income Fund Inst,Large Value,Active,45.076629457633814,41.60715867298097,-3.4694707846528416,WEAK,WEAK,Q4_Both_Weak,DROP,Stable,1,1,2051,2359,1798
MSDUX,Morgan Stanley Inst Emerg Mkts ex China Port I,Diversified Emerging Mkts,Active,26.902797609884615,60.54778465367197,33.64498704378735,WEAK,REVIEW,Q4_Both_Weak,WATCH,Upgraded by 2025 system,0.15,0.46,3203,1208,1799
TMDV,ProShares Russell US Dividend Growers ETF,Mid-Cap Value,Passive,41.71422505203622,45.76213200205759,4.047906950021371,WEAK,WEAK,Q4_Both_Weak,DROP,Stable,0.57,0.8444,2315,2096,1799
SGRW,Harbor Active Small Cap Growth ETF,Small Growth,Active,1.2228773584905661,72.83236994219652,71.60949258370596,WEAK,REVIEW,Q4_Both_Weak,WATCH,Upgraded by 2025 system,0.1,0.25,3784,628,1800
BVALX,Brown Advisory - Beutel Goodman LCV Fd Inst,Mid-Cap Value,Active,45.18689298793157,41.29698444305671,-3.8899085448748636,WEAK,WEAK,Q4_Both_Weak,DROP,Stable,0.89,0.88,2044,2371,1801
DFMIX,Davidson Multi-Cap Equity Fund I,Large Blend,Active,52.68374359796012,32.23807606140875,-20.44566753655137,WEAK,WEAK,Q4_Both_Weak,DROP,Downgraded by 2025 system,1,1,1495,2920,1801
PJFZX,PGIM Jennison Growth Fund Z,Large Growth,Active,40.41234241009856,46.82702225858304,6.414679848484482,WEAK,WEAK,Q4_Both_Weak,DROP,Stable,1,1,2397,2021,1802
TIER,T Rowe Price International Equity Research ETF,Foreign Large Blend,Active,26.050967927807676,61.06194690265486,35.010978974847184,WEAK,REVIEW,Q4_Both_Weak,WATCH,Upgraded by 2025 system,0.15,0.25,3237,1186,1803
BLUX,Bluemonte Dynamic Total Market ETF,Large Blend,Active,26.4946107371857,60.692464358452135,34.19785362126643,WEAK,REVIEW,Q4_Both_Weak,WATCH,Upgraded by 2025 system,0.1,0.25,3220,1204,1804
FFOG,Franklin Focused Growth ETF,Large Growth,Active,34.65439662340341,53.4043851062936,18.749988482890195,WEAK,WEAK,Q4_Both_Weak,DROP,Upgraded by 2025 system,0.57,0.79,2805,1619,1804
USGRX,Victory Growth & Income Fund Fund,Large Blend,Active,43.29652189761948,43.62263335233249,0.32611145471301484,WEAK,WEAK,Q4_Both_Weak,DROP,Stable,1,1,2197,2230,1805
TEXN,iShares Texas Equity ETF,Large Blend,Passive,10.533112853704015,69.48262877292777,58.94951591922376,WEAK,REVIEW,Q4_Both_Weak,WATCH,Upgraded by 2025 system,0.1,0.5111,3679,750,1806
SMCO,Hilton Small-MidCap Opportunity ETF,Mid-Cap Blend,Active,38.21712118903729,48.97959183673469,10.762470647697398,WEAK,WEAK,Q4_Both_Weak,DROP,Upgraded by 2025 system,0.15,0.25,2547,1884,1807
XOEF,iShares S&P 500 ex S&P 100 ETF,Large Blend,Passive,10.225453339706572,69.6117721220453,59.38631878233872,WEAK,REVIEW,Q4_Both_Weak,WATCH,Upgraded by 2025 system,0.1,0.5111,3687,744,1807
ARKK,ARK Innovation ETF,Mid-Cap Growth,Active,37.84999044907031,49.331133076185054,11.481142627114743,WEAK,WEAK,Q4_Both_Weak,DROP,Upgraded by 2025 system,0.95,1,2567,1865,1808
CSD,Invesco S&P Spin-Off ETF,Mid-Cap Blend,Passive,57.77261315607192,24.180391709086717,-33.59222144698521,WEAK,WEAK,Q4_Both_Weak,DROP,Downgraded by 2025 system,1,1,1139,3293,1808
MGRIX,Marsico Growth Fund Investor,Large Growth,Active,42.73791160951295,44.16892584795165,1.4310142384386992,WEAK,WEAK,Q4_Both_Weak,DROP,Stable,1,1,2234,2198,1808
TESL,Simplify Volt TSLA Revolution ETF,Large Growth,Active,47.069595748272434,38.62796351666789,-8.441632231604544,WEAK,WEAK,Q4_Both_Weak,DROP,Stable,0.57,0.79,1907,2525,1808
JEMWX,JPMorgan Emerging Markets Equity Fund R6,Diversified Emerging Mkts,Active,43.604430369758305,43.07178445040059,-0.5326459193577122,WEAK,WEAK,Q4_Both_Weak,DROP,Stable,1,1,2166,2267,1809
DVND,Touchstone Dividend Select ETF,Large Value,Active,37.16832415818209,50.04998447024654,12.881660312064454,WEAK,WEAK,Q4_Both_Weak,DROP,Upgraded by 2025 system,0.15,0.46,2615,1822,1810
IAUTX,Invesco Dividend Income Fund A,Large Value,Active,50.4118582027455,35.15429790858822,-15.25756029415728,WEAK,WEAK,Q4_Both_Weak,DROP,Downgraded by 2025 system,1,1,1671,2766,1810
HUDEX,Huber Large Cap Value Fund Inst,Large Value,Active,50.886549247359206,34.62567908525579,-16.260870162103416,WEAK,WEAK,Q4_Both_Weak,DROP,Downgraded by 2025 system,1,1,1641,2798,1811
OARDX,Invesco Rising Dividends Fund A,Large Blend,Active,48.334004620254376,36.89665159860051,-11.437353021653863,WEAK,WEAK,Q4_Both_Weak,DROP,Downgraded by 2025 system,1,1,1795,2644,1811
JIG,JPMorgan International Growth ETF,Foreign Large Growth,Active,34.0658693761861,53.695923537247836,19.630054161061736,WEAK,WEAK,Q4_Both_Weak,DROP,Upgraded by 2025 system,0.57,0.79,2841,1600,1812
BVSIX,Baywood SociallyResponsible Fund Institutional,Large Value,Active,48.02542007114318,37.23473238201387,-10.790687689129314,WEAK,WEAK,Q4_Both_Weak,DROP,Downgraded by 2025 system,1,1,1822,2622,1813
ICOW,Pacer Developed Markets International Cash Cws 100,Foreign Large Value,Passive,41.466750798135,45.60976337758291,4.143012579447905,WEAK,WEAK,Q4_Both_Weak,DROP,Stable,0.57,0.8444,2338,2106,1813
PEMX,Putnam Emerging Markets ex-China ETF,Diversified Emerging Mkts,Active,30.900952707871443,56.58682634730538,25.68587363943394,WEAK,WEAK,Q4_Both_Weak,DROP,Upgraded by 2025 system,0.15,0.25,3014,1430,1813
FTHF,First Trust Emerging Markets Human Flourishing ETF,Diversified Emerging Mkts,Passive,36.86358400526576,50.196411456335724,13.332827451069967,WEAK,WEAK,Q4_Both_Weak,DROP,Upgraded by 2025 system,0.15,0.5111,2635,1810,1814
IQRA,NYLI CBRE Real Assets ETF,Global Real Estate,Active,26.380952380952376,60.37735849056604,33.99640610961366,WEAK,REVIEW,Q4_Both_Weak,WATCH,Upgraded by 2025 system,0.15,0.25,3225,1220,1814
TXS,Texas Capital Texas Equity Index ETF,Mid-Cap Blend,Passive,36.70577082592724,50.449332834308244,13.743562008381005,WEAK,WEAK,Q4_Both_Weak,DROP,Upgraded by 2025 system,0.15,0.5111,2650,1798,1815
NULC,Nuveen ESG Large-Cap ETF,Large Blend,Passive,24.173930252431397,61.9415396076178,37.7676093551864,WEAK,REVIEW,Q4_Both_Weak,WATCH,Upgraded by 2025 system,0.57,0.8444,3313,1137,1816
PEXL,Pacer US Export Leaders ETF,Mid-Cap Blend,Passive,52.344628652108625,32.07786242901289,-20.266766223095736,WEAK,WEAK,Q4_Both_Weak,DROP,Downgraded by 2025 system,0.57,0.8444,1522,2928,1816
BQLCX,Bright Rock Quality Large Cap Fund Inst,Large Blend,Active,47.42460999163844,37.8748656481377,-9.549744343500741,WEAK,WEAK,Q4_Both_Weak,DROP,Stable,1,1,1876,2576,1817
DEEF,Xtrackers FTSE Developed ex US Multifactor ETF,Foreign Large Value,Passive,28.39921798817247,58.63564437254871,30.23642638437624,WEAK,WEAK,Q4_Both_Weak,DROP,Upgraded by 2025 system,1,1,3146,1310,1818
LSVD,LSV Disciplined Value ETF,Large Value,Active,42.2919058595701,44.59102902374671,2.2991231641766063,WEAK,WEAK,Q4_Both_Weak,DROP,Stable,0.15,0.25,2280,2177,1819
JARIX,Easterly Global Real Estate Fund I,Global Real Estate,Active,48.53926721143463,36.49955629872876,-12.039710912705864,WEAK,WEAK,Q4_Both_Weak,DROP,Downgraded by 2025 system,1,1,1784,2674,1820
VALQ,American Century US Quality Value ETF,Large Value,Passive,36.80597858592709,50.11454674452806,13.30856815860097,WEAK,WEAK,Q4_Both_Weak,DROP,Upgraded by 2025 system,0.57,0.8444,2640,1818,1820
HRNOX,Hood River New Opportunities Fund Inst,Small Growth,Active,36.639661439189744,50.28901734104046,13.649355901850718,WEAK,WEAK,Q4_Both_Weak,DROP,Upgraded by 2025 system,0.15,0.25,2657,1804,1821
BBHM,BBH Select Mid Cap ETF,Mid-Cap Growth,Active,49.127322486274636,35.84689267149894,-13.280429814775694,WEAK,WEAK,Q4_Both_Weak,DROP,Downgraded by 2025 system,0.15,0.46,1747,2715,1822
PQNT,Pictet AI Enhanced International Equity ETF,Foreign Large Blend,Active,5.474318125324836,70.20648967551622,64.73217155019138,WEAK,REVIEW,Q4_Both_Weak,WATCH,Upgraded by 2025 system,0.1,0.25,3738,727,1823
FSML,Franklin Small Cap Enhanced ETF,Small Blend,Active,13.127340823970037,67.95774647887323,54.830405654903196,WEAK,REVIEW,Q4_Both_Weak,WATCH,Upgraded by 2025 system,0.1,0.25,3638,828,1824
BGDV,Bahl & Gaynor Dividend ETF,Large Blend,Active,43.45712871699277,42.66802443991853,-0.7891042770742374,WEAK,WEAK,Q4_Both_Weak,DROP,Stable,0.15,0.25,2179,2288,1825
PSKIX,PIMCO StocksPLUS International Fd (Uh) Inst,Foreign Large Blend,Active,43.50553255656102,42.647601021217206,-0.8579315353438162,WEAK,WEAK,Q4_Both_Weak,DROP,Stable,1,1,2176,2291,1825
FLCV,Federated Hermes MDT Large Cap Value ETF,Large Value,Active,36.94029997854372,49.736147757255935,12.795847778712215,WEAK,WEAK,Q4_Both_Weak,DROP,Upgraded by 2025 system,0.15,0.25,2631,1838,1826
LBGAX,ClearBridge Mid Cap Growth Fund A,Mid-Cap Growth,Active,46.80937570478966,38.34566108461277,-8.463714620176887,WEAK,WEAK,Q4_Both_Weak,DROP,Stable,1,1,1934,2540,1827
PTIN,Pacer Trendpilot International ETF,Foreign Large Blend,Passive,54.449429668872106,28.999809510829493,-25.449620158042613,WEAK,WEAK,Q4_Both_Weak,DROP,Downgraded by 2025 system,0.57,0.8444,1382,3092,1827
AALRX,American Beacon Large Cap Value Fund R6,Large Value,Active,45.876594486832126,39.56691856048438,-6.309675926347744,WEAK,WEAK,Q4_Both_Weak,DROP,Stable,0.76,0.88,1991,2484,1828
TSFYX,Touchstone Small Cap Fund Y,Small Blend,Active,50.22268930985868,34.692260707044944,-15.530428602813735,WEAK,WEAK,Q4_Both_Weak,DROP,Downgraded by 2025 system,1,1,1680,2795,1828
USAAX,Victory Growth Fund Fund,Large Growth,Active,42.63654497142999,43.57468427559618,0.9381393041661852,WEAK,WEAK,Q4_Both_Weak,DROP,Stable,1,1,2245,2232,1829
BREE,MFS Blended Research Emerging Markets Equity ETF,Diversified Emerging Mkts,Active,5.354421129554233,69.76047904191617,64.40605791236193,WEAK,REVIEW,Q4_Both_Weak,WATCH,Upgraded by 2025 system,0.1,0.25,3740,739,1830
BVEIX,Becker Equity Fund Inst,Large Value,Active,47.07737693495063,37.926901278623326,-9.150475656327302,WEAK,WEAK,Q4_Both_Weak,DROP,Stable,1,1,1906,2573,1830
FTCS,First Trust Capital Strength ETF,Large Blend,Passive,51.24120917082129,33.403107106183,-17.838102064638292,WEAK,WEAK,Q4_Both_Weak,DROP,Downgraded by 2025 system,1,1,1611,2868,1830
ICMPX,Lazard International Quality Growth Portfolio Inst,Foreign Large Growth,Active,48.15734641421647,36.522298381011645,-11.635048033204825,WEAK,WEAK,Q4_Both_Weak,DROP,Downgraded by 2025 system,0.57,0.79,1811,2671,1831
CTEF,Castellan Targeted Equity ETF,Mid-Cap Blend,Active,28.2512315270936,58.36734693877551,30.11611541168191,WEAK,WEAK,Q4_Both_Weak,DROP,Upgraded by 2025 system,0.1,0.25,3151,1334,1832
AUEIX,AQR Large Cap Defensive Style Fund I,Large Blend,Active,46.150085784608166,38.833781108301686,-7.31630467630648,WEAK,WEAK,Q4_Both_Weak,DROP,Stable,1,1,1973,2513,1833
MEIIX,MFS Value Fund I,Large Value,Active,46.9517757812057,37.96234620940346,-8.98942957180224,WEAK,WEAK,Q4_Both_Weak,DROP,Stable,1,1,1918,2570,1834
PJFG,PGIM Jennison Focused Growth ETF,Large Growth,Active,36.12321402162193,50.72303873283139,14.599824711209457,WEAK,WEAK,Q4_Both_Weak,DROP,Upgraded by 2025 system,0.15,0.46,2701,1787,1834
RSGRX,Victory RS Growth Fund A,Large Growth,Active,44.56736370503781,40.968112708035605,-3.5992509970022084,WEAK,WEAK,Q4_Both_Weak,DROP,Stable,1,1,2092,2396,1834
RSP,Invesco S&P 500 Eql Wght ETF,Large Blend,Passive,35.65683659773311,51.22677781659418,15.569941218861068,WEAK,WEAK,Q4_Both_Weak,DROP,Upgraded by 2025 system,1,1,2734,1755,1835
INDEX,Cyber Hornet S&P 500 No Load,Large Blend,Passive,40.14748480391823,46.191038165374025,6.043553361455793,WEAK,WEAK,Q4_Both_Weak,DROP,Stable,1,1,2420,2071,1836
SCDV,Bahl & Gaynor Small Cap Dividend ETF,Small Blend,Active,31.94497913464743,54.929577464788736,22.984598330141306,WEAK,WEAK,Q4_Both_Weak,DROP,Upgraded by 2025 system,0.15,0.25,2958,1534,1837
APHNX,Artisan Select Equity Fund Institutional,Large Value,Active,40.44728904696401,45.71410785994806,5.266818812984049,WEAK,WEAK,Q4_Both_Weak,DROP,Stable,0.57,0.79,2394,2099,1838
PRILX,Parnassus Core Equity Fund Institutional,Large Blend,Active,50.275674978097875,34.36739290380678,-15.908282074291094,WEAK,WEAK,Q4_Both_Weak,DROP,Downgraded by 2025 system,1,1,1676,2817,1838
PSLAX,Putnam Small Cap Value Fund A,Small Value,Active,44.254559670043335,41.13858498227549,-3.115974687767846,WEAK,WEAK,Q4_Both_Weak,DROP,Stable,1,1,2112,2382,1839
DURA,VanEck Durable High Dividend ETF,Large Value,Passive,48.254292867951335,36.19945069652621,-12.054842171425122,WEAK,WEAK,Q4_Both_Weak,DROP,Downgraded by 2025 system,0.57,0.8444,1802,2694,1840
ACSV,American Century Small Cap Value Insights ETF,Small Value,Active,2.917582072688469,70.05076142131979,67.13317934863132,WEAK,REVIEW,Q4_Both_Weak,WATCH,Upgraded by 2025 system,0.1,0.25,3765,732,1841
LMOIX,ClearBridge Small Cap Growth Fund IS,Small Growth,Active,43.07135203493781,42.765641345681004,-0.3057106892568058,WEAK,WEAK,Q4_Both_Weak,DROP,Stable,1,1,2215,2282,1841
MVSSX,Victory Integrity Small-Cap Value Fund R6,Small Value,Active,45.49705195418719,39.61019258267849,-5.886859371508699,WEAK,WEAK,Q4_Both_Weak,DROP,Stable,1,1,2017,2480,1841
IMIDX,Congress Mid Cap Growth Inst,Mid-Cap Growth,Active,47.85059515447085,36.64510255798734,-11.20549259648351,WEAK,WEAK,Q4_Both_Weak,DROP,Downgraded by 2025 system,1,1,1837,2662,1842
LCEAX,Invesco Diversified Dividend Fund A,Large Value,Active,48.39349083207965,35.92543916707341,-12.468051665006243,WEAK,WEAK,Q4_Both_Weak,DROP,Downgraded by 2025 system,1,1,1792,2708,1843
ACFOX,American Century Focused Dynamic Growth Fd Inv,Large Growth,Active,39.93043968241274,46.25575218070378,6.325312498291041,WEAK,WEAK,Q4_Both_Weak,DROP,Stable,1,1,2435,2066,1844
DASCX,Dean Small Cap Value Fund,Small Value,Active,50.21260174925531,34.29303308186441,-15.919568667390905,WEAK,WEAK,Q4_Both_Weak,DROP,Downgraded by 2025 system,1,1,1683,2820,1845
QQLV,Invesco QQQ Low Volatility ETF,Large Blend,Passive,33.5109334437778,53.27418031046758,19.763246866689776,WEAK,WEAK,Q4_Both_Weak,DROP,Upgraded by 2025 system,0.15,0.5111,2876,1627,1845
SCVAX,Allspring Small Company Value Fund A,Small Value,Active,47.00686762972062,37.617485547919046,-9.389382081801571,WEAK,WEAK,Q4_Both_Weak,DROP,Stable,1,1,1912,2595,1846
BTSMX,Boston Trust SMID Cap Fund,Mid-Cap Blend,Active,49.54208949463936,34.84853180568725,-14.693557688952112,WEAK,WEAK,Q4_Both_Weak,DROP,Downgraded by 2025 system,1,1,1727,2783,1847
GMSMX,GuideMark Small/Mid Cap Core Fund Service,Small Blend,Active,47.98182482075885,36.24961849052196,-11.732206330236892,WEAK,WEAK,Q4_Both_Weak,DROP,Downgraded by 2025 system,1,1,1824,2691,1848
ILIT,iShares Lithium Miners and Producers ETF,Natural Resources,Passive,30.850914205344587,55.4535534443232,24.60263923897861,WEAK,WEAK,Q4_Both_Weak,DROP,Upgraded by 2025 system,0.15,0.5111,3020,1495,1848
SETM,Sprott Critical Materials ETF,Natural Resources,Passive,45.651496885674106,38.81637163529183,-6.835125250382276,WEAK,WEAK,Q4_Both_Weak,DROP,Stable,0.15,0.6222,2002,2514,1849
DFUEX,DFA US Social Core Equity 2 Portfolio Inst,Large Blend,Active,37.72849366213887,48.140084888488346,10.41159122634948,WEAK,WEAK,Q4_Both_Weak,DROP,Upgraded by 2025 system,1,1,2572,1945,1850
MLVAX,MFS Low Volatility Equity Fund A,Large Blend,Active,49.545863799071626,34.71909353575618,-14.826770263315446,WEAK,WEAK,Q4_Both_Weak,DROP,Downgraded by 2025 system,1,1,1726,2792,1851
NETL,Colterpoint Net Lease Real Estate ETF,Real Estate,Passive,47.14753960941025,37.313690378304045,-9.833849231106207,WEAK,WEAK,Q4_Both_Weak,DROP,Stable,0.57,0.8444,1898,2620,1851
TINT,ProShares Smart Materials ETF,Natural Resources,Passive,39.091822382961624,46.53430599716188,7.442483614200256,WEAK,WEAK,Q4_Both_Weak,DROP,Stable,0.15,0.6222,2480,2041,1852
FDIF,Fidelity Disruptors ETF,Large Growth,Active,41.6803888894839,44.02756959300974,2.3471807035258365,WEAK,WEAK,Q4_Both_Weak,DROP,Stable,0.26,0.54,2320,2204,1853
JGSMX,JPMorgan Small Cap Growth Fund R6,Small Growth,Active,39.23507608600176,46.42328366911608,7.18820758311432,WEAK,WEAK,Q4_Both_Weak,DROP,Stable,1,1,2473,2051,1853
AMCPX,American Funds AMCAP Fund A,Large Growth,Active,43.21791057275373,42.01011014923892,-1.2078004235148114,WEAK,WEAK,Q4_Both_Weak,DROP,Stable,1,1,2201,2324,1854
MONTX,Monetta Fund,Large Growth,Active,46.87182302411017,37.61133728330451,-9.260485740805663,WEAK,WEAK,Q4_Both_Weak,DROP,Stable,1,1,1930,2596,1855
EMES,Harbor Emerging Markets Select ETF,Diversified Emerging Mkts,Active,25.856827818385675,59.2814371257485,33.42460930736283,WEAK,WEAK,Q4_Both_Weak,DROP,Upgraded by 2025 system,0.15,0.25,3246,1282,1856
EART,Global X Rare Earth & Critical Materials ETF,Natural Resources,Passive,44.88949166164356,39.86912495002249,-5.020366711621072,WEAK,WEAK,Q4_Both_Weak,DROP,Stable,0.15,0.6222,2067,2464,1857
AFOZX,Alger Mid Cap Focus Fund Z,Mid-Cap Growth,Active,37.7459289299178,47.92011079302155,10.174181863103748,WEAK,WEAK,Q4_Both_Weak,DROP,Upgraded by 2025 system,0.57,0.79,2571,1961,1858
FESMX,First Eagle US Smid Cap Opportunity Fund I,Small Blend,Active,29.216865372467687,56.54198276254726,27.325117390079576,WEAK,WEAK,Q4_Both_Weak,DROP,Upgraded by 2025 system,0.15,0.46,3101,1432,1859
ICCIX,Dynamic International Opportunity Fund I,Foreign Large Blend,Active,51.132665447933725,32.40484609255811,-18.727819355375615,WEAK,WEAK,Q4_Both_Weak,DROP,Downgraded by 2025 system,1,1,1622,2912,1860
LCDS,JPMorgan Fundamental Data Science Large Core ETF,Large Blend,Active,34.488136748874545,51.73116089613035,17.243024147255802,WEAK,WEAK,Q4_Both_Weak,DROP,Upgraded by 2025 system,0.15,0.25,2815,1721,1861
SWRLX,Touchstone International Value Fund A,Foreign Large Value,Active,41.677848792613375,43.73877421342695,2.060925420813575,WEAK,WEAK,Q4_Both_Weak,DROP,Stable,1,1,2321,2222,1862
BLZKX,BlackRock Sustainable Aware Adv Emrg Mrkts Eq K,Diversified Emerging Mkts,Active,40.76276316214103,44.7530426883955,3.9902795262544757,WEAK,WEAK,Q4_Both_Weak,DROP,Stable,0.57,0.79,2379,2165,1863
EXTGX,Eaton Vance Tax-Managed Growth Fund 1.2 A,Large Blend,Active,45.9950160919446,38.02786893815044,-7.9671471537941585,WEAK,WEAK,Q4_Both_Weak,DROP,Stable,1,1,1980,2565,1864
UUOAX,GMO US Opportunistic Value Fund VI,Large Value,Active,43.32518592707105,41.69858825227333,-1.6265976747977149,WEAK,WEAK,Q4_Both_Weak,DROP,Stable,0.15,0.46,2193,2352,1864
TRJZX,T Rowe Price Growth Stock Fund Z,Large Growth,Active,32.83086682593384,53.20141710052933,20.370550274595494,WEAK,WEAK,Q4_Both_Weak,DROP,Upgraded by 2025 system,0.57,0.79,2914,1632,1865
SSSIX,SouthernSun Small Cap Fund I,Small Blend,Active,45.937472008129276,38.0980059877008,-7.839466020428475,WEAK,WEAK,Q4_Both_Weak,DROP,Stable,1,1,1988,2559,1866
HDPSX,Hodges Small Cap Growth Fund Rtl,Small Blend,Active,44.714991716144986,39.83853651028676,-4.876455205858228,WEAK,WEAK,Q4_Both_Weak,DROP,Stable,1,1,2081,2467,1867
ECON,Columbia Research Enhanced Emerging Economies ETF,Diversified Emerging Mkts,Passive,29.80942841284629,55.747097450370084,25.937669037523793,WEAK,WEAK,Q4_Both_Weak,DROP,Upgraded by 2025 system,1,1,3073,1479,1868
SWDSX,Schwab Dividend Equity Fund,Large Value,Active,44.359082196528504,40.25773445387912,-4.101347742649388,WEAK,WEAK,Q4_Both_Weak,DROP,Stable,1,1,2107,2445,1868
SXQG,ETC 6 Meridian Quality Growth ETF,Large Growth,Active,45.58266843266244,38.33697651431193,-7.245691918350509,WEAK,WEAK,Q4_Both_Weak,DROP,Stable,0.15,0.46,2010,2542,1868
NMVLX,Nuance Mid Cap Value Fund Institutional,Mid-Cap Value,Active,51.15473504385183,32.02002341962975,-19.134711624222078,WEAK,WEAK,Q4_Both_Weak,DROP,Downgraded by 2025 system,1,1,1620,2933,1869
AFAVX,AMG River Road Focused Absolute Value Fund I,Mid-Cap Value,Active,39.64761020228174,45.59913905899415,5.951528856712407,WEAK,WEAK,Q4_Both_Weak,DROP,Stable,1,1,2446,2109,1870
PIXAX,PIMCO RAE PLUS Fund A,Large Value,Active,44.35846063351131,40.177591632152854,-4.180869001358452,WEAK,WEAK,Q4_Both_Weak,DROP,Stable,1,1,2108,2447,1870
RYTRX,Royce Small-Cap Total Return Fund Investment,Small Value,Active,47.33224962328686,36.51191869890666,-10.820330924380201,WEAK,WEAK,Q4_Both_Weak,DROP,Downgraded by 2025 system,1,1,1884,2672,1871
UPGD,Invesco Bloomberg Analyst Rating Improvers ETF,Mid-Cap Blend,Passive,37.01974589951658,48.393313642673114,11.373567743156535,WEAK,WEAK,Q4_Both_Weak,DROP,Upgraded by 2025 system,1,1,2625,1931,1871
LMIYX,Lord Abbett Micro Cap Growth Fund I,Small Growth,Active,43.30041064368794,41.55992139489128,-1.7404892487966563,WEAK,WEAK,Q4_Both_Weak,DROP,Stable,1,1,2195,2362,1872
RSRFX,Reaves Infrastructure Fund Inst,Infrastructure,Active,44.22115823624668,40.335189678378114,-3.8859685578685657,WEAK,WEAK,Q4_Both_Weak,DROP,Stable,1,1,2116,2441,1872
BLRYX,Brookfield Global Listed Real Estate Fund I,Global Real Estate,Active,43.33444601500862,41.41671178421898,-1.917734230789641,WEAK,WEAK,Q4_Both_Weak,DROP,Stable,1,1,2191,2369,1873
SCQGX,DWS Large Cap Focus Growth Fund S,Large Growth,Active,44.80188588606848,39.48962015282771,-5.312265733240771,WEAK,WEAK,Q4_Both_Weak,DROP,Stable,1,1,2072,2488,1873
NCGFX,New Covenant Growth Fund,Large Blend,Passive,36.678592826027156,48.6231493852166,11.944556559189444,WEAK,WEAK,Q4_Both_Weak,DROP,Upgraded by 2025 system,1,1,2656,1907,1874
TAX,Cambria Tax Aware ETF,Mid-Cap Blend,Active,30.383931745467475,55.10204081632652,24.718109070859047,WEAK,WEAK,Q4_Both_Weak,DROP,Upgraded by 2025 system,0.15,0.25,3040,1524,1875
PJFV,PGIM Jennison Focused Value ETF,Large Value,Active,28.850936035595016,56.25492100014047,27.403984964545455,WEAK,WEAK,Q4_Both_Weak,DROP,Upgraded by 2025 system,0.15,0.46,3117,1449,1876
LGDX,Intech S&P Large Cap Diversified Alpha ETF,Large Blend,Active,23.13356673169093,60.692464358452135,37.55889762676121,WEAK,REVIEW,Q4_Both_Weak,WATCH,Upgraded by 2025 system,0.1,0.25,3363,1204,1877
AIVI,WisdomTree International AI Enhanced Value Fund,Foreign Large Value,Active,40.80847850682707,44.33007892648406,3.521600419656991,WEAK,WEAK,Q4_Both_Weak,DROP,Stable,1,1,2377,2192,1878
BBIEX,Bridge Builder International Equity Fund,Foreign Large Blend,Active,43.329524486255735,41.16698402987386,-2.162540456381876,WEAK,WEAK,Q4_Both_Weak,DROP,Stable,1,1,2192,2380,1879
LP40235523,Nationwide US 130/30 Equity Portfolio R6,Large Blend,Active,47.685981899312566,35.81836242361008,-11.867619475702483,WEAK,WEAK,Q4_Both_Weak,DROP,Downgraded by 2025 system,0.15,0.46,1853,2719,1879
CIOIX,Causeway International Opportunities Fund Instl,Foreign Large Value,Active,44.42059028298759,39.65047567333072,-4.770114609656872,WEAK,WEAK,Q4_Both_Weak,DROP,Stable,1,1,2101,2474,1880
FSCRX,Fidelity Small Cap Discovery Fund,Small Blend,Active,44.01656693810057,40.31129316643383,-3.7052737716667394,WEAK,WEAK,Q4_Both_Weak,DROP,Stable,1,1,2132,2443,1880
MINVX,Madison Large Cap Fund Y,Large Blend,Active,47.74402684705089,35.701580673789934,-12.042446173260956,WEAK,WEAK,Q4_Both_Weak,DROP,Downgraded by 2025 system,1,1,1850,2725,1880
PISLX,Columbia Pyrford International Stock I,Foreign Large Value,Active,52.997790960196646,28.951024147903453,-24.046766812293193,WEAK,WEAK,Q4_Both_Weak,DROP,Downgraded by 2025 system,0.78,0.69,1479,3097,1881
AFCGX,American Century Focused Internatl Growth Fd G,Foreign Large Growth,Active,39.956187742633944,45.00026440645536,5.044076663821414,WEAK,WEAK,Q4_Both_Weak,DROP,Stable,0.57,0.79,2433,2146,1882
CNWIX,Calamos Evolving World Growth Fund I,Diversified Emerging Mkts,Active,45.33716918837489,38.20163576377123,-7.135533424603658,WEAK,WEAK,Q4_Both_Weak,DROP,Stable,1,1,2029,2551,1883
DNLVX,Dunham Large Cap Value Fund N,Large Value,Active,44.08509419690027,39.98921000542377,-4.0958841914765,WEAK,WEAK,Q4_Both_Weak,DROP,Stable,1,1,2125,2455,1883
F00000V2IL,Allspring C&B Large Cap Val,Large Value,Active,40.2796158675218,44.59102902374671,4.3114131562249085,WEAK,WEAK,Q4_Both_Weak,DROP,Stable,0.11,0.25,2404,2177,1884
OSTGX,Osterweis Opportunity Fund,Small Growth,Active,43.4127716157763,40.96186540563427,-2.45090621014203,WEAK,WEAK,Q4_Both_Weak,DROP,Stable,0.89,0.88,2185,2398,1885
STMSX,SEI Inst Mgd Tax-Managed Small/Mid Cap Fund F,Small Blend,Active,45.427585139739044,38.057486163627786,-7.370098976111258,WEAK,WEAK,Q4_Both_Weak,DROP,Stable,0.95,1,2021,2562,1885
EISMX,Eaton Vance Atlanta Capital SMID-Cap Fund I,Mid-Cap Blend,Active,50.645035219744436,32.108480089614616,-18.53655513012982,WEAK,WEAK,Q4_Both_Weak,DROP,Downgraded by 2025 system,1,1,1659,2926,1886
JSCHX,JPMorgan Small Cap Blend Fund R6,Small Blend,Active,47.80601396779527,35.49160491378291,-12.314409054012366,WEAK,WEAK,Q4_Both_Weak,DROP,Downgraded by 2025 system,0.76,0.88,1842,2744,1887
KGROX,Kennedy Capital Small Cap Growth Fund Inst,Small Growth,Active,27.956134798115933,56.71783231391557,28.76169751579964,WEAK,WEAK,Q4_Both_Weak,DROP,Upgraded by 2025 system,0.15,0.46,3165,1421,1887
TFEQX,Templeton International Equity Series Primary,Foreign Large Value,Active,43.917546214006954,40.15172662535351,-3.765819588653443,WEAK,WEAK,Q4_Both_Weak,DROP,Stable,1,1,2139,2448,1888
VLLU,Harbor AlphaEdge Large Cap Value ETF,Large Value,Passive,32.983922361784934,52.23361341783473,19.249691056049798,WEAK,WEAK,Q4_Both_Weak,DROP,Upgraded by 2025 system,0.15,0.5111,2902,1685,1888
HWVIX,Hotchkis & Wiley Small Cap Diversified Value Fd I,Small Value,Active,44.49633185963787,39.38196799211206,-5.11436386752581,WEAK,WEAK,Q4_Both_Weak,DROP,Stable,1,1,2098,2492,1889
FMIYX,FMI International Fund Institutional,Foreign Large Blend,Active,51.24287514205857,30.93829302922146,-20.304582112837114,WEAK,WEAK,Q4_Both_Weak,DROP,Downgraded by 2025 system,0.76,0.88,1609,2984,1890
PCGRX,Victory Pioneer Mid Cap Value Fund A,Mid-Cap Value,Active,46.821025583887945,36.65289678067989,-10.168128803208056,WEAK,WEAK,Q4_Both_Weak,DROP,Downgraded by 2025 system,1,1,1933,2661,1891
SSUS,Day Hagan Smart Sector ETF,Large Blend,Active,51.1174837581302,31.215612690829943,-19.901871067300256,WEAK,WEAK,Q4_Both_Weak,DROP,Downgraded by 2025 system,0.57,0.79,1624,2970,1891
GMXAX,Nationwide Mid Cap Market Index Fund A,Mid-Cap Blend,Passive,32.758229196734845,52.382937187112866,19.62470799037802,WEAK,WEAK,Q4_Both_Weak,DROP,Upgraded by 2025 system,1,1,2918,1678,1892
TISCX,Nuveen Large Cap Responsible Equity Fund R6,Large Blend,Active,38.46207138376853,46.26789374456443,7.805822360795901,WEAK,WEAK,Q4_Both_Weak,DROP,Stable,1,1,2532,2065,1893
CLCEX,Columbia Multi-Manager Lg Cap Gro Strat Fd Inst,Large Growth,Active,37.26497526055375,47.34299516908212,10.078019908528375,WEAK,WEAK,Q4_Both_Weak,DROP,Upgraded by 2025 system,0.1,0.25,2606,1993,1894
MEGMX,Matthews Emerging Markets Equity Inv,Diversified Emerging Mkts,Active,44.27037638049279,39.46494593316121,-4.805430447331581,WEAK,WEAK,Q4_Both_Weak,DROP,Stable,0.57,0.79,2110,2489,1894
HSMYX,Hartford Small Cap Value Fund Y,Small Value,Active,42.07197155403428,42.30924476039701,0.23727320636272964,WEAK,WEAK,Q4_Both_Weak,DROP,Stable,1,1,2293,2309,1895
HACAX,Harbor Capital Appreciation Fund Institutional,Large Growth,Active,38.54127629475507,46.02285149086728,7.48157519611221,WEAK,WEAK,Q4_Both_Weak,DROP,Stable,1,1,2523,2082,1896
ESEIX,Eaton Vance Atlanta Capital Select Equity Fund I,Large Growth,Active,47.707506672795155,35.38855316449674,-12.318953508298414,WEAK,WEAK,Q4_Both_Weak,DROP,Downgraded by 2025 system,1,1,1852,2754,1897
PJRAX,PGIM Quant Solutions International Equity Fund A,Foreign Large Value,Active,42.03925857369035,42.246861247018266,0.20760267332791926,WEAK,WEAK,Q4_Both_Weak,DROP,Stable,1,1,2294,2312,1897
QSPMX,Quantified Pattern Recognition Fund Investor,Large Blend,Active,47.94516481479794,35.00036221447302,-12.94480260032492,WEAK,WEAK,Q4_Both_Weak,DROP,Downgraded by 2025 system,0.57,0.79,1828,2779,1898
NWLG,Nuveen Winslow Large-Cap Growth ESG ETF,Large Growth,Active,36.35466410671634,48.394047672991924,12.039383566275582,WEAK,WEAK,Q4_Both_Weak,DROP,Upgraded by 2025 system,0.15,0.46,2680,1930,1899
WAYFX,Waycross Focused Core Equity Fund,Large Blend,Active,40.298571877368865,43.98701569817756,3.6884438208086934,WEAK,WEAK,Q4_Both_Weak,DROP,Stable,0.57,0.79,2402,2208,1899
WILIX,William Blair International Leaders I,Foreign Large Growth,Active,43.159052413824625,40.88369086160918,-2.2753615522154433,WEAK,WEAK,Q4_Both_Weak,DROP,Stable,1,1,2204,2406,1899
DHMIX,Diamond Hill Small-Mid Cap Fund I,Small Value,Active,46.66854624417463,36.55681714532638,-10.11172909884825,WEAK,WEAK,Q4_Both_Weak,DROP,Downgraded by 2025 system,1,1,1947,2667,1900
FLRAX,Nuveen Large Cap Select Fund A,Large Blend,Active,44.099529543996915,39.42840373147507,-4.671125812521844,WEAK,WEAK,Q4_Both_Weak,DROP,Stable,1,1,2123,2491,1900
LGLIX,Lord Abbett Growth Leaders Fund I,Large Growth,Active,38.52220005565978,45.872136722133824,7.3499366664740435,WEAK,WEAK,Q4_Both_Weak,DROP,Stable,1,1,2527,2088,1901
SPEGX,Alger Responsible Investing Fund A,Large Growth,Active,44.82621299046051,38.273544783245875,-6.552668207214637,WEAK,WEAK,Q4_Both_Weak,DROP,Stable,1,1,2070,2547,1902
STXD,Strive 1000 Dividend Growth ETF,Large Blend,Passive,41.91081791140603,42.180562809758385,0.26974489835235715,WEAK,WEAK,Q4_Both_Weak,DROP,Stable,0.15,0.6222,2299,2318,1902
VEM,Virtus Emerging Markets Dividend ETF,Diversified Emerging Mkts,Active,3.669067752374987,67.06586826347305,63.396800511098064,WEAK,REVIEW,Q4_Both_Weak,WATCH,Upgraded by 2025 system,0.1,0.25,3753,866,1903
ESSC,Eventide Small Cap ETF,Small Blend,Active,6.348314606741573,66.54929577464789,60.20098116790631,WEAK,REVIEW,Q4_Both_Weak,WATCH,Upgraded by 2025 system,0.1,0.25,3729,891,1904
FAB,First Trust Multi Cap Value AlphaDEX Fund,Mid-Cap Value,Passive,42.72129803327292,41.116645424481895,-1.604652608791028,WEAK,WEAK,Q4_Both_Weak,DROP,Stable,1,1,2237,2383,1904
HMCLX,Harbor Mid Cap Fund Institutional,Mid-Cap Blend,Active,45.926419621636114,37.105062310134755,-8.821357311501359,WEAK,WEAK,Q4_Both_Weak,DROP,Stable,0.57,0.79,1989,2631,1904
JACNX,Janus Henderson Contrarian Fund D,Mid-Cap Blend,Active,44.503691903886555,38.55584004213037,-5.947851861756185,WEAK,WEAK,Q4_Both_Weak,DROP,Stable,1,1,2095,2526,1905
MITTX,MFS Massachusetts Investors Trust A,Large Blend,Active,47.531503775370886,35.27629620672064,-12.255207568650249,WEAK,WEAK,Q4_Both_Weak,DROP,Downgraded by 2025 system,1,1,1864,2759,1906
WOOD,iShares Global Timber & Forestry ETF,Natural Resources,Passive,27.95688093832033,55.970416878074424,28.013535939754092,WEAK,WEAK,Q4_Both_Weak,DROP,Upgraded by 2025 system,1,1,3164,1462,1907
PSCNX,Penn Capital Special Situations Small Cap Eq Inst,Small Blend,Active,45.17117825012625,37.829471684397916,-7.341706565728337,WEAK,WEAK,Q4_Both_Weak,DROP,Stable,1,1,2045,2582,1908
SEIE,SEI Select International Equity ETF,Foreign Large Blend,Active,32.961381149300614,51.62241887905604,18.661037729755428,WEAK,WEAK,Q4_Both_Weak,DROP,Upgraded by 2025 system,0.1,0.25,2905,1729,1909
KVLE,KraneShares Value Line Dynamic Dividend Eq Ix ETF,Large Value,Passive,50.342413589021426,31.35468843002115,-18.987725159000277,WEAK,WEAK,Q4_Both_Weak,DROP,Downgraded by 2025 system,0.57,0.8444,1673,2962,1910
AMID,Argent Mid Cap ETF,Mid-Cap Blend,Active,43.0915985306316,40.66015971606034,-2.4314388145712584,WEAK,WEAK,Q4_Both_Weak,DROP,Stable,0.15,0.46,2214,2422,1911
CSTK,Invesco Comstock Contrarian Equity ETF,Large Value,Active,35.72039068799018,48.54881266490765,12.828421976917468,WEAK,WEAK,Q4_Both_Weak,DROP,Upgraded by 2025 system,0.15,0.25,2725,1912,1912
BRIE,MFS Blended Research International Equity ETF,Foreign Large Blend,Active,14.347727837660724,64.0117994100295,49.66407157236877,WEAK,REVIEW,Q4_Both_Weak,WATCH,Upgraded by 2025 system,0.1,0.25,3617,1021,1913
MPIEX,Mondrian International Value Equity Fund,Foreign Large Value,Active,42.75826739741354,40.7546368336048,-2.0036305638087413,WEAK,WEAK,Q4_Both_Weak,DROP,Stable,1,1,2233,2410,1914
AOTG,AOT Growth and Innovation ETF,Large Growth,Active,36.49540062197943,47.613837519484576,11.118436897505148,WEAK,WEAK,Q4_Both_Weak,DROP,Upgraded by 2025 system,0.15,0.46,2669,1976,1915
ZECP,Zacks Earnings Consistent Portfolio ETF,Large Blend,Active,48.204403501313614,33.89251837402566,-14.311885127287951,WEAK,WEAK,Q4_Both_Weak,DROP,Downgraded by 2025 system,0.15,0.46,1807,2843,1916
AVIE,Avantis Inflation Focused Equity ETF,Large Value,Active,40.08558841222582,43.603349705529325,3.517761293303508,WEAK,WEAK,Q4_Both_Weak,DROP,Stable,0.15,0.46,2424,2231,1917
PPTY,US Diversified Real Estate ETF,Real Estate,Passive,43.26301774818547,39.98620599584014,-3.2768117523453313,WEAK,WEAK,Q4_Both_Weak,DROP,Stable,0.57,0.8444,2199,2456,1917
PGBHX,Principal Blue Chip Fund R-6,Large Growth,Active,42.35352248701308,41.07198849122181,-1.2815339957912713,WEAK,WEAK,Q4_Both_Weak,DROP,Stable,0.89,0.88,2275,2384,1918
OILVX,Optimum Large Cap Value Fund Institutional,Large Value,Active,46.49618975001721,35.92923500326477,-10.566954746752437,WEAK,WEAK,Q4_Both_Weak,DROP,Downgraded by 2025 system,1,1,1955,2707,1919
PIO,Invesco Global Water ETF,Natural Resources,Passive,47.76356122639096,34.199976015208335,-13.563585211182627,WEAK,WEAK,Q4_Both_Weak,DROP,Downgraded by 2025 system,1,1,1847,2822,1920
TWEIX,American Century Equity Income Fund Investor,Large Value,Active,50.679186821702025,30.41034082292195,-20.268845998780076,WEAK,WEAK,Q4_Both_Weak,DROP,Downgraded by 2025 system,1,1,1655,3016,1921
PQUS,Pictet AI Enhanced US Equity ETF,Large Blend,Active,7.575929825467982,65.17311608961303,57.59718626414505,WEAK,REVIEW,Q4_Both_Weak,WATCH,Upgraded by 2025 system,0.1,0.25,3718,955,1922
PIGDX,Federated Hermes International Growth Fund IS,Foreign Large Growth,Active,41.43270505628317,41.93686609507472,0.5041610387915512,WEAK,WEAK,Q4_Both_Weak,DROP,Stable,1,1,2342,2332,1923
FFEM,Fidelity Fundamental Emerging Markets ETF,Diversified Emerging Mkts,Active,15.782127570727633,62.874251497005986,47.092123926278354,WEAK,REVIEW,Q4_Both_Weak,WATCH,Upgraded by 2025 system,0.1,0.25,3592,1086,1924
FAMFX,FAM Small Cap Fund Investor,Small Growth,Active,48.976086409156856,32.219745119045086,-16.75634129011177,WEAK,WEAK,Q4_Both_Weak,DROP,Downgraded by 2025 system,1,1,1760,2921,1925
HAUS,Residential REIT ETF,Real Estate,Active,34.23395174636356,49.48335787631329,15.249406129949733,WEAK,WEAK,Q4_Both_Weak,DROP,Upgraded by 2025 system,0.15,0.46,2826,1855,1925
ESUM,Eventide US Market ETF,Large Blend,Active,37.314427620110315,45.926680244399186,8.612252624288871,WEAK,WEAK,Q4_Both_Weak,DROP,Stable,0.15,0.25,2596,2086,1926
SJGIX,Steward Large Cap Growth Fund Institutional,Large Growth,Active,43.107909541046936,39.78290256641289,-3.325006974634043,WEAK,WEAK,Q4_Both_Weak,DROP,Stable,0.15,0.46,2212,2470,1926
ALRG,Allspring LT Large Core ETF,Large Blend,Active,28.547824798111478,54.68431771894093,26.136492920829454,WEAK,WEAK,Q4_Both_Weak,DROP,Upgraded by 2025 system,0.15,0.25,3137,1546,1927
ENHU,iShares Enhanced Large Cap Core Active ETF,Large Blend,Active,6.396406871040948,65.17311608961303,58.77670921857209,WEAK,REVIEW,Q4_Both_Weak,WATCH,Upgraded by 2025 system,0.1,0.25,3728,955,1927
LMGAX,Lord Abbett Growth Opportunities Fund A,Mid-Cap Growth,Active,39.4730290097283,43.66625077532961,4.193221765601308,WEAK,WEAK,Q4_Both_Weak,DROP,Stable,1,1,2458,2226,1928
IMOM,Alpha Architect Intl Quantitative Momentum ETF,Foreign Large Blend,Active,33.358801280914825,50.34795131289758,16.989150031982753,WEAK,WEAK,Q4_Both_Weak,DROP,Upgraded by 2025 system,1,1,2884,1801,1929
PWJZX,PGIM Jennison International Opptys Fund Z,Foreign Large Growth,Active,45.22659283360677,36.837738010860335,-8.388854822746438,WEAK,WEAK,Q4_Both_Weak,DROP,Stable,1,1,2039,2646,1929
GEMMX,GMO Emerging Markets Fund VI,Diversified Emerging Mkts,Active,36.082932761563846,47.495208366760004,11.412275605196157,WEAK,WEAK,Q4_Both_Weak,DROP,Upgraded by 2025 system,1,1,2704,1982,1930
IPAV,Global X Infrastructure Development ex-US ETF,Infrastructure,Passive,34.88701962724724,48.641304347826086,13.754284720578845,WEAK,WEAK,Q4_Both_Weak,DROP,Upgraded by 2025 system,0.15,0.5111,2785,1905,1931
LOWV,AB US Low Volatility Equity ETF,Large Blend,Active,39.47473658833838,43.54312285383731,4.06838626549893,WEAK,WEAK,Q4_Both_Weak,DROP,Stable,0.15,0.26,2457,2233,1931
REMC,Columbia Research Enhanced Mid Cap ETF,Mid-Cap Blend,Active,0.812807881773399,66.12244897959184,65.30964109781844,WEAK,REVIEW,Q4_Both_Weak,WATCH,Upgraded by 2025 system,0.1,0.25,3787,904,1932
QRVLX,FPA Queens Road Value Fund,Large Value,Active,46.965031724046554,35.00508103991001,-11.959950684136544,WEAK,WEAK,Q4_Both_Weak,DROP,Downgraded by 2025 system,1,1,1915,2777,1933
BCSM,Baron SMID Cap ETF,Mid-Cap Growth,Active,25.511249521208384,56.56565656565656,31.054407044448176,WEAK,WEAK,Q4_Both_Weak,DROP,Upgraded by 2025 system,0.15,0.25,3262,1431,1934
REIPX,T Rowe Price Equity Income Fund I,Large Value,Active,46.93950483337911,35.060779080763595,-11.878725752615516,WEAK,WEAK,Q4_Both_Weak,DROP,Downgraded by 2025 system,1,1,1921,2774,1935
QIDX,Indexperts Quality Earnings Focused ETF,Mid-Cap Blend,Active,30.511231865657752,52.6530612244898,22.141829358832045,WEAK,WEAK,Q4_Both_Weak,DROP,Upgraded by 2025 system,0.15,0.25,3033,1663,1936
GVLE,Goldman Sachs Value Opportunities ETF,Large Value,Active,42.45769690024412,40.46543257854257,-1.9922643217015548,WEAK,WEAK,Q4_Both_Weak,DROP,Stable,1,1,2264,2433,1937
CDC,VictoryShares US EQ Income Enh Vol Wtd ETF,Large Value,Passive,47.34888841960587,34.34926881508025,-12.99961960452562,WEAK,WEAK,Q4_Both_Weak,DROP,Downgraded by 2025 system,1,1,1883,2818,1938
EMM,Global X Emerging Markets ex-China ETF,Diversified Emerging Mkts,Active,39.89262573267147,43.03901106337199,3.146385330700518,WEAK,WEAK,Q4_Both_Weak,DROP,Stable,0.37,0.66,2436,2269,1939
VALAX,Al Frank Fund Advisor,Large Value,Active,41.90237924805786,40.898017670855296,-1.004361577202566,WEAK,WEAK,Q4_Both_Weak,DROP,Stable,1,1,2302,2404,1940
EMEQ,Nomura Focused Emerging Markets Equity ETF,Diversified Emerging Mkts,Active,37.43071443358618,45.50898203592814,8.07826760234196,WEAK,WEAK,Q4_Both_Weak,DROP,Stable,0.15,0.25,2591,2117,1941
ANDRX,AQR International Defensive Style Fund R6,Foreign Large Blend,Active,43.54510897897772,38.36615865183043,-5.178950327147291,WEAK,WEAK,Q4_Both_Weak,DROP,Stable,1,1,2172,2539,1942
AWGIX,CIBC Atlas All Cap Growth Fund Institutional,Large Growth,Active,44.637525911625566,37.124209783619555,-7.513316128006011,WEAK,WEAK,Q4_Both_Weak,DROP,Stable,1,1,2085,2630,1943
PSMLX,Principal SmallCap Fund R-6,Small Blend,Active,43.65844658011108,38.18018476661375,-5.478261813497333,WEAK,WEAK,Q4_Both_Weak,DROP,Stable,0.89,0.88,2160,2555,1943
BVAL,Bluemonte Large Cap Value ETF,Large Value,Active,18.640549897482437,60.554089709762536,41.9135398122801,WEAK,REVIEW,Q4_Both_Weak,WATCH,Upgraded by 2025 system,0.1,0.25,3509,1207,1944
PYZ,Invesco Dorsey Wright Basic Materials Momentum ETF,Natural Resources,Passive,42.687202478882966,39.56892526522302,-3.118277213659944,WEAK,WEAK,Q4_Both_Weak,DROP,Stable,1,1,2239,2483,1945
AVEGX,Ave Maria Growth Fund,Large Growth,Active,42.665438915240316,39.57681855819273,-3.0886203570475885,WEAK,WEAK,Q4_Both_Weak,DROP,Stable,1,1,2241,2482,1946
WBIY,WBI Power Factor High Dividend ETF,Mid-Cap Value,Passive,54.34182660254794,22.594067615449205,-31.747758987098734,WEAK,WEAK,Q4_Both_Weak,DROP,Downgraded by 2025 system,0.57,0.8444,1387,3339,1947
BLCV,iShares Large Cap Value Active ETF II,Large Value,Active,44.056532467539746,37.54742027926778,-6.509112188271963,WEAK,WEAK,Q4_Both_Weak,DROP,Stable,0.46,0.5,2126,2601,1948
FTGS,First Trust Growth Strength ETF,Large Blend,Passive,47.37004054249392,33.83205935555506,-13.537981186938858,WEAK,WEAK,Q4_Both_Weak,DROP,Downgraded by 2025 system,0.15,0.6222,1881,2850,1949
PDP,Invesco Dorsey Wright Momentum ETF,Large Growth,Passive,41.57697105257882,40.90030451265153,-0.6766665399272895,WEAK,WEAK,Q4_Both_Weak,DROP,Stable,1,1,2328,2403,1949
EXEYX,Manning & Napier Equity Series S,Large Growth,Active,48.30384791732264,31.96988417158239,-16.333963745740252,WEAK,WEAK,Q4_Both_Weak,DROP,Downgraded by 2025 system,1,1,1796,2937,1950
NSI,National Security Emerging Markets Index ETF,Diversified Emerging Mkts,Passive,34.306556892637666,48.59169331067669,14.285136418039023,WEAK,WEAK,Q4_Both_Weak,DROP,Upgraded by 2025 system,0.15,0.5111,2823,1910,1950
SCGSX,DWS Capital Growth Fund S,Large Growth,Active,44.667719289345605,36.797927870778906,-7.869791418566699,WEAK,WEAK,Q4_Both_Weak,DROP,Stable,1,1,2083,2650,1950
OEQIX,Oaktree Emerging Markets Equity Fund I,Diversified Emerging Mkts,Active,46.70644530201719,34.745956413332436,-11.96048888868475,WEAK,WEAK,Q4_Both_Weak,DROP,Downgraded by 2025 system,0.15,0.46,1944,2790,1951
SPUC,Simplify US Equity PLUS Upside Convexity ETF,Large Blend,Active,37.8804290968906,44.68420217728124,6.803773080390641,WEAK,WEAK,Q4_Both_Weak,DROP,Stable,0.57,0.79,2564,2172,1952
PEXMX,T Rowe Price Extended Equity Market Index Fund,Mid-Cap Blend,Passive,32.29811971076736,50.51672360745284,18.21860389668548,WEAK,WEAK,Q4_Both_Weak,DROP,Upgraded by 2025 system,1,1,2942,1796,1953
RAFE,PIMCO RAFI ESG US ETF,Large Value,Passive,37.9970036364494,44.51724289885936,6.520239262409959,WEAK,WEAK,Q4_Both_Weak,DROP,Stable,0.57,0.8444,2559,2179,1953
HFLGX,Hennessy Cornerstone Large Growth Fund Investor,Mid-Cap Value,Active,44.109836043046045,37.3577884380004,-6.752047605045647,WEAK,WEAK,Q4_Both_Weak,DROP,Stable,1,1,2122,2617,1954
TEMUX,Morgan Stanley Pathway Emerging Markets Equity Fd,Diversified Emerging Mkts,Active,40.151035739085614,42.008758898015294,1.85772315892968,WEAK,WEAK,Q4_Both_Weak,DROP,Stable,1,1,2419,2325,1955
MRFIX,MFS Research Fund I,Large Blend,Active,47.79308962733771,32.69935636522157,-15.093733262116139,WEAK,WEAK,Q4_Both_Weak,DROP,Downgraded by 2025 system,1,1,1844,2901,1956
TSEL,Touchstone Sands Capital US Select Growth ETF,Large Growth,Active,30.83551294533111,51.690821256038646,20.855308310707535,WEAK,WEAK,Q4_Both_Weak,DROP,Upgraded by 2025 system,0.15,0.25,3021,1725,1957
GHAIX,VanEck Global Resources Fund I,Natural Resources,Active,40.80428608437632,41.3009449568552,0.49665887247887497,WEAK,WEAK,Q4_Both_Weak,DROP,Stable,1,1,2378,2370,1958
PDIFX,Principal Diversified International Fund R-6,Foreign Large Blend,Active,41.186975242249446,41.00708414366399,-0.1798910985854576,WEAK,WEAK,Q4_Both_Weak,DROP,Stable,0.57,0.79,2359,2389,1958
TSCIX,AMG TimesSquare Small Cap Growth Fund Z,Small Growth,Active,41.53927738783361,40.716837034008144,-0.8224403538254634,WEAK,WEAK,Q4_Both_Weak,DROP,Stable,1,1,2333,2415,1958
FSGS,First Trust SMID Growth Strength ETF,Small Value,Passive,33.26421608447026,49.402080583200956,16.137864498730693,WEAK,WEAK,Q4_Both_Weak,DROP,Upgraded by 2025 system,0.57,0.8444,2889,1860,1959
BPAIX,Boston Partners All-Cap Value Fund Institutional,Large Value,Active,46.51543942059282,34.60095334913371,-11.914486071459109,WEAK,WEAK,Q4_Both_Weak,DROP,Downgraded by 2025 system,1,1,1952,2800,1960
FDT,First Trust Developed Markets ex-US AlphaDEX Fund,Foreign Large Value,Passive,50.48136733113186,29.072050797230226,-21.40931653390163,WEAK,WEAK,Q4_Both_Weak,DROP,Downgraded by 2025 system,1,1,1667,3089,1961
PVFAX,Paradigm Value Fund,Small Blend,Active,45.94135130156793,35.114476827311464,-10.826874474256464,WEAK,WEAK,Q4_Both_Weak,DROP,Downgraded by 2025 system,1,1,1986,2770,1961
CCALX,Conestoga Small Cap Fund Institutional,Small Growth,Active,44.26667525605231,36.82207294340779,-7.44460231264452,WEAK,WEAK,Q4_Both_Weak,DROP,Stable,1,1,2111,2647,1962
EVTMX,Eaton Vance Dividend Builder Fund A,Large Value,Active,48.205831917354374,31.58770395470263,-16.618127962651744,WEAK,WEAK,Q4_Both_Weak,DROP,Downgraded by 2025 system,1,1,1806,2952,1962
HEQFX,Monteagle Opportunity Equity Fund Investor,Mid-Cap Blend,Active,46.402182064248436,34.64585033728825,-11.756331726960184,WEAK,WEAK,Q4_Both_Weak,DROP,Downgraded by 2025 system,1,1,1962,2797,1963
PFOE,Pathfinder Focused Opportunities ETF,Large Growth,Active,11.317507106011156,62.80193236714976,51.484425261138604,WEAK,REVIEW,Q4_Both_Weak,WATCH,Upgraded by 2025 system,0.1,0.25,3669,1090,1963
PGSLX,Principal Global Listed Infrastructure Fund Inst,Infrastructure,Active,47.03941942932541,33.74034610983981,-13.2990733194856,WEAK,WEAK,Q4_Both_Weak,DROP,Downgraded by 2025 system,0.15,0.46,1910,2853,1964
QQH,HCM Defender 100 Index ETF,Large Growth,Passive,53.18603074237599,24.19184714548564,-28.994183596890352,WEAK,WEAK,Q4_Both_Weak,DROP,Downgraded by 2025 system,0.57,0.8444,1472,3292,1965
IPOIX,Nomura Systematic Emerg Mkts Equity Fund Inst,Diversified Emerging Mkts,Active,39.39926005257857,42.354721219681494,2.955461167102925,WEAK,WEAK,Q4_Both_Weak,DROP,Stable,1,1,2461,2304,1966
QFRD,Pacer S&P 500 Quality FCF R&D Leaders,Large Growth,Passive,0.6765624451696668,64.72387380720981,64.04731136204015,WEAK,REVIEW,Q4_Both_Weak,WATCH,Upgraded by 2025 system,0.1,0.5111,3788,980,1967
TWAIX,Thrivent International Equity Fund S,Foreign Large Blend,Active,39.60255861239769,42.11898530237886,2.5164266899811736,WEAK,WEAK,Q4_Both_Weak,DROP,Stable,1,1,2449,2319,1967
TCAI,Tortoise AI Infrastructure ETF,Infrastructure,Active,36.74583539501897,45.3125,8.566664604981028,WEAK,WEAK,Q4_Both_Weak,DROP,Stable,0.15,0.25,2645,2129,1968
PJGQX,PGIM Jennison Mid-Cap Growth Fund R6,Mid-Cap Growth,Active,43.048811990147456,38.146210583748264,-4.902601406399192,WEAK,WEAK,Q4_Both_Weak,DROP,Stable,1,1,2218,2557,1969
TIIEX,Nuveen International Equity Fund R6,Foreign Large Blend,Active,37.63191888259577,44.23591565977534,6.603996777179567,WEAK,WEAK,Q4_Both_Weak,DROP,Stable,1,1,2579,2196,1969
FVDFX,Fidelity Value Discovery Fund,Large Value,Active,46.804984771663605,33.98911246941893,-12.815872302244678,WEAK,WEAK,Q4_Both_Weak,DROP,Downgraded by 2025 system,1,1,1937,2839,1970
WIEFX,Boston Trust Walden International Equity Fund,Foreign Large Blend,Active,47.114489780985785,33.25757934001611,-13.856910440969678,WEAK,WEAK,Q4_Both_Weak,DROP,Downgraded by 2025 system,1,1,1902,2875,1971
EMDM,First Trust Bloomberg Emerging Mkt Democracies ETF,Diversified Emerging Mkts,Passive,34.26957628003347,47.97449402388476,13.70491774385129,WEAK,WEAK,Q4_Both_Weak,DROP,Upgraded by 2025 system,0.15,0.5111,2825,1956,1972
SIEMX,SEI Emerging Markets Equity Fund F,Diversified Emerging Mkts,Active,43.545468300273136,37.42704408728578,-6.118424212987357,WEAK,WEAK,Q4_Both_Weak,DROP,Stable,1,1,2171,2610,1972
POWA,Invesco Bloomberg Pricing Power ETF,Large Blend,Passive,45.876966616398875,34.70527113931802,-11.171695477080853,WEAK,WEAK,Q4_Both_Weak,DROP,Downgraded by 2025 system,1,1,1990,2793,1973
WOGSX,White Oak Select Growth Fund,Large Blend,Active,41.52776853964896,40.101597256255275,-1.4261712833936855,WEAK,WEAK,Q4_Both_Weak,DROP,Stable,1,1,2334,2450,1974
BRCE,MFS Blended Research Core Equity ETF,Large Blend,Active,8.80456547857429,62.83095723014257,54.02639175156828,WEAK,REVIEW,Q4_Both_Weak,WATCH,Upgraded by 2025 system,0.1,0.25,3699,1088,1975
EAFG,Pacer Developed Markets Cash Cows Growth Ldrs ETF,Foreign Large Growth,Passive,29.995575221238933,51.71548326556146,21.719908044322526,WEAK,WEAK,Q4_Both_Weak,DROP,Upgraded by 2025 system,0.15,0.5111,3068,1723,1976
SSCGX,SEI Inst Mgd Small Cap Growth Fund F,Small Growth,Active,41.33774336925757,40.273831312588094,-1.06391205666948,WEAK,WEAK,Q4_Both_Weak,DROP,Stable,0.95,1,2347,2444,1976
BRLVX,American Beacon Man Large Cap Val R5,Large Value,Active,34.88685808493489,47.10161786322354,12.214759778288645,WEAK,WEAK,Q4_Both_Weak,DROP,Upgraded by 2025 system,1,1,2786,2006,1977
MFIG,Motley Fool Innovative Growth Factor ETF,Large Growth,Passive,3.433694774888585,63.72732853140401,60.293633756515426,WEAK,REVIEW,Q4_Both_Weak,WATCH,Upgraded by 2025 system,0.1,0.5111,3759,1041,1978
NUESX,Northern US Quality ESG Fund K,Large Blend,Active,44.496972364894425,35.93882601421996,-8.558146350674463,WEAK,WEAK,Q4_Both_Weak,DROP,Stable,0.57,0.79,2096,2706,1979
JFRDX,Janus Henderson Forty Fund D,Large Growth,Active,41.750860864541664,39.44070567868213,-2.3101551858595357,WEAK,WEAK,Q4_Both_Weak,DROP,Stable,0.89,0.88,2313,2490,1980
PY,Principal Value ETF,Large Value,Active,35.930251219095645,45.79984039921259,9.869589180116947,WEAK,WEAK,Q4_Both_Weak,DROP,Stable,0.57,0.81,2709,2094,1980
PSR,Invesco Active US Real Estate ETF,Real Estate,Active,41.3733353483538,39.931328929811684,-1.442006418542114,WEAK,WEAK,Q4_Both_Weak,DROP,Stable,1,1,2344,2460,1981
SYLD,Cambria Shareholder Yield ETF,Mid-Cap Value,Active,44.04236545726059,36.48304488624556,-7.559320571015029,WEAK,WEAK,Q4_Both_Weak,DROP,Stable,1,1,2129,2675,1981
VALSX,Value Line Select Growth Fund Investor,Large Growth,Active,47.95774056785688,31.077343017685454,-16.880397550171427,WEAK,WEAK,Q4_Both_Weak,DROP,Downgraded by 2025 system,1,1,1827,2978,1982
USRD,Themes US R&D Champions ETF,Large Blend,Passive,35.23342329969817,46.474221241557174,11.240797941859007,WEAK,WEAK,Q4_Both_Weak,DROP,Upgraded by 2025 system,0.15,0.5111,2761,2047,1983
SILVX,SGI US Large Cap Equity Fund I,Large Blend,Active,45.795174271033844,34.38824369001881,-11.406930581015033,WEAK,WEAK,Q4_Both_Weak,DROP,Downgraded by 2025 system,1,1,1996,2813,1984
ANEW,ProShares MSCI Transformational Changes ETF,Large Growth,Passive,30.10830552170952,51.277572332990594,21.169266811281073,WEAK,WEAK,Q4_Both_Weak,DROP,Upgraded by 2025 system,0.57,0.8444,3060,1753,1985
GWEIX,AMG GW&K Small Cap Core Fund I,Small Blend,Active,46.11268235724693,33.974943657174585,-12.137738700072347,WEAK,WEAK,Q4_Both_Weak,DROP,Downgraded by 2025 system,1,1,1976,2840,1986
MYIIX,NYLI WMC International Research Equity Fnd I,Foreign Large Blend,Active,36.23919667977283,45.348995941482855,9.109799261710023,WEAK,WEAK,Q4_Both_Weak,DROP,Stable,1,1,2693,2125,1987
SMEAX,Invesco Small Cap Equity Fund A,Small Blend,Active,43.034780905367064,37.56093302942568,-5.473847875941388,WEAK,WEAK,Q4_Both_Weak,DROP,Stable,1,1,2220,2598,1987
MFMO,Motley Fool Momentum Factor ETF,Large Growth,Passive,2.9494332736779305,63.56941717231359,60.61998389863566,WEAK,REVIEW,Q4_Both_Weak,WATCH,Upgraded by 2025 system,0.1,0.5111,3764,1055,1988
ROE,Astoria US Equal Weight Quality Kings ETF,Large Blend,Active,40.268335203564405,40.73319755600815,0.4648623524437454,WEAK,WEAK,Q4_Both_Weak,DROP,Stable,0.15,0.25,2406,2413,1988
VIDGX,Vanguard International Dividend Growth Fund Inv,Foreign Large Blend,Active,33.56613009032649,48.08259587020649,14.51646577988,WEAK,WEAK,Q4_Both_Weak,DROP,Upgraded by 2025 system,0.15,0.25,2871,1949,1989
OVS,Overlay Shares Small Cap Equity ETF,Small Blend,Active,38.49865006183057,42.594744714484,4.096094652653434,WEAK,WEAK,Q4_Both_Weak,DROP,Stable,0.57,0.79,2529,2294,1990
HNIDX,Harbor Diversified International All Cap Fund Ret,Foreign Large Blend,Active,43.63552499030526,36.632234765143465,-7.003290225161791,WEAK,WEAK,Q4_Both_Weak,DROP,Stable,0.89,0.88,2162,2663,1991
VELIX,VELA Large Cap Plus Fund I,Large Blend,Active,49.58330863381945,28.74892360032427,-20.834385033495177,WEAK,WEAK,Q4_Both_Weak,DROP,Downgraded by 2025 system,0.57,0.79,1723,3107,1992
SEMG,Suncoast Select Growth ETF,Large Growth,Active,12.34919465206864,61.111111111111114,48.761916459042475,WEAK,REVIEW,Q4_Both_Weak,WATCH,Upgraded by 2025 system,0.1,0.25,3652,1183,1993
WICVX,Wasatch Small Cap Value Fund Inst,Small Blend,Active,39.76299285292927,40.974122581028176,1.2111297280989035,WEAK,WEAK,Q4_Both_Weak,DROP,Stable,1,1,2440,2395,1993
PCLCX,PACE Large Co Growth Equity Investments P,Large Growth,Active,45.36999838069225,34.39163315675232,-10.978365223939932,WEAK,WEAK,Q4_Both_Weak,DROP,Downgraded by 2025 system,1,1,2027,2810,1994
BRUSX,Bridgeway Ultra-Small Company Fund,Small Value,Active,42.385126332232346,38.02683644359578,-4.358289888636563,WEAK,WEAK,Q4_Both_Weak,DROP,Stable,1,1,2272,2566,1995
SMINX,SEI Inst Mgd Tax-Managed International Mgd Vol F,Foreign Large Value,Active,46.80550287232794,32.68403310338588,-14.121469768942063,WEAK,WEAK,Q4_Both_Weak,DROP,Downgraded by 2025 system,0.52,0.79,1936,2902,1995
TEMVX,Nuveen Emerging Markets Equity Fund W,Diversified Emerging Mkts,Active,33.30070411330439,47.99955842589924,14.698854312594847,WEAK,WEAK,Q4_Both_Weak,DROP,Upgraded by 2025 system,0.76,0.88,2888,1953,1996
MSACX,Morgan Stanley Inst Passport Overseas Eqty Ptf I,Foreign Large Blend,Active,36.861474317987316,44.007748505129,7.146274187141685,WEAK,WEAK,Q4_Both_Weak,DROP,Stable,0.95,1,2636,2206,1997
ADPV,Adaptiv Select ETF,Mid-Cap Blend,Active,32.462207776818516,48.534161490683225,16.07195371386471,WEAK,WEAK,Q4_Both_Weak,DROP,Upgraded by 2025 system,0.15,0.46,2932,1915,1998
UPDDX,Upright Growth & Income Fund,Large Growth,Active,42.9864898549737,37.21619634249297,-5.770293512480727,WEAK,WEAK,Q4_Both_Weak,DROP,Stable,0.57,0.79,2223,2624,1998
JMCRX,James Micro Cap Fund,Small Value,Active,39.66056693063756,40.86639753762785,1.2058306069902898,WEAK,WEAK,Q4_Both_Weak,DROP,Stable,1,1,2444,2407,1999
REMG,Russell Investments Emerging Markets Equity ETF,Diversified Emerging Mkts,Active,14.875769913352125,59.88023952095808,45.004469607605955,WEAK,WEAK,Q4_Both_Weak,DROP,Upgraded by 2025 system,0.1,0.25,3609,1246,2000
RSMVX,William Blair Small-Mid Cap Value Fund R6,Small Value,Active,24.947878675062068,54.314720812182735,29.366842137120667,WEAK,WEAK,Q4_Both_Weak,DROP,Upgraded by 2025 system,0.15,0.25,3283,1572,2000
HLFZX,Harding Loevner Frontier Emerging Mrkts Port Ins Z,Diversified Emerging Mkts,Active,49.36391105344094,28.319802866505462,-21.044108186935475,WEAK,WEAK,Q4_Both_Weak,DROP,Downgraded by 2025 system,0.57,0.79,1733,3128,2001
TXUG,Thornburg International Growth ETF,Foreign Large Growth,Active,25.20845624385447,53.956834532374096,28.748378288519625,WEAK,WEAK,Q4_Both_Weak,DROP,Upgraded by 2025 system,0.15,0.25,3275,1592,2002
REMSX,Russell Investments Emerging Markets Fund S,Diversified Emerging Mkts,Active,42.194922258032534,37.797946292658175,-4.396975965374359,WEAK,WEAK,Q4_Both_Weak,DROP,Stable,1,1,2284,2584,2003
LGCF,Themes US Cash Flow Champions ETF,Large Value,Passive,33.876662093201475,46.92340168831098,13.046739595109507,WEAK,WEAK,Q4_Both_Weak,DROP,Upgraded by 2025 system,0.15,0.5111,2853,2016,2004
DWAS,Invesco Dorsey Wright SmallCap Momentum ETF,Small Blend,Passive,42.72234359852791,37.04269012918539,-5.679653469342519,WEAK,WEAK,Q4_Both_Weak,DROP,Stable,1,1,2236,2635,2005
NGRRX,Nuveen International Value Fund I,Foreign Large Value,Active,44.199919025364764,35.399528264735686,-8.800390760629078,WEAK,WEAK,Q4_Both_Weak,DROP,Stable,1,1,2119,2753,2006
DIVG,Invesco S&P 500 High Dividend Growers ETF,Mid-Cap Value,Passive,32.9176326747177,47.80638857809225,14.888755903374552,WEAK,WEAK,Q4_Both_Weak,DROP,Upgraded by 2025 system,0.15,0.5111,2909,1968,2007
LGILX,Schwab Select Large Cap Growth Fund,Large Growth,Active,36.25318027625457,44.43609898303212,8.18291870677755,WEAK,WEAK,Q4_Both_Weak,DROP,Stable,1,1,2692,2185,2007
LP40205244,Transamerica Mid Cap Growth I2,Mid-Cap Growth,Active,36.21867585179206,44.483053683324954,8.264377831532897,WEAK,WEAK,Q4_Both_Weak,DROP,Stable,1,1,2696,2182,2008
PRXV,Praxis Impact Large Cap Value ETF,Large Value,Active,33.303198081250656,47.361477572559366,14.05827949130871,WEAK,WEAK,Q4_Both_Weak,DROP,Upgraded by 2025 system,0.15,0.25,2887,1991,2008
PTSIX,PIMCO RAE PLUS International Fund Inst,Foreign Large Value,Active,40.89685685482998,39.016662856898684,-1.8801939979312934,WEAK,WEAK,Q4_Both_Weak,DROP,Stable,1,1,2372,2506,2008
SCOW,Pacer S&P SmallCap 600 Quality FCF Aristocrats ETF,Small Blend,Passive,23.50239491472313,54.94786045015794,31.44546553543481,WEAK,WEAK,Q4_Both_Weak,DROP,Upgraded by 2025 system,0.15,0.5111,3347,1532,2009
DSEFX,Domini Impact Equity Fund Investor,Large Growth,Active,46.787603632869065,31.861434483628585,-14.92616914924048,WEAK,WEAK,Q4_Both_Weak,DROP,Downgraded by 2025 system,1,1,1939,2941,2010
OPTFX,Invesco Discovery Large Cap Fund A,Large Growth,Active,42.0772549863657,37.69382470691059,-4.383430279455112,WEAK,WEAK,Q4_Both_Weak,DROP,Stable,1,1,2292,2589,2011
QUVU,Hartford Quality Value ETF,Large Value,Active,43.364519056882386,36.2314628001549,-7.133056256727485,WEAK,WEAK,Q4_Both_Weak,DROP,Stable,0.26,0.54,2188,2693,2011
SWANX,Schwab Core Equity Fund,Large Blend,Active,42.786016919538746,36.764625842817026,-6.02139107672172,WEAK,WEAK,Q4_Both_Weak,DROP,Stable,1,1,2232,2652,2012
SSCPX,Saratoga Small Capitalization Portfolio I,Small Blend,Active,44.327613930763306,35.01184554540883,-9.315768385354474,WEAK,WEAK,Q4_Both_Weak,DROP,Stable,1,1,2109,2776,2013
JDSNX,Janus Henderson Small Cap Value Fund N,Small Value,Active,43.24123129532299,36.304691380586796,-6.936539914736194,WEAK,WEAK,Q4_Both_Weak,DROP,Stable,1,1,2200,2686,2014
BKCI,BNY Mellon Concentrated International ETF,Foreign Large Growth,Active,43.69001966568338,35.657406622446864,-8.032613043236516,WEAK,WEAK,Q4_Both_Weak,DROP,Stable,0.15,0.46,2158,2729,2015
TMSIX,Thrivent Mid Cap Stock Fund S,Mid-Cap Blend,Active,45.80958991809709,32.80514868317488,-13.004441234922211,WEAK,WEAK,Q4_Both_Weak,DROP,Downgraded by 2025 system,1,1,1994,2893,2015
GSYPX,Goldman Sachs Small Cap Value Fund P,Small Value,Active,41.178107514490094,38.43906863639962,-2.7390388780904757,WEAK,WEAK,Q4_Both_Weak,DROP,Stable,0.57,0.79,2360,2534,2016
MRGAX,MFS Core Equity Fund A,Large Blend,Active,48.462063827613015,28.815648049809226,-19.64641577780379,WEAK,WEAK,Q4_Both_Weak,DROP,Downgraded by 2025 system,1,1,1789,3105,2016
OFIGX,Oberweis Focused International Growth Fund,Foreign Large Growth,Active,24.874631268436577,53.5776823482295,28.703051079792925,WEAK,WEAK,Q4_Both_Weak,DROP,Upgraded by 2025 system,0.15,0.46,3286,1608,2016
CIHIX,Cullen International High Dividend Fund I,Foreign Large Value,Active,45.33455962450844,33.45842235145386,-11.876137273054574,WEAK,WEAK,Q4_Both_Weak,DROP,Downgraded by 2025 system,1,1,2030,2865,2017
ACGIX,Invesco Growth & Income Fund A,Large Value,Active,42.33099775637016,37.35463958644119,-4.976358169928972,WEAK,WEAK,Q4_Both_Weak,DROP,Stable,1,1,2278,2618,2018
HNCFX,Hartford International Growth Fund F,Foreign Large Growth,Active,37.21852573505223,42.65549105348909,5.4369653184368545,WEAK,WEAK,Q4_Both_Weak,DROP,Stable,0.89,0.88,2608,2290,2019
CHCYX,AB Discovery Growth Fund Adv,Mid-Cap Growth,Active,37.604955240746904,42.197199978892364,4.59224473814546,WEAK,WEAK,Q4_Both_Weak,DROP,Stable,1,1,2582,2317,2020
BIGTX,Texas Fund I,Mid-Cap Blend,Active,40.40925417941716,39.12974930199499,-1.2795048774221698,WEAK,WEAK,Q4_Both_Weak,DROP,Stable,1,1,2399,2501,2021
JRE,Janus Henderson US Real Estate ETF,Real Estate,Active,36.702377841651426,43.29852692538438,6.5961490837329535,WEAK,WEAK,Q4_Both_Weak,DROP,Stable,0.15,0.46,2651,2249,2021
PWGIX,Impax US Sustainable Economy Fund Institutional,Large Blend,Active,42.36145272291968,37.181283463951864,-5.180169258967815,WEAK,WEAK,Q4_Both_Weak,DROP,Stable,1,1,2273,2628,2022
SHE,State Street SPDR MSCI USA Gender Diversity ETF,Large Blend,Passive,21.157378607657833,55.96089440716826,34.80351579951043,WEAK,WEAK,Q4_Both_Weak,DROP,Upgraded by 2025 system,0.67,0.8667,3440,1463,2023
ION,ProShares S&P Global Core Battery Metals ETF,Natural Resources,Passive,38.21880650994574,41.499445672422745,3.2806391624770015,WEAK,WEAK,Q4_Both_Weak,DROP,Stable,0.15,0.6222,2545,2363,2024
SAEF,Schwab Ariel Opportunities ETF,Mid-Cap Blend,Active,39.838674182790776,39.73558118899734,-0.10309299379343884,WEAK,WEAK,Q4_Both_Weak,DROP,Stable,0.15,0.46,2437,2472,2025
JVAYX,JPMorgan Value Advantage Fund R6,Large Value,Active,43.60192664929941,35.49128368102286,-8.11064296827655,WEAK,WEAK,Q4_Both_Weak,DROP,Stable,0.76,0.88,2167,2745,2026
NOLVX,Northern Large Cap Value Fund,Large Value,Active,37.96890249503287,41.7456023930509,3.7766998980180304,WEAK,WEAK,Q4_Both_Weak,DROP,Stable,1,1,2561,2351,2026
CMGIX,BlackRock Mid-Cap Growth Equity Portfolio Inst,Mid-Cap Growth,Active,38.90634752635061,40.7282762746022,1.8219287482515938,WEAK,WEAK,Q4_Both_Weak,DROP,Stable,1,1,2499,2414,2027
VMGRX,Vanguard Mid-Cap Growth Fund Investor,Mid-Cap Growth,Active,36.680208716682706,43.188363845640744,6.5081551289580375,WEAK,WEAK,Q4_Both_Weak,DROP,Stable,1,1,2655,2259,2028
CFWIX,Calvert Global Water Fund I,Natural Resources,Passive,47.46772333840362,29.891758486645863,-17.57596485175776,WEAK,WEAK,Q4_Both_Weak,DROP,Downgraded by 2025 system,1,1,1868,3052,2029
CAPE,DoubleLine Shiller CAPE US Equities ETF,Large Value,Active,40.17267842727048,38.94166417664599,-1.23101425062449,WEAK,WEAK,Q4_Both_Weak,DROP,Stable,0.15,0.46,2414,2508,2030
FDV,Federated Hermes US Strategic Dividend ETF,Large Value,Active,47.20835061334894,30.20969761399953,-16.99865299934941,WEAK,WEAK,Q4_Both_Weak,DROP,Downgraded by 2025 system,0.15,0.46,1891,3034,2031
SESVX,SEI Inst Mgd Small Cap Value Fund F,Small Value,Active,38.3933883504029,41.01788581855974,2.6244974681568394,WEAK,WEAK,Q4_Both_Weak,DROP,Stable,0.95,1,2537,2388,2031
VUS,Virtus US Dividend ETF,Large Blend,Active,6.911067474517808,60.692464358452135,53.78139688393433,WEAK,REVIEW,Q4_Both_Weak,WATCH,Upgraded by 2025 system,0.1,0.25,3722,1204,2032
BSGIX,Baird Small/Mid Cap Growth Fund Institutional,Mid-Cap Growth,Active,46.76482187892456,30.806195822447886,-15.958626056476671,WEAK,WEAK,Q4_Both_Weak,DROP,Downgraded by 2025 system,0.89,0.88,1940,2988,2033
BINV,Brandes International ETF,Foreign Large Value,Active,35.69595679924318,44.0251572327044,8.329200433461224,WEAK,WEAK,Q4_Both_Weak,DROP,Stable,0.15,0.25,2727,2205,2034
SPGP,Invesco S&P 500 GARP ETF,Large Value,Passive,45.38263690813045,32.61345747893148,-12.76917942919897,WEAK,WEAK,Q4_Both_Weak,DROP,Downgraded by 2025 system,1,1,2025,2907,2034
RUSC,Russell Investments US Small Cap Equity ETF,Small Blend,Active,10.318352059925093,59.859154929577464,49.54080286965237,WEAK,WEAK,Q4_Both_Weak,DROP,Upgraded by 2025 system,0.1,0.25,3686,1248,2035
ALIL,Argent Focused Small Cap ETF,Small Blend,Active,24.484931684000575,53.16901408450704,28.684082400506465,WEAK,WEAK,Q4_Both_Weak,DROP,Upgraded by 2025 system,0.15,0.25,3300,1635,2036
HMVFX,Hartford MidCap Value Fund F,Mid-Cap Value,Active,43.98986674574635,34.50007738801361,-9.48978935773274,WEAK,WEAK,Q4_Both_Weak,DROP,Stable,0.89,0.88,2134,2806,2037
ALMRX,Alger Mid Cap Growth Institutional Fund I,Mid-Cap Growth,Active,38.59366915348243,40.66236590269081,2.068696749208378,WEAK,WEAK,Q4_Both_Weak,DROP,Stable,1,1,2520,2421,2038
FSLCX,Fidelity Small Cap Stock Fund,Small Blend,Active,34.82958107032293,44.919230007068684,10.089648936745753,WEAK,WEAK,Q4_Both_Weak,DROP,Upgraded by 2025 system,1,1,2790,2151,2038
PIE,Invesco Dorsey Wright Emerging Markets Mo ETF,Diversified Emerging Mkts,Passive,47.18895134311356,29.91714687950798,-17.27180446360558,WEAK,WEAK,Q4_Both_Weak,DROP,Downgraded by 2025 system,1,1,1894,3049,2039
SMCIX,Shelton S&P SmallCap Index Fund Investor,Small Blend,Passive,35.48627249395436,44.10637464440622,8.620102150451864,WEAK,WEAK,Q4_Both_Weak,DROP,Stable,1,1,2745,2200,2040
TPYYX,Touchstone Sands Capital Intl Growth Eq Fund Y,Foreign Large Growth,Active,41.99668791286487,36.80334779876244,-5.193340114102433,WEAK,WEAK,Q4_Both_Weak,DROP,Stable,1,1,2297,2648,2040
VSFIX,Federated Hermes MDT Small Cap Value Fund Inst,Small Value,Active,38.745764008767274,40.39324408156396,1.6474800727966823,WEAK,WEAK,Q4_Both_Weak,DROP,Stable,1,1,2511,2436,2041
LP40206057,John Hancock Small Cap Core Fund NAV,Small Blend,Active,45.57582582297566,31.98193589272279,-13.593889930252868,WEAK,WEAK,Q4_Both_Weak,DROP,Downgraded by 2025 system,1,1,2012,2936,2042
FFLV,Fidelity Fundamental Large Cap Value ETF,Large Value,Active,33.22652451437154,46.306068601583114,13.079544087211573,WEAK,WEAK,Q4_Both_Weak,DROP,Upgraded by 2025 system,0.15,0.25,2890,2060,2043
CSVFX,Columbia International Dividend Income Fund I,Foreign Large Value,Active,44.81879572766654,33.12640721782249,-11.69238850984405,WEAK,WEAK,Q4_Both_Weak,DROP,Downgraded by 2025 system,1,1,2071,2882,2044
YOKE,Yoke Core ETF,Large Blend,Active,26.12156092687569,51.73116089613035,25.609599969254656,WEAK,WEAK,Q4_Both_Weak,DROP,Upgraded by 2025 system,0.1,0.25,3234,1721,2045
RSVAX,Victory RS Value Fund A,Mid-Cap Value,Active,46.73919149156112,30.393676660227577,-16.345514831333546,WEAK,WEAK,Q4_Both_Weak,DROP,Downgraded by 2025 system,1,1,1942,3017,2046
IHOVX,Hartford International Opportunities Fund R6,Foreign Large Blend,Active,42.80736234394496,35.605154711497626,-7.202207632447333,WEAK,WEAK,Q4_Both_Weak,DROP,Stable,1,1,2231,2733,2047
PRJIX,T Rowe Price New Horizons Fund I,Mid-Cap Growth,Active,39.16008284975498,39.51531151513284,0.355228665377858,WEAK,WEAK,Q4_Both_Weak,DROP,Stable,1,1,2478,2487,2048
NCVLX,Nuance Concentrated Value Fund Institutional,Mid-Cap Value,Active,45.36304116600324,31.895329934606913,-13.46771123139633,WEAK,WEAK,Q4_Both_Weak,DROP,Downgraded by 2025 system,1,1,2028,2940,2049
KMID,Virtus KAR Mid-Cap ETF,Mid-Cap Growth,Active,28.43734630095314,50,21.56265369904686,WEAK,WEAK,Q4_Both_Weak,DROP,Upgraded by 2025 system,0.15,0.25,3144,1827,2050
BAFE,Brown Advisory Flexible Equity ETF,Large Blend,Active,42.16571877452063,36.252545824847246,-5.913172949673381,WEAK,WEAK,Q4_Both_Weak,DROP,Stable,0.15,0.25,2285,2690,2051
TRGRX,T Rowe Price Global Real Estate Fund,Global Real Estate,Active,44.04848601051474,33.84598599837692,-10.202500012137826,WEAK,WEAK,Q4_Both_Weak,DROP,Downgraded by 2025 system,1,1,2127,2849,2052
MAPAX,NYLI WMC Value Fund A,Large Value,Active,46.630219917747745,30.269399801936718,-16.360820115811027,WEAK,WEAK,Q4_Both_Weak,DROP,Downgraded by 2025 system,1,1,1948,3029,2053
PXSIX,Impax Small Cap Fund Institutional,Small Blend,Active,41.162056157816394,37.37105668012381,-3.790999477692587,WEAK,WEAK,Q4_Both_Weak,DROP,Stable,1,1,2361,2616,2053
VDI,Virtus International Dividend ETF,Foreign Large Blend,Active,5.679727928050076,59.882005899705014,54.20227797165494,WEAK,WEAK,Q4_Both_Weak,DROP,Upgraded by 2025 system,0.1,0.25,3735,1245,2054
FID,First Trust S&P International Div Aristocrats ETF,Foreign Large Value,Passive,34.77377483532328,44.422643766079275,9.648868930755995,WEAK,WEAK,Q4_Both_Weak,DROP,Stable,1,1,2795,2186,2055
GCTRX,Goldman Sachs US Tax-Managed Equity Fund R6,Large Blend,Active,41.90699495069967,36.377656972905996,-5.5293379777936735,WEAK,WEAK,Q4_Both_Weak,DROP,Stable,0.76,0.88,2300,2681,2055
CCSGX,Conestoga SMid Cap Fund Institutional,Mid-Cap Growth,Active,43.468101007501794,34.50063643791508,-8.967464569586717,WEAK,WEAK,Q4_Both_Weak,DROP,Stable,1,1,2178,2805,2056
JNVYX,Jensen Quality MidCap Fund Y,Mid-Cap Blend,Active,45.94141399832083,30.670664833336293,-15.27074916498454,WEAK,WEAK,Q4_Both_Weak,DROP,Downgraded by 2025 system,0.76,0.88,1985,3000,2057
CFO,VictoryShares US 500 Enhanced Volatility Wtd ETF,Large Blend,Passive,43.06078350065719,35.1077733613232,-7.9530101393339905,WEAK,WEAK,Q4_Both_Weak,DROP,Stable,1,1,2217,2771,2058
COPP,Sprott Copper Miners ETF,Natural Resources,Passive,36.4451476793249,42.0752034758582,5.630055796533306,WEAK,WEAK,Q4_Both_Weak,DROP,Stable,0.15,0.5111,2674,2321,2059
INRO,iShares US Industry Rotation Active ETF,Large Blend,Active,34.58293093768663,44.39918533604888,9.816254398362247,WEAK,WEAK,Q4_Both_Weak,DROP,Stable,0.15,0.25,2810,2187,2060
AWTIX,Virtus Duff & Phelps Water Fund Inst,Natural Resources,Active,44.530765848695864,32.642111973386456,-11.888653875309409,WEAK,WEAK,Q4_Both_Weak,DROP,Downgraded by 2025 system,1,1,2094,2905,2061
FLIIX,First Sentier Global Listed Infrastructure Fund I,Infrastructure,Active,43.976779628507416,33.478014650954655,-10.49876497755276,WEAK,WEAK,Q4_Both_Weak,DROP,Downgraded by 2025 system,0.89,0.88,2136,2863,2061
WBIIX,William Blair Institutional International Gro Fd,Foreign Large Growth,Active,41.082554371346795,37.09855902930077,-3.983995342046022,WEAK,WEAK,Q4_Both_Weak,DROP,Stable,1,1,2367,2633,2062
DISRX,BNY Mellon International Stock Fund I,Foreign Large Growth,Active,47.158278539336806,28.833575582098582,-18.324702957238223,WEAK,WEAK,Q4_Both_Weak,DROP,Downgraded by 2025 system,1,1,1897,3104,2063
BCIL,Bancreek International Large Cap ETF,Foreign Large Growth,Active,30.8102261553589,47.482014388489205,16.671788233130304,WEAK,WEAK,Q4_Both_Weak,DROP,Upgraded by 2025 system,0.15,0.25,3022,1983,2064
STRGX,Sterling Capital Mid Cap Relative Value Fund Inst,Mid-Cap Blend,Active,43.54644753446553,34.03720219820364,-9.509245336261891,WEAK,WEAK,Q4_Both_Weak,DROP,Stable,1,1,2170,2835,2064
DAACX,Diversified Equity Fund,Large Blend,Active,46.608903038946785,29.705779465196162,-16.903123573750623,WEAK,WEAK,Q4_Both_Weak,DROP,Downgraded by 2025 system,0.15,0.46,1949,3059,2065
GAID,Guinness Atkinson International Dividend Builder ETF,Foreign Large Blend,Active,20.537886872515394,54.572271386430685,34.03438451391529,WEAK,WEAK,Q4_Both_Weak,DROP,Upgraded by 2025 system,0.15,0.25,3455,1554,2066
VADGX,Vanguard Advice Select Dividend Growth Fnd Admiral,Large Blend,Active,46.47874805954377,29.823423282895124,-16.655324776648644,WEAK,WEAK,Q4_Both_Weak,DROP,Downgraded by 2025 system,0.15,0.46,1956,3055,2067
TEQI,T Rowe Price Equity Income ETF,Large Value,Active,44.798669800980164,31.967081582795597,-12.831588218184567,WEAK,WEAK,Q4_Both_Weak,DROP,Downgraded by 2025 system,0.57,0.79,2074,2938,2068
DOMOX,Domini Impact International Equity Fund Inst,Foreign Large Blend,Active,35.635385460015776,42.7820584098126,7.146672949796823,WEAK,WEAK,Q4_Both_Weak,DROP,Stable,1,1,2735,2280,2069
OWLLX,Channing Intrinsic Value Small-Cap Fund Inst,Small Blend,Active,29.11699021641275,48.53803019337729,19.42103997696454,WEAK,WEAK,Q4_Both_Weak,DROP,Upgraded by 2025 system,0.15,0.46,3104,1914,2070
AFSC,abrdn Focused US Small Cap Equity Active ETF,Small Blend,Active,30.326771592675637,47.46957608091714,17.142804488241506,WEAK,WEAK,Q4_Both_Weak,DROP,Upgraded by 2025 system,1,1,3043,1984,2071
AMOM,QRAFT AI-Enhanced US Large Cap Momentum ETF,Large Growth,Active,37.30051511340818,40.565495629781815,3.264980516373633,WEAK,WEAK,Q4_Both_Weak,DROP,Stable,0.57,0.79,2600,2427,2071
SPRE,SP Funds S&P Global REIT Sharia ETF,Real Estate,Passive,34.630014670399774,43.73921508455652,9.109200414156746,WEAK,WEAK,Q4_Both_Weak,DROP,Stable,0.57,0.8444,2807,2221,2072
SIXS,ETC 6 Meridian Small Cap Equity ETF,Small Value,Active,35.072041721807665,43.235689519208634,8.16364779740097,WEAK,WEAK,Q4_Both_Weak,DROP,Stable,0.57,0.79,2774,2255,2073
PSPFX,US Global Investors Global Resources Fund,Natural Resources,Active,38.69219996537043,38.79164357194031,0.09944360656988493,WEAK,WEAK,Q4_Both_Weak,DROP,Stable,1,1,2515,2515,2074
ATGAX,Cantor Fitzgerald Equity Opportunity Fund A,Mid-Cap Blend,Active,41.302899489990644,36.40460222640399,-4.898297263586656,WEAK,WEAK,Q4_Both_Weak,DROP,Stable,1,1,2351,2680,2075
SAREX,SA Real Estate Securities Fund,Real Estate,Active,42.082683237857566,35.51466658699621,-6.5680166508613524,WEAK,WEAK,Q4_Both_Weak,DROP,Stable,1,1,2291,2741,2076
JOHIX,JOHCM International Select Fund Inst,Foreign Large Growth,Active,40.215647464789754,37.20601004374848,-3.009637421041276,WEAK,WEAK,Q4_Both_Weak,DROP,Stable,1,1,2411,2625,2077
JNEMX,JPMorgan International Equity Fund R6,Foreign Large Blend,Active,40.078174218317585,37.389956453608164,-2.688217764709421,WEAK,WEAK,Q4_Both_Weak,DROP,Stable,1,1,2426,2613,2078
PARNX,Parnassus Mid Cap Growth Fund Investor,Mid-Cap Growth,Active,36.16555427578576,41.824348691568275,5.658794415782516,WEAK,WEAK,Q4_Both_Weak,DROP,Stable,1,1,2699,2346,2079
WPGSX,WPG Partners Select Small Cap Value Fund Inst,Small Value,Active,30.852931139100587,46.7613240742394,15.90839293513881,WEAK,WEAK,Q4_Both_Weak,DROP,Upgraded by 2025 system,0.15,0.46,3019,2026,2079
XMAG,Defiance Large Cap ex-Mag 7 ETF,Large Blend,Passive,31.333379465557755,46.293651009355905,14.96027154379815,WEAK,WEAK,Q4_Both_Weak,DROP,Upgraded by 2025 system,0.15,0.5111,2984,2062,2080
MRSKX,MFS Research International Fund R6,Foreign Large Blend,Active,44.03040240853137,32.271971988087884,-11.758430420443489,WEAK,WEAK,Q4_Both_Weak,DROP,Downgraded by 2025 system,1,1,2130,2919,2081
MXEOX,Empower Emerging Markets Equity Fund Investor,Diversified Emerging Mkts,Active,41.25362503909647,36.15641299127428,-5.09721204782219,WEAK,WEAK,Q4_Both_Weak,DROP,Stable,0.57,0.79,2355,2696,2082
DSTX,Distillate International Fundmntl Stblty & Val ETF,Foreign Large Blend,Active,28.702292970297023,48.439016366962655,19.73672339666563,WEAK,WEAK,Q4_Both_Weak,DROP,Upgraded by 2025 system,0.57,0.79,3126,1927,2083
KRMA,Global X Conscious Companies ETF,Large Blend,Passive,28.744038349074145,48.43813659299476,19.694098243920614,WEAK,WEAK,Q4_Both_Weak,DROP,Upgraded by 2025 system,0.57,0.8444,3125,1928,2083
SVOAX,SEI Inst Mgd US Managed Volatility Fund F,Large Value,Active,45.40312480028848,30.249217664402394,-15.153907135886087,WEAK,WEAK,Q4_Both_Weak,DROP,Downgraded by 2025 system,1,1,2024,3030,2084
PLDR,Putnam Sustainable Leaders ETF,Large Growth,Active,35.88292489013985,41.80796516910225,5.925040278962406,WEAK,WEAK,Q4_Both_Weak,DROP,Stable,0.15,0.46,2714,2347,2085
NANC,Unusual Whales Subversive Democratic Trading ETF,Large Blend,Active,31.751975396488064,45.83300160985514,14.081026213367075,WEAK,WEAK,Q4_Both_Weak,DROP,Upgraded by 2025 system,0.15,0.46,2974,2090,2086
LGVAX,ClearBridge Value Fund A,Large Value,Active,43.15664527302026,33.47352688355461,-9.683118389465648,WEAK,WEAK,Q4_Both_Weak,DROP,Stable,1,1,2206,2864,2087
HWCIX,Hotchkis & Wiley Large Cap Disciplined Value Fd I,Large Value,Active,40.80861895117693,36.056663840962266,-4.751955110214666,WEAK,WEAK,Q4_Both_Weak,DROP,Stable,1,1,2376,2701,2088
REFA,Columbia Research Enhanced International Eqty ETF,Foreign Large Blend,Passive,3.9302420174903396,58.39727195225915,54.46702993476882,WEAK,WEAK,Q4_Both_Weak,DROP,Upgraded by 2025 system,0.1,0.5111,3749,1329,2089
AQEAX,Columbia Disciplined Core Fund A,Large Blend,Active,43.15595334661464,33.31977567644203,-9.83617767017261,WEAK,WEAK,Q4_Both_Weak,DROP,Stable,1,1,2207,2872,2090
TMLCX,SEI Inst Mgd Tax-Managed Large Cap Fund F,Large Blend,Active,43.52669156506661,32.64277331289949,-10.88391825216712,WEAK,WEAK,Q4_Both_Weak,DROP,Downgraded by 2025 system,0.95,1,2175,2904,2090
BRLGX,American Beacon Man Large Cap Growth Fund R5,Large Growth,Active,41.25199533026823,35.703587532983576,-5.5484077972846535,WEAK,WEAK,Q4_Both_Weak,DROP,Stable,1,1,2356,2724,2091
MCYSX,NYLI Candriam Emerging Markets Equity Fund R6,Diversified Emerging Mkts,Active,35.547277394596286,41.88108104331105,6.333803648714763,WEAK,WEAK,Q4_Both_Weak,DROP,Stable,0.57,0.79,2741,2340,2092
BERCX,Carillon Chartwell Mid Cap Value Fund I,Mid-Cap Value,Active,41.46474973669113,35.49300386729685,-5.971745869394283,WEAK,WEAK,Q4_Both_Weak,DROP,Stable,1,1,2339,2743,2093
REAI,Intelligent Real Estate ETF,Real Estate,Active,28.94172981447609,47.74774774774775,18.80601793327166,WEAK,WEAK,Q4_Both_Weak,DROP,Upgraded by 2025 system,0.15,0.25,3112,1972,2094
PDEQX,PGIM Jennison Emerging Markets Equity Oppts R6,Diversified Emerging Mkts,Active,41.70584751904789,35.14275048796179,-6.563097031086102,WEAK,WEAK,Q4_Both_Weak,DROP,Stable,1,1,2317,2768,2095
BCEMX,Boston Common ESG Impact Emerging Markets Fund,Diversified Emerging Mkts,Active,38.70121257482381,37.94209517692727,-0.7591173978965458,WEAK,WEAK,Q4_Both_Weak,DROP,Stable,0.15,0.46,2514,2572,2096
EMIF,iShares Emerg Markets Infrastructure ETF,Diversified Emerging Mkts,Passive,38.96300323749473,37.63789004384013,-1.3251131936546017,WEAK,WEAK,Q4_Both_Weak,DROP,Stable,1,1,2494,2593,2097
ELCV,Eventide High Dividend ETF,Large Value,Active,35.810162527760696,41.42480211081794,5.614639583057247,WEAK,WEAK,Q4_Both_Weak,DROP,Stable,0.15,0.25,2721,2367,2098
PBQAX,PGIM Jennison Blend Fund A,Large Growth,Active,39.59705549717035,36.980293902151196,-2.616761595019156,WEAK,WEAK,Q4_Both_Weak,DROP,Stable,1,1,2450,2639,2099
MVTIX,Transamerica Mid Cap Value Opportunities I,Mid-Cap Value,Active,42.60898548902793,33.93706022965208,-8.671925259375847,WEAK,WEAK,Q4_Both_Weak,DROP,Stable,1,1,2250,2842,2100
PARWX,Parnassus Value Equity Fund Investor,Large Value,Active,42.61653062803531,33.870670646093984,-8.745859981941322,WEAK,WEAK,Q4_Both_Weak,DROP,Stable,1,1,2248,2844,2100
BGEVX,Baillie Gifford International Growth Fund 5,Foreign Large Growth,Active,33.62151531132628,43.69227523763482,10.07075992630854,WEAK,WEAK,Q4_Both_Weak,DROP,Upgraded by 2025 system,1,1,2868,2225,2101
BYRE,Principal Real Estate Active Opportunities ETF,Real Estate,Active,35.580524344569284,41.69579596106839,6.115271616499108,WEAK,WEAK,Q4_Both_Weak,DROP,Stable,0.15,0.46,2740,2353,2101
MADCX,BlackRock Emerging Markets Fund Inst,Diversified Emerging Mkts,Active,42.32333682908845,34.31266536479143,-8.010671464297019,WEAK,WEAK,Q4_Both_Weak,DROP,Stable,1,1,2279,2819,2102
HLMIX,Harding Loevner International Equity Port Inst,Foreign Large Blend,Active,44.740970711772924,30.354292467639933,-14.386678244132991,WEAK,WEAK,Q4_Both_Weak,DROP,Downgraded by 2025 system,1,1,2079,3022,2103
PAPPX,Papp Small & Mid-Cap Growth Fund,Mid-Cap Growth,Active,44.596138953008065,30.46714336898878,-14.128995584019286,WEAK,WEAK,Q4_Both_Weak,DROP,Downgraded by 2025 system,1,1,2091,3010,2103
GMWEX,GuideMark World ex-US Fund Service,Foreign Large Blend,Active,39.58040871664465,36.79724359619835,-2.7831651204462986,WEAK,WEAK,Q4_Both_Weak,DROP,Stable,1,1,2452,2651,2104
VWUAX,Vanguard US Growth Fund Admiral,Large Growth,Active,31.04522261340162,45.70897434432593,14.66375173092431,WEAK,WEAK,Q4_Both_Weak,DROP,Upgraded by 2025 system,1,1,3003,2100,2104
NQCFX,NorthQuest Capital Fund,Large Growth,Active,42.43512500308581,34.00328982647986,-8.43183517660595,WEAK,WEAK,Q4_Both_Weak,DROP,Stable,1,1,2266,2838,2105
WSMDX,William Blair Small-Mid Cap Growth Fund I,Mid-Cap Growth,Active,42.00942702036437,34.411996156813615,-7.5974308635507555,WEAK,WEAK,Q4_Both_Weak,DROP,Stable,1,1,2296,2809,2106
EMSF,Matthews Emerging Markets Sustainable Ftr Actv ETF,Diversified Emerging Mkts,Active,25.02088667359094,50,24.97911332640906,WEAK,WEAK,Q4_Both_Weak,DROP,Upgraded by 2025 system,0.15,0.25,3279,1827,2107
RFIMX,Ranger Micro Cap Fund Inst,Small Growth,Active,43.965409067579145,31.220670072511954,-12.744738995067191,WEAK,WEAK,Q4_Both_Weak,DROP,Downgraded by 2025 system,0.57,0.79,2138,2969,2108
ESPNX,Allspring Special Small Cap Val Fd I,Small Value,Active,43.29950520117212,32.37645143909885,-10.923053762073266,WEAK,WEAK,Q4_Both_Weak,DROP,Downgraded by 2025 system,1,1,2196,2915,2109
IFLO,VictoryShares International Free Cash Flow ETF,Foreign Large Value,Passive,16.915936176499557,54.72942773896071,37.81349156246115,WEAK,WEAK,Q4_Both_Weak,DROP,Upgraded by 2025 system,0.1,0.5111,3570,1543,2110
GSIEX,Goldman Sachs International Equity ESG Fd Inst,Foreign Large Blend,Active,44.01444794107165,30.976768923346558,-13.037679017725093,WEAK,WEAK,Q4_Both_Weak,DROP,Downgraded by 2025 system,1,1,2133,2981,2111
HUSV,First Trust Horizon Managed Vol Domestic ETF,Large Value,Active,44.72959629596983,30.15360581790658,-14.575990478063247,WEAK,WEAK,Q4_Both_Weak,DROP,Downgraded by 2025 system,0.57,0.79,2080,3038,2112
CMDOX,American Funds U.S. Sm & Md Cp Eq529-F-3,Mid-Cap Blend,Active,28.31801330557107,47.755102040816325,19.437088735245254,WEAK,WEAK,Q4_Both_Weak,DROP,Upgraded by 2025 system,0.15,0.25,3148,1971,2113
TEMX,Touchstone Sands Cap EmMarkets Ex-China Growth ETF,Diversified Emerging Mkts,Active,24.45033303194429,50,25.54966696805571,WEAK,WEAK,Q4_Both_Weak,DROP,Upgraded by 2025 system,0.15,0.25,3303,1827,2114
CSVIX,Calvert Small-Cap Fund I,Small Blend,Active,45.107677827639826,29.22731718791674,-15.880360639723087,WEAK,WEAK,Q4_Both_Weak,DROP,Downgraded by 2025 system,1,1,2048,3084,2115
FREEX,Franklin Real Estate Securities Fund A,Real Estate,Active,44.60680490950881,30.037929390040542,-14.568875519468268,WEAK,WEAK,Q4_Both_Weak,DROP,Downgraded by 2025 system,1,1,2090,3045,2116
PYVSX,Payden Equity Income Fund SI,Large Value,Active,43.38324906377481,31.562729669044497,-11.820519394730315,WEAK,WEAK,Q4_Both_Weak,DROP,Downgraded by 2025 system,1,1,2187,2953,2117
MSTQX,Morningstar US Equity Fund Inst,Large Blend,Active,43.855463032046174,30.699505476870076,-13.155957555176098,WEAK,WEAK,Q4_Both_Weak,DROP,Downgraded by 2025 system,0.57,0.79,2143,2998,2118
MFAIX,Morgan Stanley Inst International Advtg Port I,Foreign Large Growth,Active,42.604391869481795,32.80753859496195,-9.796853274519847,WEAK,WEAK,Q4_Both_Weak,DROP,Stable,0.95,1,2251,2892,2119
CRLSX,Catholic Responsible Investments Intl Eqty Fd Inst,Foreign Large Blend,Active,45.04332883821874,28.99096058548664,-16.0523682527321,WEAK,WEAK,Q4_Both_Weak,DROP,Downgraded by 2025 system,0.15,0.46,2054,3093,2120
DLCIX,Dana Large Cap Equity Fund Institutional,Large Blend,Active,39.46990675074886,36.25576053201299,-3.21414621873587,WEAK,WEAK,Q4_Both_Weak,DROP,Stable,1,1,2460,2689,2121
LAAGX,Lord Abbett International Growth Fund A,Foreign Large Growth,Active,25.235742379547688,49.00636987362568,23.770627494077992,WEAK,WEAK,Q4_Both_Weak,DROP,Upgraded by 2025 system,0.15,0.46,3273,1880,2122
RYAVX,Rydex S&P MidCap 400 Pure Value Fund H,Small Value,Passive,51.62519471739465,11.485683304219958,-40.13951141317469,WEAK,WEAK,Q4_Both_Weak,DROP,Downgraded by 2025 system,1,1,1577,3577,2123
FLAG,Global X S&P 500 US Market Leaders Top 50 ETF,Large Blend,Passive,28.816289046838467,46.58491554080077,17.768626493962305,WEAK,WEAK,Q4_Both_Weak,DROP,Upgraded by 2025 system,0.15,0.5111,3120,2038,2124
MAVKX,MoA Small Cap Value Fund,Small Value,Active,37.720457928712534,37.72094541963855,0.00048749092601241273,WEAK,WEAK,Q4_Both_Weak,DROP,Stable,1,1,2573,2587,2125
BVOIX,Barrow Hanley US Value Opportunities Fund Inst,Large Value,Active,32.97612539971488,43.2016033164405,10.225477916725616,WEAK,WEAK,Q4_Both_Weak,DROP,Upgraded by 2025 system,0.15,0.46,2903,2258,2126
LP40197664,Transamerica Small Cap Value I2,Small Value,Active,31.8334044212976,44.32959893993361,12.49619451863601,WEAK,WEAK,Q4_Both_Weak,DROP,Upgraded by 2025 system,1,1,2970,2193,2127
EFFI,Harbor Osmosis Intl Resource Efficient ETF,Foreign Large Blend,Active,29.102159053884,46.312684365781706,17.210525311897705,WEAK,WEAK,Q4_Both_Weak,DROP,Upgraded by 2025 system,0.15,0.25,3105,2059,2128
MGPIX,ProFunds Mid-Cap Growth ProFund Investor,Mid-Cap Growth,Passive,49.3048376257295,19.434257638553966,-29.87057998717553,WEAK,WEAK,Q4_Both_Weak,DROP,Downgraded by 2025 system,1,1,1736,3429,2129
AQEC,AQE Core ETF,Large Blend,Active,35.35296005087222,40.73319755600815,5.380237505135931,WEAK,WEAK,Q4_Both_Weak,DROP,Stable,0.15,0.25,2754,2413,2130
RYVPX,Royce Smaller-Companies Growth Fund Service,Small Growth,Active,36.73529125886859,38.700682862518484,1.9653916036498913,WEAK,WEAK,Q4_Both_Weak,DROP,Stable,1,1,2646,2522,2131
FULVX,Fidelity US Low Volatility Equity Fund,Large Blend,Active,43.279729872525444,31.08737356497367,-12.192356307551773,WEAK,WEAK,Q4_Both_Weak,DROP,Downgraded by 2025 system,0.57,0.79,2198,2977,2132
DFITX,DFA International Real Estate Securities Port Inst,Global Real Estate,Active,28.83506148128277,46.31637666094862,17.48131517966585,WEAK,WEAK,Q4_Both_Weak,DROP,Upgraded by 2025 system,1,1,3119,2057,2133
IIVAX,Transamerica Small/Mid Cap Value A,Mid-Cap Value,Active,42.59920135146764,32.09955982695917,-10.499641524508469,WEAK,WEAK,Q4_Both_Weak,DROP,Downgraded by 2025 system,1,1,2252,2927,2134
ADGAX,AB Core Opportunities Fund A,Large Blend,Active,42.50066075476157,32.18613712609831,-10.31452362866326,WEAK,WEAK,Q4_Both_Weak,DROP,Downgraded by 2025 system,1,1,2258,2922,2135
GEND,Genter Capital Dividend Income ETF,Large Value,Active,28.80986625078376,46.306068601583114,17.496202350799354,WEAK,WEAK,Q4_Both_Weak,DROP,Upgraded by 2025 system,0.15,0.25,3121,2060,2136
IUENX,JPMorgan International Focus Fund R6,Foreign Large Blend,Active,39.14858347478996,35.960130002632724,-3.188453472157235,WEAK,WEAK,Q4_Both_Weak,DROP,Stable,1,1,2479,2705,2137
EEMO,Invesco S&P Emerging Markets Momentum ETF,Diversified Emerging Mkts,Passive,30.052631489845684,45.379014446833246,15.326382956987562,WEAK,WEAK,Q4_Both_Weak,DROP,Upgraded by 2025 system,1,1,3064,2122,2138
UIVRX,MFS Intrinsic Value Fund R6,Large Growth,Active,32.27156872852748,43.398031301337646,11.12646257281017,WEAK,WEAK,Q4_Both_Weak,DROP,Upgraded by 2025 system,0.15,0.46,2944,2244,2139
RYSPX,Rydex S&P 500 Fund H,Large Blend,Passive,34.73732844385005,40.98838420809348,6.251055764243425,WEAK,WEAK,Q4_Both_Weak,DROP,Stable,1,1,2799,2391,2140
PSCSX,PIMCO StocksPLUS Small Fund Inst,Small Blend,Active,33.95264121782219,41.83603728482909,7.883396067006899,WEAK,WEAK,Q4_Both_Weak,DROP,Stable,1,1,2849,2344,2141
INDS,Pacer Industrial Real Estate ETF,Real Estate,Passive,36.34522480523345,38.77971350977982,2.434488704546368,WEAK,WEAK,Q4_Both_Weak,DROP,Stable,0.57,0.8444,2682,2516,2142
LYRIX,Lyrical US Value Equity Fund Institutional,Mid-Cap Value,Active,34.40057380959648,41.188465570577435,6.787891760980955,WEAK,WEAK,Q4_Both_Weak,DROP,Stable,1,1,2820,2379,2143
BAIV,Brown Advisory International Value Select ETF,Foreign Large Value,Active,5.208312813946616,55.9748427672956,50.76652995334898,WEAK,WEAK,Q4_Both_Weak,DROP,Upgraded by 2025 system,0.1,0.25,3741,1460,2144
IDYN,iShares International Equity Factor Rot Actv ETF,Foreign Large Blend,Active,12.678349490430024,54.572271386430685,41.89392189600066,WEAK,WEAK,Q4_Both_Weak,DROP,Upgraded by 2025 system,0.1,0.25,3647,1554,2144
SIVIX,State Street Institutional Small-Cap Equity Inv,Small Blend,Active,40.59499515965731,34.38396487038856,-6.211030289268749,WEAK,WEAK,Q4_Both_Weak,DROP,Stable,1,1,2386,2815,2144
JENHX,Johnson Enhanced Return Fund,Large Blend,Active,33.986114363180384,41.67854110115464,7.692426737974259,WEAK,WEAK,Q4_Both_Weak,DROP,Stable,1,1,2847,2357,2145
EGLBX,Elfun International Equity Fund,Foreign Large Blend,Active,37.82786542562776,36.99921972606501,-0.828645699562756,WEAK,WEAK,Q4_Both_Weak,DROP,Stable,0.95,1,2568,2638,2146
NSCR,Nuveen Sustainable Core ETF,Large Blend,Active,32.737541197632616,42.66802443991853,9.930483242285916,WEAK,WEAK,Q4_Both_Weak,DROP,Stable,0.15,0.25,2920,2288,2147
GRFT,Tuttle Capital Government Grift ETF,Mid-Cap Growth,Active,1.2820512820512822,56.56565656565656,55.283605283605276,WEAK,WEAK,Q4_Both_Weak,DROP,Upgraded by 2025 system,0.06,0.25,3783,1431,2148
AKRE,Akre Focus ETF,Large Growth,Active,43.03178672206927,30.68168143254779,-12.35010528952148,WEAK,WEAK,Q4_Both_Weak,DROP,Downgraded by 2025 system,1,1,2221,2999,2149
HDMV,First Trust Horizon Managed Vol Dev Intl ETF,Foreign Large Value,Active,40.59671472664647,34.01612099675673,-6.580593729889735,WEAK,WEAK,Q4_Both_Weak,DROP,Stable,0.57,0.79,2385,2837,2150
KAUFX,Federated Hermes Kaufmann Fund R,Mid-Cap Growth,Active,42.673902656841655,30.962415512569642,-11.711487144272013,WEAK,WEAK,Q4_Both_Weak,DROP,Downgraded by 2025 system,1,1,2240,2982,2150
WASMX,Boston Trust Walden SMID Cap Fund,Mid-Cap Blend,Active,44.37480603486777,28.513911252613617,-15.86089478225415,WEAK,WEAK,Q4_Both_Weak,DROP,Downgraded by 2025 system,1,1,2103,3121,2151
BAFMX,Brown Advisory Mid-Cap Growth Fund Institutional,Mid-Cap Growth,Active,39.39743124003294,35.18789235841682,-4.209538881616119,WEAK,WEAK,Q4_Both_Weak,DROP,Stable,0.57,0.79,2462,2763,2152
IOLZX,ICON Equity Fund Institutional,Mid-Cap Blend,Active,41.5870474070041,32.75872090503697,-8.828326501967133,WEAK,WEAK,Q4_Both_Weak,DROP,Stable,1,1,2326,2899,2152
CHRI,Global X S&P 500 Christian Values,Large Blend,Passive,26.837699685841827,46.86165128890974,20.023951603067914,WEAK,WEAK,Q4_Both_Weak,DROP,Upgraded by 2025 system,0.15,0.5111,3207,2019,2153
NMFIX,Northern Multi-Mgr Glb Listed Infrastructure Fund,Infrastructure,Active,38.91797489991453,35.55389154959883,-3.3640833503157026,WEAK,WEAK,Q4_Both_Weak,DROP,Stable,1,1,2498,2736,2154
CALF,Pacer US Small Cap Cash Cows ETF,Small Value,Passive,26.387748363313936,46.95567668135313,20.567928318039197,WEAK,WEAK,Q4_Both_Weak,DROP,Upgraded by 2025 system,0.57,0.8444,3224,2014,2155
DMCVX,BNY Mellon Midcap Value Fund A,Mid-Cap Blend,Active,40.25334637533723,34.13609947185033,-6.117246903486901,WEAK,WEAK,Q4_Both_Weak,DROP,Stable,1,1,2410,2828,2155
MEM,Matthews Emerging Markets Equity Active ETF,Diversified Emerging Mkts,Active,33.53931239652654,41.49769100527232,7.958378608745782,WEAK,WEAK,Q4_Both_Weak,DROP,Stable,0.15,0.46,2875,2364,2156
IMANX,Allied Asset Advisors Iman Fund,Large Growth,Active,35.03622220165546,39.842475353372045,4.806253151716582,WEAK,WEAK,Q4_Both_Weak,DROP,Stable,1,1,2776,2466,2157
FKDNX,Franklin DynaTech Fund A,Large Growth,Active,36.552899138167554,37.836187305918024,1.2832881677504702,WEAK,WEAK,Q4_Both_Weak,DROP,Stable,1,1,2664,2579,2158
TWVLX,American Century Value Fund Investor,Large Value,Active,42.59101286673896,30.766322090149618,-11.824690776589339,WEAK,WEAK,Q4_Both_Weak,DROP,Downgraded by 2025 system,1,1,2253,2991,2159
SSHFX,Sound Shore Fund Investor,Large Value,Active,38.9597455866785,35.4032922448555,-3.5564533418230013,WEAK,WEAK,Q4_Both_Weak,DROP,Stable,1,1,2496,2752,2160
LYLD,Cambria LargeCap Shareholder Yield ETF,Mid-Cap Value,Active,28.53962651533502,45.564516129032256,17.024889613697237,WEAK,WEAK,Q4_Both_Weak,DROP,Upgraded by 2025 system,0.15,0.25,3138,2111,2161
CABDX,AB Relative Value Fund A,Large Value,Active,43.0079226773156,30.286701579950375,-12.721221097365223,WEAK,WEAK,Q4_Both_Weak,DROP,Downgraded by 2025 system,1,1,2222,3028,2162
AWYIX,CIBC Atlas Equity Income Fund Institutional,Large Blend,Active,43.43151380601721,29.588257534342382,-13.843256271674825,WEAK,WEAK,Q4_Both_Weak,DROP,Downgraded by 2025 system,1,1,2184,3068,2163
SPYGX,Spyglass Growth Fund Institutional,Mid-Cap Growth,Active,33.78565015933909,40.967825243008846,7.182175083669755,WEAK,WEAK,Q4_Both_Weak,DROP,Stable,0.89,0.88,2856,2397,2164
SMLL,Harbor Active Small Cap ETF,Small Blend,Active,24.136313671655447,48.23943661971831,24.103122948062865,WEAK,WEAK,Q4_Both_Weak,DROP,Upgraded by 2025 system,0.15,0.25,3315,1940,2165
MDEFX,BlackRock International Select Equity Fund A,Foreign Large Growth,Active,37.71381549954042,36.337654820507765,-1.376160679032651,WEAK,WEAK,Q4_Both_Weak,DROP,Stable,1,1,2574,2683,2166
MLPIX,ProFunds Mid-Cap Value ProFund Investor,Small Value,Passive,45.02217874780455,26.324985820760944,-18.69719292704361,WEAK,WEAK,Q4_Both_Weak,DROP,Downgraded by 2025 system,1,1,2057,3204,2167
SMRI,Bushido Capital US Equity ETF,Mid-Cap Value,Active,38.58149647623332,35.483870967741936,-3.097625508491383,WEAK,WEAK,Q4_Both_Weak,DROP,Stable,0.15,0.25,2521,2748,2168
FTAG,First Trust Indxx Global Agriculture ETF,Natural Resources,Passive,21.19241621021373,49.793427489735144,28.601011279521416,WEAK,WEAK,Q4_Both_Weak,DROP,Upgraded by 2025 system,1,1,3439,1835,2169
ACSMX,Advisors Capital Small/Mid Cap Fund,Small Growth,Active,41.68263018052505,31.447732618120504,-10.234897562404548,WEAK,WEAK,Q4_Both_Weak,DROP,Downgraded by 2025 system,0.57,0.79,2318,2957,2170
NEMIX,Neuberger Emerging Markets Equity Fund Ins,Diversified Emerging Mkts,Active,34.02906666686595,40.539101955498204,6.510035288632253,WEAK,WEAK,Q4_Both_Weak,DROP,Stable,1,1,2846,2429,2170
AIIEX,Invesco EQV International Equity Fund A,Foreign Large Growth,Active,43.733701042525766,28.315319526234127,-15.418381516291639,WEAK,WEAK,Q4_Both_Weak,DROP,Downgraded by 2025 system,1,1,2152,3129,2171
MCOW,Pacer S&P MidCap 400 Quality FCF Aristocrats ETF,Mid-Cap Blend,Passive,23.88146869128028,48.03845296618544,24.15698427490516,WEAK,WEAK,Q4_Both_Weak,DROP,Upgraded by 2025 system,0.15,0.5111,3331,1951,2172
DIDEX,Driehaus International Developed Equity Fund,Foreign Large Growth,Active,24.393559488692233,47.482014388489205,23.08845489979697,WEAK,WEAK,Q4_Both_Weak,DROP,Upgraded by 2025 system,0.15,0.25,3305,1983,2173
MFSI,MFS Active International ETF,Foreign Large Blend,Active,30.761417305041466,43.067846607669615,12.30642930262815,WEAK,WEAK,Q4_Both_Weak,DROP,Upgraded by 2025 system,0.1,0.25,3024,2268,2174
ABLD,Abacus FCF Real Assets Leaders ETF,Mid-Cap Value,Passive,30.377637057798996,43.25566658425526,12.878029526456263,WEAK,WEAK,Q4_Both_Weak,DROP,Upgraded by 2025 system,0.15,0.6222,3041,2254,2175
FPXI,First Trust International Equity Opportunities ETF,Foreign Large Growth,Passive,42.61381919058202,30.019619150378286,-12.594200040203734,WEAK,WEAK,Q4_Both_Weak,DROP,Downgraded by 2025 system,1,1,2249,3046,2175
RINT,Russell Investments International Developed Eq ETF,Foreign Large Blend,Active,14.880008135041692,52.21238938053098,37.33238124548929,WEAK,WEAK,Q4_Both_Weak,DROP,Upgraded by 2025 system,0.1,0.25,3608,1687,2175
RIFR,Russell Investments Global Infrastrctr ETF,Infrastructure,Active,20,50,30,WEAK,WEAK,Q4_Both_Weak,DROP,Upgraded by 2025 system,0.1,0.25,3469,1827,2176
CHGX,Stance Sustainable Beta ETF,Large Blend,Passive,36.43326562621816,37.2176283982084,0.7843627719902386,WEAK,WEAK,Q4_Both_Weak,DROP,Stable,0.57,0.8444,2675,2623,2177
MACGX,Morgan Stanley Inst Discovery Portfolio A,Mid-Cap Growth,Active,30.47487031337561,43.13362658388552,12.658756270509912,WEAK,WEAK,Q4_Both_Weak,DROP,Upgraded by 2025 system,1,1,3037,2261,2177
SSDSX,DWS Small Cap Growth Fund S,Small Growth,Active,35.070774094123,38.67798614242207,3.6072120482990684,WEAK,WEAK,Q4_Both_Weak,DROP,Stable,1,1,2775,2523,2177
BAFWX,Brown Advisory Sustainable Growth Fund Inst,Large Growth,Active,39.82996914290511,33.51603916979025,-6.31392997311486,WEAK,WEAK,Q4_Both_Weak,DROP,Stable,1,1,2438,2861,2178
BKDV,BNY Mellon Dynamic Value ETF,Large Value,Active,39.391257798962805,34.03693931398417,-5.354318484978634,WEAK,WEAK,Q4_Both_Weak,DROP,Stable,0.15,0.25,2463,2836,2178
FSDPX,Fidelity Select Materials Portfolio,Natural Resources,Active,39.3369594003535,34.062532662928476,-5.274426737425024,WEAK,WEAK,Q4_Both_Weak,DROP,Stable,1,1,2466,2834,2179
CVMIX,Calvert Emerging Markets Equity Fund I,Diversified Emerging Mkts,Active,37.04105124924954,36.4749517133031,-0.5660995359464422,WEAK,WEAK,Q4_Both_Weak,DROP,Stable,1,1,2624,2677,2180
FLVCX,Fidelity Leveraged Company Stock Fund,Large Blend,Active,34.15201902449261,39.75484683480363,5.60282781031102,WEAK,WEAK,Q4_Both_Weak,DROP,Stable,1,1,2833,2471,2181
USEW,Cambria US EW ETF,Large Blend,Active,16.39093794273558,51.73116089613035,35.34022295339477,WEAK,WEAK,Q4_Both_Weak,DROP,Upgraded by 2025 system,0.1,0.25,3583,1721,2181
CVLVX,Cullen Value Fund I,Large Value,Active,40.477742112024416,32.38972475474436,-8.088017357280059,WEAK,WEAK,Q4_Both_Weak,DROP,Stable,1,1,2393,2913,2182
HWSM,Hotchkis & Wiley SMID Cap Diversified Value Fund,Mid-Cap Value,Active,23.48270413047741,47.983870967741936,24.501166837264527,WEAK,WEAK,Q4_Both_Weak,DROP,Upgraded by 2025 system,0.15,0.25,3351,1955,2182
REQTX,Russell Investments Sustainable Aware Equity Fd S,Large Blend,Active,44.6095320469357,25.96341861096739,-18.646113435968307,WEAK,WEAK,Q4_Both_Weak,DROP,Downgraded by 2025 system,1,1,2089,3217,2182
CBEAX,Allspring Large Cap Value Fund A,Large Value,Active,35.165158882431996,38.33151127788344,3.1663523954514474,WEAK,WEAK,Q4_Both_Weak,DROP,Stable,1,1,2765,2543,2183
CFA,VictoryShares US 500 Volatility Wtd ETF,Large Blend,Passive,35.690123012514555,37.83406885376536,2.1439458412508046,WEAK,WEAK,Q4_Both_Weak,DROP,Stable,1,1,2728,2580,2183
MUOIX,Morgan Stanley Institutional US Core Portfolio I,Large Blend,Active,42.197546160408116,30.306550074739004,-11.890996085669112,WEAK,WEAK,Q4_Both_Weak,DROP,Downgraded by 2025 system,0.52,0.79,2283,3027,2184
DRDIX,Dearborn Partners Rising Dividend Fund I,Large Blend,Active,43.88748772195288,27.224330486889066,-16.663157235063814,WEAK,WEAK,Q4_Both_Weak,DROP,Downgraded by 2025 system,1,1,2140,3173,2185
TOLIX,DWS RREEF Global Infrastructure Fund Institutional,Infrastructure,Active,40.16692334652812,32.76303108095745,-7.403892265570676,WEAK,WEAK,Q4_Both_Weak,DROP,Stable,1,1,2416,2898,2186
VSENX,JPMorgan Small Cap Equity Fund R6,Small Blend,Active,41.75525941499379,30.628599541675417,-11.12665987331837,WEAK,WEAK,Q4_Both_Weak,DROP,Downgraded by 2025 system,0.76,0.88,2312,3003,2187
SVFFX,Smead Value Fund I1,Large Value,Active,42.54288377127634,29.61599546785823,-12.926888303418107,WEAK,WEAK,Q4_Both_Weak,DROP,Downgraded by 2025 system,1,1,2254,3065,2188
YCGEX,YCG Enhanced Fund R,Large Growth,Active,43.44453637066982,28.050785038121333,-15.39375133254849,WEAK,WEAK,Q4_Both_Weak,DROP,Downgraded by 2025 system,1,1,2182,3139,2189
THPMX,Thompson MidCap Fund,Mid-Cap Blend,Active,37.006816639297874,36.13818239149601,-0.8686342478018645,WEAK,WEAK,Q4_Both_Weak,DROP,Stable,1,1,2626,2697,2190
DRTHX,BNY Mellon Sustainable US Equity Fund Z,Large Blend,Active,38.98089490899358,34.10139605448585,-4.879498854507723,WEAK,WEAK,Q4_Both_Weak,DROP,Stable,1,1,2492,2832,2191
SCOBX,DWS International Opportunities Fund S,Foreign Large Growth,Active,37.18760783630875,35.77149873417695,-1.4161091021317986,WEAK,WEAK,Q4_Both_Weak,DROP,Stable,1,1,2613,2722,2192
CSRE,Cohen & Steers Real Estate Active ETF,Real Estate,Active,35.25302673983102,37.83783783783784,2.584811098006817,WEAK,WEAK,Q4_Both_Weak,DROP,Stable,0.15,0.25,2759,2578,2193
IFGL,iShares International Developed Real Estate ETF,Global Real Estate,Passive,25.66787107158334,45.995215692711945,20.327344621128606,WEAK,WEAK,Q4_Both_Weak,DROP,Upgraded by 2025 system,1,1,3254,2084,2194
BUIMX,Buffalo Mid Cap Growth Fund Inst,Mid-Cap Growth,Active,40.48476818317114,31.64762283279132,-8.83714535037982,WEAK,WEAK,Q4_Both_Weak,DROP,Stable,0.89,0.88,2391,2948,2195
CMIEX,Columbia Multi-Manager Intl Eq Strat Fd Inst,Foreign Large Blend,Active,39.49828517471451,32.88915505723491,-6.6091301174796016,WEAK,WEAK,Q4_Both_Weak,DROP,Stable,0.57,0.79,2455,2887,2196
YOVIX,Yorktown Small-Cap Fund Inst,Small Growth,Active,42.414007554071624,29.46823647549413,-12.945771078577494,WEAK,WEAK,Q4_Both_Weak,DROP,Downgraded by 2025 system,0.57,0.79,2269,3075,2197
WMICX,Wasatch Micro Cap Fund Investor,Small Growth,Active,37.58189953129053,35.17839120745693,-2.4035083238335986,WEAK,WEAK,Q4_Both_Weak,DROP,Stable,1,1,2584,2764,2198
WINIX,Wilmington International Fund Inst,Foreign Large Blend,Active,34.97111360209967,37.950412927373186,2.979299325273516,WEAK,WEAK,Q4_Both_Weak,DROP,Stable,1,1,2779,2571,2199
EEMHX,MFS Emerging Markets Equity Research Fund R6,Diversified Emerging Mkts,Active,37.59255282747899,35.115888527895265,-2.4766642995837245,WEAK,WEAK,Q4_Both_Weak,DROP,Stable,0.57,0.79,2583,2769,2200
TSINX,T Rowe Price Spectrum International Equity Fund I,Foreign Large Blend,Active,40.531786867778216,31.24833012450825,-9.283456743269966,WEAK,WEAK,Q4_Both_Weak,DROP,Stable,0.53,0.69,2387,2967,2201
ABCYX,American Beacon The London Company Inc Eqty Y,Large Value,Active,42.46829073145289,28.98439008371213,-13.483900647740757,WEAK,WEAK,Q4_Both_Weak,DROP,Downgraded by 2025 system,1,1,2263,3094,2202
RRESX,Russell Investments Global Real Estate Sec S,Global Real Estate,Active,40.84189265595015,30.953334675416734,-9.888557980533413,WEAK,WEAK,Q4_Both_Weak,DROP,Stable,1,1,2374,2983,2202
DRES,GMO Domestic Resilience ETF,Mid-Cap Blend,Active,9.753694581280788,52.6530612244898,42.89936664320901,WEAK,WEAK,Q4_Both_Weak,DROP,Upgraded by 2025 system,0.1,0.25,3695,1663,2203
PFSVX,iMGP Small Company Fund Inst,Small Blend,Active,39.038424195122985,33.31184874292766,-5.726575452195327,WEAK,WEAK,Q4_Both_Weak,DROP,Stable,0.57,0.79,2487,2873,2204
POGSX,Pin Oak Equity Fund,Large Blend,Active,33.19599068142138,39.83483496297847,6.638844281557091,WEAK,WEAK,Q4_Both_Weak,DROP,Stable,1,1,2892,2469,2205
NESIX,Needham Small Cap Growth Fund Institutional,Small Blend,Active,40.20227458175776,31.588474502478675,-8.613800079279088,WEAK,WEAK,Q4_Both_Weak,DROP,Stable,0.84,0.88,2412,2951,2206
FVALX,Forester Value Fund N,Large Value,Active,45.29224818279637,22.941985944428772,-22.3502622383676,WEAK,WEAK,Q4_Both_Weak,DROP,Downgraded by 2025 system,1,1,2033,3332,2207
CHDVX,Cullen High Dividend Equity Fund I,Large Value,Active,42.35045941934812,29.031412859208405,-13.319046560139714,WEAK,WEAK,Q4_Both_Weak,DROP,Downgraded by 2025 system,1,1,2276,3090,2208
JDVI,John Hancock Disciplined Value Internatl Sel ETF,Foreign Large Value,Active,26.01821756751334,45.28301886792453,19.264801300411193,WEAK,WEAK,Q4_Both_Weak,DROP,Upgraded by 2025 system,0.15,0.25,3239,2131,2209
SQLV,Royce Quant Small-Cap Quality Value ETF,Small Value,Active,33.79101778724117,38.76565704682223,4.9746392595810605,WEAK,WEAK,Q4_Both_Weak,DROP,Stable,0.57,0.79,2855,2517,2210
BGLYX,Brookfield Global Listed Infrastructure Fund I,Infrastructure,Active,40.68968463706835,30.757405731691467,-9.932278905376887,WEAK,WEAK,Q4_Both_Weak,DROP,Stable,1,1,2381,2992,2211
RMBTX,RMB International Fund I,Foreign Large Blend,Active,41.48466576480846,30.154632794250425,-11.330032970558037,WEAK,WEAK,Q4_Both_Weak,DROP,Downgraded by 2025 system,0.57,0.79,2337,3037,2212
SEECX,Steward Values Enhanced Large Cap Fund Inst,Large Blend,Active,36.315941114331785,36.271312723614294,-0.044628390717491584,WEAK,WEAK,Q4_Both_Weak,DROP,Stable,1,1,2686,2688,2212
JOET,Virtus Terranova US Quality Momentum ETF,Large Blend,Passive,32.99224275682942,39.64091939261847,6.648676635789052,WEAK,WEAK,Q4_Both_Weak,DROP,Stable,0.57,0.8444,2901,2476,2213
BIAFX,Brown Advisory Flexible Equity Fund Investor,Large Blend,Active,35.4235283330616,37.102603735032005,1.6790754019704082,WEAK,WEAK,Q4_Both_Weak,DROP,Stable,1,1,2747,2632,2214
SJVIX,Steward Large Cap Value Fund Institutional,Large Value,Active,34.062773652897995,38.37710090818606,4.314327255288063,WEAK,WEAK,Q4_Both_Weak,DROP,Stable,0.15,0.46,2842,2537,2214
WCMLX,WCM Small Cap Growth Fund Institutional,Small Growth,Active,36.770217738712255,35.52671972254516,-1.243498016167095,WEAK,WEAK,Q4_Both_Weak,DROP,Stable,0.57,0.79,2642,2739,2215
KCRIX,Knights of Columbus Real Estate Fund I,Real Estate,Active,42.508334168793176,28.421993778243763,-14.086340390549413,WEAK,WEAK,Q4_Both_Weak,DROP,Downgraded by 2025 system,0.57,0.79,2256,3126,2216
FEFAX,First Eagle Rising Dividend Fund A,Large Value,Active,32.37712837915738,40.208361479158505,7.831233100001128,WEAK,WEAK,Q4_Both_Weak,DROP,Stable,1,1,2937,2446,2217
QUIZ,Zacks Quality International ETF,Foreign Large Blend,Active,23.995160658295003,46.312684365781706,22.317523707486703,WEAK,WEAK,Q4_Both_Weak,DROP,Upgraded by 2025 system,0.15,0.25,3324,2059,2217
FRDPX,Franklin Rising Dividends Fund A,Large Blend,Active,42.43503675384157,28.58086656996844,-13.854170183873133,WEAK,WEAK,Q4_Both_Weak,DROP,Downgraded by 2025 system,1,1,2267,3118,2218
GMOV,GMO US Value ETF,Large Value,Active,32.120230326075685,40.369393139841684,8.249162813765999,WEAK,WEAK,Q4_Both_Weak,DROP,Stable,0.15,0.25,2948,2437,2218
TORYX,Torray Equity Income Fund,Large Value,Active,37.27622126980471,34.79444047105163,-2.4817807987530784,WEAK,WEAK,Q4_Both_Weak,DROP,Stable,1,1,2603,2786,2219
NURE,Nuveen Short-Term REIT ETF,Real Estate,Passive,29.5540006368762,42.313541433380735,12.759540796504535,WEAK,WEAK,Q4_Both_Weak,DROP,Upgraded by 2025 system,0.57,0.8444,3082,2308,2220
AIMS,Acuitas Small Cap Active ETF,Small Blend,Active,9.700374531835207,52.112676056338024,42.412301524502816,WEAK,WEAK,Q4_Both_Weak,DROP,Upgraded by 2025 system,0.1,0.25,3696,1697,2221
BIGIX,William Blair International Growth Fund I,Foreign Large Growth,Active,37.913527129818924,34.07455903777515,-3.838968092043771,WEAK,WEAK,Q4_Both_Weak,DROP,Stable,1,1,2562,2833,2222
DWGAX,American Funds Dev World Gro and Income Fd A,Diversified Emerging Mkts,Active,39.56795153592118,31.784054667824247,-7.783896868096935,WEAK,WEAK,Q4_Both_Weak,DROP,Stable,1,1,2453,2943,2223
PDIAX,Virtus KAR Equity Income Fund A,Large Value,Active,43.71265942034211,25.398611535411447,-18.314047884930666,WEAK,WEAK,Q4_Both_Weak,DROP,Downgraded by 2025 system,1,1,2157,3240,2224
PAMC,Pacer Lunt MidCap Multi-Factor Alternator ETF,Mid-Cap Blend,Passive,39.0881948021016,32.34340194520994,-6.744792856891657,WEAK,WEAK,Q4_Both_Weak,DROP,Stable,0.57,0.8444,2481,2918,2225
RLESX,Russell Investments US Small Cap Equity Fund S,Small Blend,Active,40.27375448576028,30.727215204549985,-9.546539281210293,WEAK,WEAK,Q4_Both_Weak,DROP,Stable,1,1,2405,2996,2226
LIT,Global X Lithium & Battery Tech ETF,Natural Resources,Passive,43.53789282109782,25.727151530287166,-17.810741290810654,WEAK,WEAK,Q4_Both_Weak,DROP,Downgraded by 2025 system,1,1,2174,3228,2227
BASVX,Brown Advisory Sustainable Value Fund Inst,Large Value,Active,32.91932058643129,39.295786432509004,6.376465846077714,WEAK,WEAK,Q4_Both_Weak,DROP,Stable,0.15,0.46,2908,2497,2228
LAVLX,Lord Abbett Mid Cap Stock Fund A,Mid-Cap Value,Active,38.47103671137285,33.305658340868426,-5.1653783705044205,WEAK,WEAK,Q4_Both_Weak,DROP,Stable,1,1,2531,2874,2228
EDOW,First Trust Dow 30 Equal Weight ETF,Large Value,Passive,34.701877974854625,37.47341517361493,2.7715371987603064,WEAK,WEAK,Q4_Both_Weak,DROP,Stable,0.57,0.8444,2800,2607,2229
STAFX,Allspring Large Cap Growth Fund A,Large Growth,Active,35.88711851845241,36.19884406450807,0.31172554605566205,WEAK,WEAK,Q4_Both_Weak,DROP,Stable,1,1,2712,2695,2229
CZMVX,Columbia Multi-Manager Value Strategies I,Large Value,Active,39.052324672751325,32.11043002490215,-6.941894647849175,WEAK,WEAK,Q4_Both_Weak,DROP,Stable,0.89,0.88,2484,2925,2230
VUSE,Vident US Equity Strategy ETF,Large Blend,Passive,38.80299501654687,32.62581162016984,-6.177183396377032,WEAK,WEAK,Q4_Both_Weak,DROP,Stable,1,1,2506,2906,2231
PLVIX,Principal LargeCap Value Fund III Inst,Large Value,Active,40.261350824269755,30.612684564650365,-9.64866625961939,WEAK,WEAK,Q4_Both_Weak,DROP,Stable,1,1,2408,3005,2232
VUSV,Vanguard Wellington US Value Active ETF,Large Value,Active,8.752899062216397,51.84696569920845,43.09406663699205,WEAK,WEAK,Q4_Both_Weak,DROP,Upgraded by 2025 system,0.1,0.25,3701,1712,2232
EIISX,Parametric International Equity Fund I,Foreign Large Blend,Active,37.26547117784607,34.38912945735279,-2.8763417204932793,WEAK,WEAK,Q4_Both_Weak,DROP,Stable,1,1,2605,2812,2233
VMAX,Hartford US Value ETF,Large Value,Passive,17.947211858424925,48.9642180148416,31.017006156416674,WEAK,WEAK,Q4_Both_Weak,DROP,Upgraded by 2025 system,0.1,0.5111,3537,1887,2234
CPAI,Counterpoint Quantitative Equity ETF,Mid-Cap Blend,Active,36.3389365700066,35.51020408163265,-0.8287324883739515,WEAK,WEAK,Q4_Both_Weak,DROP,Stable,0.15,0.25,2683,2742,2235
BELT,iShares US Select Equity Active ETF,Large Growth,Active,24.986118943206222,44.927536231884055,19.941417288677833,WEAK,WEAK,Q4_Both_Weak,DROP,Upgraded by 2025 system,0.15,0.25,3280,2150,2236
TGRW,T Rowe Price Growth Stock ETF,Large Growth,Active,28.24623409277206,42.71523079337632,14.468996700604261,WEAK,WEAK,Q4_Both_Weak,DROP,Upgraded by 2025 system,0.57,0.79,3152,2285,2237
ADVLX,Vaughan Nelson International Fund Inst,Foreign Large Blend,Active,33.45680787400179,38.13615693552927,4.679349061527482,WEAK,WEAK,Q4_Both_Weak,DROP,Stable,1,1,2880,2558,2238
HUSEX,Huber Small Cap Value Fund Institutional,Small Value,Active,41.29697490757334,29.155634065554704,-12.14134084201864,WEAK,WEAK,Q4_Both_Weak,DROP,Downgraded by 2025 system,1,1,2352,3087,2239
PSECX,1789 Growth and Income Fund C,Large Value,Active,39.08201625769718,31.435661358609075,-7.646354899088102,WEAK,WEAK,Q4_Both_Weak,DROP,Stable,1,1,2482,2959,2240
GABVX,Gabelli Value 25 Fund A,Mid-Cap Value,Active,35.191721818864934,36.456954122400994,1.2652323035360595,WEAK,WEAK,Q4_Both_Weak,DROP,Stable,1,1,2764,2678,2241
RSHO,Tema American Reshoring ETF,Mid-Cap Blend,Active,36.15831259627919,35.51020408163265,-0.6481085146465375,WEAK,WEAK,Q4_Both_Weak,DROP,Stable,0.15,0.25,2700,2742,2241
LMNOX,Patient Opportunity Trust I,Mid-Cap Value,Active,34.686789919319565,36.911777571654795,2.22498765233523,WEAK,WEAK,Q4_Both_Weak,DROP,Stable,1,1,2803,2643,2242
IVSS,Applied Finance IVS US SMID ETF,Mid-Cap Blend,Active,22.088263673759585,46.53061224489796,24.442348571138375,WEAK,WEAK,Q4_Both_Weak,DROP,Upgraded by 2025 system,0.15,0.25,3407,2042,2243
EMRGX,"Emerging Markets Equities Fund, Inc. M",Diversified Emerging Mkts,Active,36.48910810428916,35.00103581983963,-1.4880722844495295,WEAK,WEAK,Q4_Both_Weak,DROP,Stable,1,1,2672,2778,2244
MGNR,American Beacon GLG Natural Resources ETF,Natural Resources,Active,40.50482218203737,29.7029702970297,-10.801851885007672,WEAK,WEAK,Q4_Both_Weak,DROP,Downgraded by 2025 system,0.15,0.25,2390,3060,2244
GSCGX,Goldman Sachs Large Cap Equity Fund A,Large Blend,Active,41.841866162319704,27.86870344698596,-13.973162715333743,WEAK,WEAK,Q4_Both_Weak,DROP,Downgraded by 2025 system,1,1,2306,3145,2245
WCMWX,WCM Focused Emerging Markets ex China Fund Inst,Diversified Emerging Mkts,Active,19.442033921897178,47.808500459794104,28.366466537896926,WEAK,WEAK,Q4_Both_Weak,DROP,Upgraded by 2025 system,0.15,0.46,3485,1967,2246
XSHD,Invesco S&P SmallCap High Div Low Vol ETF,Small Value,Passive,16.733769377728734,49.18261606155288,32.448846683824144,WEAK,WEAK,Q4_Both_Weak,DROP,Upgraded by 2025 system,0.57,0.8444,3578,1874,2246
KNGZ,First Trust S&P 500 Diversified Dv Aristocrats ETF,Large Value,Passive,31.170508969056502,39.86466534734719,8.694156378290689,WEAK,WEAK,Q4_Both_Weak,DROP,Stable,0.57,0.8444,2995,2465,2247
TFFYX,Touchstone Focused Fund Y,Large Blend,Active,41.31375234775233,28.652627850263467,-12.66112449748886,WEAK,WEAK,Q4_Both_Weak,DROP,Downgraded by 2025 system,1,1,2350,3112,2248
MFSV,MFS Active Value ETF,Large Value,Active,26.275671406003166,43.53562005277045,17.25994864676728,WEAK,WEAK,Q4_Both_Weak,DROP,Upgraded by 2025 system,0.1,0.25,3230,2234,2249
VNSYX,Natixis Vaughan Nelson Select Fund Y,Large Blend,Active,41.549109664483616,28.21881766452329,-13.330291999960327,WEAK,WEAK,Q4_Both_Weak,DROP,Downgraded by 2025 system,1,1,2331,3133,2249
TILCX,T Rowe Price Large-Cap Value Fund I,Large Value,Active,40.52389867033452,29.460188603751654,-11.063710066582864,WEAK,WEAK,Q4_Both_Weak,DROP,Downgraded by 2025 system,1,1,2389,3076,2250
BRSIX,Bridgeway Ultra-Small Company Market Fund,Small Value,Active,27.693916172047885,42.67830192519284,14.984385753144956,WEAK,WEAK,Q4_Both_Weak,DROP,Upgraded by 2025 system,1,1,3179,2287,2251
BUSA,Brandes US Value ETF,Large Value,Active,36.942544590443205,34.03693931398417,-2.9056052764590348,WEAK,WEAK,Q4_Both_Weak,DROP,Stable,0.15,0.25,2630,2836,2251
HWMIX,Hotchkis & Wiley Mid-Cap Value Fund I,Mid-Cap Value,Active,38.5776860933987,31.702765587883043,-6.874920505515654,WEAK,WEAK,Q4_Both_Weak,DROP,Stable,1,1,2522,2944,2251
VNUYX,Vontobel U.S. Equity Fund Y,Large Blend,Active,38.14144054791338,32.35319027570487,-5.788250272208515,WEAK,WEAK,Q4_Both_Weak,DROP,Stable,0.57,0.79,2551,2916,2252
CGVV,Capital Group US Large Value ETF,Large Value,Active,14.328089812107155,49.6042216358839,35.27613182377675,WEAK,WEAK,Q4_Both_Weak,DROP,Upgraded by 2025 system,0.1,0.25,3618,1851,2253
AMKIX,American Century Emerging Markets Fund I,Diversified Emerging Mkts,Active,33.31726371138943,37.787809737230944,4.470546025841514,WEAK,WEAK,Q4_Both_Weak,DROP,Stable,1,1,2886,2585,2254
NSDVX,North Star Dividend I,Small Value,Active,42.50462268120625,26.0369069154143,-16.46771576579195,WEAK,WEAK,Q4_Both_Weak,DROP,Downgraded by 2025 system,1,1,2257,3215,2255
MNRGX,Manor Growth Fund,Large Blend,Active,37.87218916107864,32.56323545428135,-5.30895370679729,WEAK,WEAK,Q4_Both_Weak,DROP,Stable,1,1,2565,2908,2256
MPMCX,BNY Mellon Mid Cap Multi-Strategy Fund M,Mid-Cap Blend,Active,38.77257589115287,31.285108267178014,-7.4874676239748545,WEAK,WEAK,Q4_Both_Weak,DROP,Stable,1,1,2509,2964,2256
ARVIX,Arga International Value Fund Inst,Foreign Large Value,Active,32.95343588770818,38.017461626747796,5.064025739039614,WEAK,WEAK,Q4_Both_Weak,DROP,Stable,0.15,0.46,2906,2568,2257
PVIVX,Paradigm Micro-Cap Fund,Small Blend,Active,40.635104972122036,29.000310563111313,-11.634794409010723,WEAK,WEAK,Q4_Both_Weak,DROP,Downgraded by 2025 system,1,1,2383,3091,2257
NSEIX,Nicholas Equity Income Fund,Large Value,Active,41.6823635042088,27.584363815601602,-14.0979996886072,WEAK,WEAK,Q4_Both_Weak,DROP,Downgraded by 2025 system,1,1,2319,3159,2258
GSCYX,GuideStone Small Cap Equity Fund Inst,Small Blend,Active,40.167343155323515,29.570433243824894,-10.59690991149862,WEAK,WEAK,Q4_Both_Weak,DROP,Downgraded by 2025 system,0.95,1,2415,3071,2259
KAT,Scharf ETF,Large Blend,Active,41.34596988918687,27.899878449465774,-13.446091439721094,WEAK,WEAK,Q4_Both_Weak,DROP,Downgraded by 2025 system,1,1,2346,3144,2260
AIQQX,Aristotle Value Equity Fund I-2,Large Blend,Active,41.45639003450344,27.683920533418732,-13.77246950108471,WEAK,WEAK,Q4_Both_Weak,DROP,Downgraded by 2025 system,0.57,0.79,2340,3154,2261
INVN,Alger Russell Innovation ETF,Mid-Cap Blend,Passive,25.29429688690265,43.64184577601904,18.34754888911639,WEAK,WEAK,Q4_Both_Weak,DROP,Upgraded by 2025 system,0.15,0.5111,3269,2227,2262
PCSGX,PACE Small/Medium Co Growth Equity Inv P,Small Growth,Active,38.99215367273852,30.5704170782517,-8.421736594486816,WEAK,WEAK,Q4_Both_Weak,DROP,Stable,1,1,2490,3007,2263
BRSYX,MFS Blended Research Small Cap Equity Fund R6,Small Blend,Active,35.1038342787086,35.67930542559259,0.5754711468839915,WEAK,WEAK,Q4_Both_Weak,DROP,Stable,1,1,2773,2728,2264
BINIX,Baron International Growth Fund Institutional,Foreign Large Growth,Active,39.72816841300178,29.687321302812357,-10.040847110189425,WEAK,WEAK,Q4_Both_Weak,DROP,Downgraded by 2025 system,1,1,2442,3062,2265
BLSKX,BlackRock Advantage Emerging Markets Fd K,Diversified Emerging Mkts,Active,35.83134571636305,34.75402115354188,-1.0773245628211754,WEAK,WEAK,Q4_Both_Weak,DROP,Stable,0.76,0.88,2718,2788,2266
MEMS,Matthews Emerging Markets Discovery Active ETF,Diversified Emerging Mkts,Active,27.793263630481697,41.91616766467065,14.122904034188956,WEAK,WEAK,Q4_Both_Weak,DROP,Upgraded by 2025 system,0.15,0.25,3172,2334,2266
BFTIX,Baron Fifth Avenue Growth Fund Institutional,Large Growth,Active,27.613601405014425,41.95193011505398,14.338328710039558,WEAK,WEAK,Q4_Both_Weak,DROP,Upgraded by 2025 system,1,1,3182,2330,2267
GSMYX,Goldman Sachs Small/Mid Cap Growth Fund Inst,Mid-Cap Growth,Active,37.614343160542305,32.040509823440104,-5.573833337102201,WEAK,WEAK,Q4_Both_Weak,DROP,Stable,1,1,2581,2931,2267
FMQQ,FMQQ The Next Frontier Internet ETF,Diversified Emerging Mkts,Passive,36.03685439488335,34.41416844346263,-1.6226859514207206,WEAK,WEAK,Q4_Both_Weak,DROP,Stable,0.15,0.6222,2705,2808,2268
SAWG,AAM Sawgrass US Large Cap Quality Growth ETF,Large Blend,Active,29.0618264611739,40.73319755600815,11.67137109483425,WEAK,WEAK,Q4_Both_Weak,DROP,Upgraded by 2025 system,0.15,0.25,3106,2413,2269
USSE,Segall Bryant & Hamill Select Equity ETF,Large Blend,Active,38.52636080717636,30.75356415478615,-7.772796652390209,WEAK,WEAK,Q4_Both_Weak,DROP,Stable,0.15,0.25,2526,2993,2269
WMVYX,WCM Mid Cap Quality Value Fund Y,Mid-Cap Blend,Active,31.327171465813485,38.36734693877551,7.0401754729620265,WEAK,WEAK,Q4_Both_Weak,DROP,Stable,0.15,0.25,2985,2538,2270
GTSCX,Glenmede Small Cap Equity Portfolio Institutional,Small Blend,Active,35.77980219503274,34.53069686591575,-1.2491053291169862,WEAK,WEAK,Q4_Both_Weak,DROP,Stable,1,1,2723,2801,2271
TBG,TBG Dividend Focus ETF,Large Value,Active,35.67357395539199,34.696569920844325,-0.9770040345476616,WEAK,WEAK,Q4_Both_Weak,DROP,Stable,0.15,0.25,2730,2794,2271
EPEM,Harbor Emerging Markets Equity ETF,Diversified Emerging Mkts,Active,19.99021045920248,46.40718562874252,26.416975169540038,WEAK,WEAK,Q4_Both_Weak,DROP,Upgraded by 2025 system,0.15,0.25,3473,2053,2272
GUSE,Goldman Sachs Enhanced US Equity ETF,Large Blend,Active,28.176293525764674,41.271921626728236,13.095628100963562,WEAK,WEAK,Q4_Both_Weak,DROP,Upgraded by 2025 system,1,1,3155,2372,2273
GTDDX,Invesco Emerging Markets ex-China Fund A,Diversified Emerging Mkts,Active,40.078448026226646,28.857394677110765,-11.22105334911588,WEAK,WEAK,Q4_Both_Weak,DROP,Downgraded by 2025 system,1,1,2425,3103,2274
LEGR,First Trust Indxx Innovative Transactn & Proc ETF,Large Value,Passive,43.309902820019424,22.870835453712466,-20.439067366306958,WEAK,WEAK,Q4_Both_Weak,DROP,Downgraded by 2025 system,0.57,0.8444,2194,3334,2274
VTRIX,Vanguard International Value Fund Investor,Foreign Large Value,Active,34.98140045834545,35.41188001092769,0.43047955258224135,WEAK,WEAK,Q4_Both_Weak,DROP,Stable,1,1,2777,2751,2274
DCUSX,DWS CROCI US Fund S,Large Value,Active,34.05649744711894,36.31395328834023,2.2574558412212866,WEAK,WEAK,Q4_Both_Weak,DROP,Stable,1,1,2844,2685,2275
DSEEX,DoubleLine Shiller Enhanced CAPE I,Large Value,Active,38.020749371371785,31.209373755040033,-6.811375616331752,WEAK,WEAK,Q4_Both_Weak,DROP,Stable,1,1,2558,2971,2275
FEX,First Trust Large Cap Core AlphaDEX Fund,Large Blend,Passive,38.37721578576916,30.787694382178326,-7.589521403590833,WEAK,WEAK,Q4_Both_Weak,DROP,Stable,1,1,2539,2990,2275
NPFE,NPF Core Equity ETF,Large Blend,Active,22.1870545730145,45.31568228105906,23.12862770804456,WEAK,WEAK,Q4_Both_Weak,DROP,Upgraded by 2025 system,0.1,0.25,3403,2128,2276
PXSGX,Virtus KAR Small-Cap Growth Fund I,Small Growth,Active,43.13480889643257,23.31061101843546,-19.824197877997108,WEAK,WEAK,Q4_Both_Weak,DROP,Downgraded by 2025 system,1,1,2209,3324,2277
BILT,iShares Infrastructure Active ETF,Infrastructure,Active,15.106382978723405,48.4375,33.3311170212766,WEAK,WEAK,Q4_Both_Weak,DROP,Upgraded by 2025 system,0.1,0.25,3605,1929,2278
BIIGX,Buffalo Growth Fund Instl,Large Growth,Active,36.62216088484515,33.17732071256585,-3.4448401722792994,WEAK,WEAK,Q4_Both_Weak,DROP,Stable,0.89,0.88,2658,2878,2279
REMX,VanEck Rare Earth and Strategic Metals ETF,Natural Resources,Passive,37.05534744960387,32.383488228340674,-4.6718592212631975,WEAK,WEAK,Q4_Both_Weak,DROP,Stable,0.95,1,2623,2914,2280
ARILX,Aristotle Core Equity Fund I,Large Blend,Active,38.455325070346234,30.608834407995555,-7.8464906623506785,WEAK,WEAK,Q4_Both_Weak,DROP,Stable,0.34,0.5,2533,3006,2281
TXUE,Thornburg International Equity ETF,Foreign Large Blend,Active,30.595746252169192,38.93805309734513,8.34230684517594,WEAK,WEAK,Q4_Both_Weak,DROP,Stable,0.15,0.25,3031,2510,2282
TSCGX,Thrivent Small Cap Growth Fund S,Small Growth,Active,34.595145820761715,35.595389971922415,1.0002441511607003,WEAK,WEAK,Q4_Both_Weak,DROP,Stable,0.57,0.79,2809,2734,2283
MWMZX,VanEck Morningstar Wide Moat Fund Z,Large Blend,Passive,39.59005757319354,28.952949452926784,-10.637108120266756,WEAK,WEAK,Q4_Both_Weak,DROP,Downgraded by 2025 system,0.57,0.8444,2451,3096,2284
BDIV,AAM Brentview Dividend Growth ETF,Large Value,Active,27.618561125006728,41.42480211081794,13.806240985811215,WEAK,WEAK,Q4_Both_Weak,DROP,Upgraded by 2025 system,0.15,0.25,3181,2367,2285
CRISX,CRM Small Cap Value Fund Institutional,Small Blend,Active,37.162695444559255,32.027289541515216,-5.135405903044038,WEAK,WEAK,Q4_Both_Weak,DROP,Stable,1,1,2616,2932,2285
FFEFX,Nuveen Dividend Value Fund R6,Large Value,Active,37.30286215054041,31.598923620882292,-5.703938529658121,WEAK,WEAK,Q4_Both_Weak,DROP,Stable,1,1,2599,2950,2286
BEGIX,Sterling Capital Equity Income Fund Institutional,Large Value,Active,41.11716647598806,26.949913235599997,-14.16725324038806,WEAK,WEAK,Q4_Both_Weak,DROP,Downgraded by 2025 system,1,1,2365,3185,2287
MDFOX,BlackRock Large Cap Focus Growth Fund A,Large Growth,Active,31.85167105695983,37.81195619495975,5.960285137999918,WEAK,WEAK,Q4_Both_Weak,DROP,Stable,1,1,2968,2583,2288
BMDIX,Baird Mid Cap Growth Fund Institutional,Mid-Cap Growth,Active,39.24326831230145,29.269155848047255,-9.974112464254198,WEAK,WEAK,Q4_Both_Weak,DROP,Stable,1,1,2472,3082,2289
ABIG,Argent Large Cap ETF,Large Blend,Active,28.456096000391568,40.73319755600815,12.277101555616582,WEAK,WEAK,Q4_Both_Weak,DROP,Upgraded by 2025 system,0.15,0.25,3142,2413,2290
CFVLX,Commerce Value Fund,Large Value,Active,41.224474586417735,26.591517637140242,-14.632956949277492,WEAK,WEAK,Q4_Both_Weak,DROP,Downgraded by 2025 system,1,1,2358,3197,2290
TRREX,T Rowe Price Real Estate Fund,Real Estate,Active,37.37503723517289,31.257552633636386,-6.117484601536503,WEAK,WEAK,Q4_Both_Weak,DROP,Stable,1,1,2595,2965,2291
AFAZX,Applied Finance Dividend Fund Institutional,Large Value,Active,40.41450901796432,27.468412983526424,-12.946096034437897,WEAK,WEAK,Q4_Both_Weak,DROP,Downgraded by 2025 system,1,1,2396,3165,2292
GABEX,Gabelli Equity Income Fund AAA,Large Value,Active,41.618986046852925,25.487833319992394,-16.13115272686053,WEAK,WEAK,Q4_Both_Weak,DROP,Downgraded by 2025 system,1,1,2325,3239,2293
SPHD,Invesco S&P 500 High Div Low Volatility ETF,Large Value,Passive,33.72427456841257,36.01082827011134,2.2865537016987716,WEAK,WEAK,Q4_Both_Weak,DROP,Stable,1,1,2864,2702,2294
DVOL,First Trust Dorsey Wright Momentum & Low Vol ETF,Large Blend,Passive,41.90377472723696,24.813631696803537,-17.09014303043342,WEAK,WEAK,Q4_Both_Weak,DROP,Downgraded by 2025 system,0.57,0.8444,2301,3268,2295
EMDV,ProShares MSCI Emerging Markets Dividend Grwrs ETF,Diversified Emerging Mkts,Passive,28.45160609260619,40.60308795928884,12.151481866682651,WEAK,WEAK,Q4_Both_Weak,DROP,Upgraded by 2025 system,1,1,3143,2426,2295
NCEGX,North Country Large Cap Equity Fund,Large Blend,Active,36.53716685070536,32.65724068135158,-3.87992616935378,WEAK,WEAK,Q4_Both_Weak,DROP,Stable,1,1,2666,2903,2295
OAKI,Oakmark International Large Cap ETF,Foreign Large Value,Active,6.754653796907317,49.685534591194966,42.930880794287646,WEAK,WEAK,Q4_Both_Weak,DROP,Upgraded by 2025 system,0.1,0.25,3724,1845,2295
BGIKX,Baillie Gifford International Alpha Fund K,Foreign Large Growth,Active,30.430986085969785,38.4595560459115,8.028569959941713,WEAK,WEAK,Q4_Both_Weak,DROP,Stable,0.57,0.79,3039,2532,2296
HISIX,Homestead International Equity Fund,Foreign Large Blend,Active,42.13775828676384,24.35955831872146,-17.77819996804238,WEAK,WEAK,Q4_Both_Weak,DROP,Downgraded by 2025 system,1,1,2287,3284,2296
IRET,iREIT MarketVector Quality REIT Index ETF,Real Estate,Passive,26.743315042243704,41.587050188184406,14.843735145940702,WEAK,WEAK,Q4_Both_Weak,DROP,Upgraded by 2025 system,0.15,0.5111,3210,2361,2296
DTRE,First Trust Alerian Disruptive Technology Real Est,Global Real Estate,Passive,24.165279056010675,43.18733278636043,19.022053730349754,WEAK,WEAK,Q4_Both_Weak,DROP,Upgraded by 2025 system,1,1,3314,2260,2297
LKEQX,LKCM Equity Fund Institutional,Large Blend,Active,41.55552158901325,25.339603918626448,-16.215917670386805,WEAK,WEAK,Q4_Both_Weak,DROP,Downgraded by 2025 system,1,1,2330,3245,2298
BEQGX,American Century Disciplined Core Equity Fund Inv,Large Blend,Active,35.40366941965478,34.167421704612416,-1.2362477150423672,WEAK,WEAK,Q4_Both_Weak,DROP,Stable,1,1,2752,2824,2299
HCMAX,Hillman Value Fund No Load,Large Value,Active,41.51205444530073,25.38175616037077,-16.130298284929957,WEAK,WEAK,Q4_Both_Weak,DROP,Downgraded by 2025 system,1,1,2335,3241,2299
SENAX,Allspring Mid Cap Growth Fund A,Mid-Cap Growth,Active,31.25223571132358,37.748565081285015,6.496329369961437,WEAK,WEAK,Q4_Both_Weak,DROP,Stable,1,1,2990,2586,2299
MUIFX,Nationwide Fund Institutional Service,Large Blend,Active,37.97921864516678,30.33953693426096,-7.639681710905823,WEAK,WEAK,Q4_Both_Weak,DROP,Stable,1,1,2560,3024,2300
LP40216454,John Hancock International Strat Eqty Alloc NAV,Foreign Large Blend,Active,34.48291540624672,35.07931856313646,0.5964031568897425,WEAK,WEAK,Q4_Both_Weak,DROP,Stable,0.57,0.79,2816,2773,2301
HFSIX,Hartford Schroders Internatl Contrarian Val Fd I,Foreign Large Value,Active,27.79154248637817,40.70635205454422,12.91480956816605,WEAK,WEAK,Q4_Both_Weak,DROP,Upgraded by 2025 system,0.15,0.46,3173,2417,2302
SSCVX,Columbia Select Small Cap Value Fund A,Small Value,Active,36.19769901528487,32.79034334315433,-3.407355672130535,WEAK,WEAK,Q4_Both_Weak,DROP,Stable,1,1,2697,2894,2303
RYVFX,Royce Small-Cap Value Fund Service,Small Value,Active,35.14254637258034,34.15890405075835,-0.9836423218219892,WEAK,WEAK,Q4_Both_Weak,DROP,Stable,1,1,2767,2825,2304
DESK,VanEck Office and Commercial REIT ETF,Real Estate,Passive,18.31460674157303,46.14562577700574,27.83101903543271,WEAK,WEAK,Q4_Both_Weak,DROP,Upgraded by 2025 system,0.1,0.5111,3520,2074,2305
IWC,iShares Micro-Cap ETF,Small Blend,Passive,32.64994689063995,36.53409203272566,3.884145142085707,WEAK,WEAK,Q4_Both_Weak,DROP,Stable,1,1,2924,2670,2305
HUMEX,Huber Mid Cap Value Fund Inst,Small Value,Active,35.60120558568146,33.675707689325044,-1.9254978963564184,WEAK,WEAK,Q4_Both_Weak,DROP,Stable,1,1,2738,2857,2306
MDFGX,BlackRock Capital Appreciation Fund Inv A,Large Growth,Active,32.035541889038235,36.88588708252379,4.850345193485552,WEAK,WEAK,Q4_Both_Weak,DROP,Stable,1,1,2953,2645,2307
PZINX,Pzena International Value Fund Institutional,Foreign Large Value,Active,33.028552042636555,36.06910452655634,3.0405524839197824,WEAK,WEAK,Q4_Both_Weak,DROP,Stable,0.15,0.46,2900,2699,2308
SDSCX,BNY Mellon Small/Mid Cap Growth Fund I,Mid-Cap Growth,Active,30.14325982347138,38.32858798478126,8.18532816130988,WEAK,WEAK,Q4_Both_Weak,DROP,Stable,1,1,3055,2544,2308
RSDGX,Victory RS Select Growth Fund A,Mid-Cap Growth,Active,34.9178482723989,34.28423981432529,-0.6336084580736099,WEAK,WEAK,Q4_Both_Weak,DROP,Stable,1,1,2781,2821,2309
LGH,HCM Defender 500 Index ETF,Large Blend,Passive,44.74226105849176,14.699355956088919,-30.042905102402845,WEAK,WEAK,Q4_Both_Weak,DROP,Downgraded by 2025 system,0.57,0.8444,2078,3527,2310
FTIF,First Trust Bloomberg Inflation Sensitive Eqty ETF,Mid-Cap Value,Passive,30.95424293804861,37.606568227303526,6.652325289254918,WEAK,WEAK,Q4_Both_Weak,DROP,Stable,0.15,0.5111,3009,2597,2311
JENSX,Jensen Quality Growth Fund J,Large Blend,Active,41.82722847208843,24.00164109393002,-17.82558737815841,WEAK,WEAK,Q4_Both_Weak,DROP,Downgraded by 2025 system,1,1,2308,3299,2312
NMMGX,Northern Multi-Manager Global Real Estate Fund,Global Real Estate,Active,38.7927300188697,28.936387694164956,-9.856342324704741,WEAK,WEAK,Q4_Both_Weak,DROP,Stable,1,1,2507,3100,2312
WCMOX,WCM Focused Internatl Opp Instl,Foreign Large Growth,Active,26.8559488692232,40.92198001046542,14.066031141242217,WEAK,WEAK,Q4_Both_Weak,DROP,Upgraded by 2025 system,0.15,0.46,3205,2402,2312
PROVX,Provident Trust Strategy Fund,Large Blend,Active,40.10282288747626,26.944026595697927,-13.15879629177833,WEAK,WEAK,Q4_Both_Weak,DROP,Downgraded by 2025 system,1,1,2422,3186,2313
LCF,Touchstone US Large Cap Focused ETF,Large Blend,Active,33.903141628643475,35.290416522933334,1.3872748942898596,WEAK,WEAK,Q4_Both_Weak,DROP,Stable,0.15,0.46,2851,2758,2314
PSET,Principal Quality ETF,Large Blend,Active,28.934901606436686,39.12436286336992,10.189461256933232,WEAK,WEAK,Q4_Both_Weak,DROP,Upgraded by 2025 system,0.57,0.81,3113,2502,2315
LVPIX,ProFunds Large-Cap Value ProFund Investor,Large Value,Passive,30.969074179577767,37.41079275987998,6.441718580302215,WEAK,WEAK,Q4_Both_Weak,DROP,Stable,1,1,3007,2611,2316
RWX,State Street SPDR Dow Jones Intl Real Est ETF,Global Real Estate,Passive,22.169264632040885,43.86400503600928,21.694740403968396,WEAK,WEAK,Q4_Both_Weak,DROP,Upgraded by 2025 system,1,1,3405,2213,2316
OAIM,OneAscent International Equity ETF,Foreign Large Blend,Active,29.40083243156362,38.49181342713077,9.09098099556715,WEAK,WEAK,Q4_Both_Weak,DROP,Stable,0.15,0.46,3090,2531,2317
MAECX,BlackRock Emerging Markets ex-China Fund Inst,Diversified Emerging Mkts,Active,22.344496523999354,43.712574850299404,21.36807832630005,WEAK,WEAK,Q4_Both_Weak,DROP,Upgraded by 2025 system,0.15,0.25,3398,2224,2318
ARUIX,ARGA Value Fund Inst,Mid-Cap Value,Active,27.968211126105857,39.91935483870967,11.951143712603816,WEAK,WEAK,Q4_Both_Weak,DROP,Upgraded by 2025 system,0.15,0.25,3162,2461,2319
SINAX,ClearBridge Large Cap Value Fund A,Large Value,Active,39.32375242549144,27.584738519729317,-11.739013905762125,WEAK,WEAK,Q4_Both_Weak,DROP,Downgraded by 2025 system,1,1,2467,3158,2320
DFMGX,DF Dent MidCap Growth Fund Institutional,Mid-Cap Growth,Active,36.62035706746637,31.23107929969855,-5.3892777677678225,WEAK,WEAK,Q4_Both_Weak,DROP,Stable,0.76,0.88,2659,2968,2321
PFPMX,Parnassus Mid Cap Fund Institutional,Mid-Cap Blend,Active,35.40616060992425,33.239505598902056,-2.1666550110221934,WEAK,WEAK,Q4_Both_Weak,DROP,Stable,1,1,2751,2876,2321
BEDY,BNY Mellon Enhanced Dividend and Income ETF,Large Value,Active,25.659832747789523,41.250418273591876,15.590585525802354,WEAK,WEAK,Q4_Both_Weak,DROP,Upgraded by 2025 system,1,1,3255,2373,2322
BKCG,BNY Mellon Concentrated Growth ETF,Large Growth,Active,29.755288845223056,38.183457420197165,8.428168574974109,WEAK,WEAK,Q4_Both_Weak,DROP,Stable,1,1,3075,2553,2322
GLRY,Inspire Growth ETF,Mid-Cap Blend,Active,24.473016370322,41.99458485525279,17.52156848493079,WEAK,WEAK,Q4_Both_Weak,DROP,Upgraded by 2025 system,0.57,0.79,3301,2327,2322
HSCVX,Hunter Small Cap Value Fund I,Small Value,Active,26.909276619405865,40.51617210716309,13.606895487757221,WEAK,WEAK,Q4_Both_Weak,DROP,Upgraded by 2025 system,0.15,0.46,3202,2430,2323
XNAV,FundX Aggressive ETF,Large Growth,Active,36.48978447425687,31.373548101467403,-5.116236372789469,WEAK,WEAK,Q4_Both_Weak,DROP,Stable,0.37,0.77,2671,2961,2323
FLDZ,RiverNorth Patriot ETF,Mid-Cap Blend,Active,31.2069811927615,36.96184560780834,5.754864415046843,WEAK,WEAK,Q4_Both_Weak,DROP,Stable,0.15,0.46,2994,2640,2324
TVAFX,Thornburg American Opportunities Fund A,Small Blend,Active,37.28208439836687,30.217817829271752,-7.064266569095118,WEAK,WEAK,Q4_Both_Weak,DROP,Stable,1,1,2601,3033,2324
DVVY,Invesco Diversified Dividend Opportunities ETF,Large Blend,Active,1.8860266728676565,49.38900203665988,47.502975363792224,WEAK,WEAK,Q4_Both_Weak,DROP,Upgraded by 2025 system,0.1,0.25,3776,1862,2325
WIMA,WisdomTree International Adaptive Moving Ave Fund,Foreign Large Blend,Passive,1.3780986599778546,49.462840157224875,48.08474149724702,WEAK,WEAK,Q4_Both_Weak,DROP,Upgraded by 2025 system,0.1,0.5111,3782,1857,2326
MILN,Global X Millennial Consumer ETF,Large Growth,Passive,20.787934297868375,44.30482185549137,23.516887557622994,WEAK,WEAK,Q4_Both_Weak,DROP,Upgraded by 2025 system,0.57,0.8444,3449,2194,2327
FIDEX,Fidelity SAI Sustainable US Equity Fund,Large Blend,Active,34.07728608586309,34.50371716222061,0.42643107635751676,WEAK,WEAK,Q4_Both_Weak,DROP,Stable,0.15,0.46,2840,2804,2328
BCAMX,Boston Common ESG Impact US Equity Fund,Large Blend,Active,36.80947664162985,30.50713638498228,-6.302340256647568,WEAK,WEAK,Q4_Both_Weak,DROP,Stable,1,1,2639,3009,2329
CRTSX,Catholic Responsible Invstmnts M-S US Eq Fd Inst,Large Blend,Active,39.640610359174325,26.350505462383435,-13.29010489679089,WEAK,WEAK,Q4_Both_Weak,DROP,Downgraded by 2025 system,0.15,0.46,2447,3201,2329
VAFAX,Invesco American Franchise Fund A,Large Growth,Active,35.42192206255786,32.72671690333659,-2.695205159221274,WEAK,WEAK,Q4_Both_Weak,DROP,Stable,1,1,2748,2900,2329
IRFIX,Cohen & Steers International Realty Fund I,Global Real Estate,Active,34.44036606755948,34.10481100034584,-0.33555506721364026,WEAK,WEAK,Q4_Both_Weak,DROP,Stable,1,1,2818,2831,2330
MSSGX,Morgan Stanley Inst Inception Portfolio I,Small Growth,Active,28.177238916691454,39.32234021565388,11.145101298962427,WEAK,WEAK,Q4_Both_Weak,DROP,Upgraded by 2025 system,0.95,1,3154,2495,2330
BFSIX,BFS Equity Fund Institutional,Large Blend,Active,38.1392149620916,28.93429889591925,-9.204916066172348,WEAK,WEAK,Q4_Both_Weak,DROP,Stable,1,1,2552,3101,2331
SKSEX,AMG GW&K Small Cap Value Fund N,Small Blend,Active,35.44982755183318,32.55781203147102,-2.8920155203621576,WEAK,WEAK,Q4_Both_Weak,DROP,Stable,1,1,2746,2911,2332
SOVF,Sovereign's Capital Flourish Fund,Mid-Cap Blend,Active,32.80906674792206,35.51020408163265,2.701137333710591,WEAK,WEAK,Q4_Both_Weak,DROP,Stable,0.15,0.25,2915,2742,2332
EILVX,Eaton Vance Large-Cap Value Fund I,Large Value,Active,38.62749865244358,28.03273525526539,-10.594763397178188,WEAK,WEAK,Q4_Both_Weak,DROP,Downgraded by 2025 system,1,1,2518,3140,2333
MEMQX,Mercer Emerging Markets Equity Y-3,Diversified Emerging Mkts,Active,32.43902402448821,35.63221413551712,3.1931901110289047,WEAK,WEAK,Q4_Both_Weak,DROP,Stable,1,1,2933,2730,2334
PLCGX,Principal LargeCap Growth Fund I R-6,Large Growth,Active,34.07757108825451,34.148110997901775,0.07053990964726609,WEAK,WEAK,Q4_Both_Weak,DROP,Stable,1,1,2839,2827,2335
EPSV,Harbor SMID Cap Value ETF,Small Value,Active,17.9921120560386,45.17766497461929,27.18555291858069,WEAK,WEAK,Q4_Both_Weak,DROP,Upgraded by 2025 system,0.15,0.25,3534,2136,2336
FAEQX,First American Multi-Manager Domestic Eqty Fd Inst,Large Blend,Active,36.88369526239651,30.067200452049264,-6.816494810347244,WEAK,WEAK,Q4_Both_Weak,DROP,Stable,0.57,0.79,2633,3042,2337
SABTX,SA US Value Fund,Large Value,Active,31.860364292058364,35.90713498941702,4.046770697358653,WEAK,WEAK,Q4_Both_Weak,DROP,Stable,1,1,2967,2709,2338
ARTSX,Artisan Small Cap Fund Investor,Small Growth,Active,35.727566246466615,31.501170984372497,-4.226395262094119,WEAK,WEAK,Q4_Both_Weak,DROP,Stable,1,1,2724,2955,2339
MSCFX,Mairs & Power Small Cap Fund,Small Blend,Active,36.70921157896551,30.225103330294644,-6.484108248670864,WEAK,WEAK,Q4_Both_Weak,DROP,Stable,1,1,2649,3031,2340
COPLX,Copley Fund,Large Value,Active,38.51883408014185,27.696165860681155,-10.822668219460695,WEAK,WEAK,Q4_Both_Weak,DROP,Downgraded by 2025 system,1,1,2528,3153,2341
CWSIX,Carillon Chartwell Small Cap Value Fund I,Small Value,Active,34.81340440027821,32.87549476931588,-1.9379096309623307,WEAK,WEAK,Q4_Both_Weak,DROP,Stable,1,1,2793,2888,2341
EMET,VanEck Copper and Green Metals ETF,Natural Resources,Passive,30.654761904761905,36.76114365215007,6.106381747388163,WEAK,WEAK,Q4_Both_Weak,DROP,Stable,0.1,0.6222,3028,2653,2341
KLCAX,Federated Hermes Kaufmann Large Cap Fund A,Large Growth,Active,36.32649133852604,30.70163624160257,-5.6248550969234685,WEAK,WEAK,Q4_Both_Weak,DROP,Stable,1,1,2685,2997,2342
OAKM,Oakmark US Large Cap ETF,Large Value,Active,33.171406003159554,34.696569920844325,1.5251639176847718,WEAK,WEAK,Q4_Both_Weak,DROP,Stable,0.1,0.25,2893,2794,2343
NTSD,WisdomTree Efficient US Plus International Eqty Fd,Large Blend,Active,0.8507843821187575,48.676171079429736,47.825386697310975,WEAK,WEAK,Q4_Both_Weak,DROP,Upgraded by 2025 system,0.1,0.25,3786,1904,2344
AFOS,ARS Focused Opportunities Strategy ETF,Large Blend,Active,22.170992287519216,42.66802443991853,20.497032152399317,WEAK,WEAK,Q4_Both_Weak,DROP,Upgraded by 2025 system,0.1,0.25,3404,2288,2345
STITX,Virtus SGA International Growth Fund I,Foreign Large Growth,Active,41.33623583749034,22.4085924185304,-18.927643418959942,WEAK,WEAK,Q4_Both_Weak,DROP,Downgraded by 2025 system,1,1,2348,3344,2345
SRHR,SRH REIT Covered Call ETF,Real Estate,Active,30.14632871701071,36.93693693693694,6.790608219926227,WEAK,WEAK,Q4_Both_Weak,DROP,Stable,0.15,0.25,3053,2642,2346
PALC,Pacer Lunt Large Cap Multi-Factor Alternator ETF,Large Blend,Passive,37.19844756610248,29.2158459786655,-7.982601587436982,WEAK,WEAK,Q4_Both_Weak,DROP,Stable,0.57,0.8444,2611,3085,2347
SOAAX,Spirit of America Real Estate Inc & Growth Fund A,Real Estate,Active,38.610812752667535,27.067291101450973,-11.543521651216562,WEAK,WEAK,Q4_Both_Weak,DROP,Downgraded by 2025 system,1,1,2519,3183,2348
SJCIX,Steward Large Cap Core Fund Institutional,Large Blend,Active,39.306613338611115,25.626563433418255,-13.68004990519286,WEAK,WEAK,Q4_Both_Weak,DROP,Downgraded by 2025 system,0.15,0.46,2469,3234,2349
SNIEX,BNY Mellon International Equity Fund I,Foreign Large Blend,Active,26.935367752755536,38.96839118585091,12.033023433095376,WEAK,WEAK,Q4_Both_Weak,DROP,Upgraded by 2025 system,1,1,3200,2507,2350
TRMVX,SEI Inst Mgd Large Cap Value Fund F,Large Value,Active,36.3286565529556,30.312489491820028,-6.016167061135572,WEAK,WEAK,Q4_Both_Weak,DROP,Stable,1,1,2684,3026,2351
LLSCX,Longleaf Partners Small-Cap Fund,Small Blend,Active,33.73757782560287,33.73088176930958,-0.00669605629328629,WEAK,WEAK,Q4_Both_Weak,DROP,Stable,1,1,2860,2854,2352
ECML,Euclidean Fundamental Value ETF,Small Value,Active,29.574102012245813,37.055837563451774,7.481735551205961,WEAK,WEAK,Q4_Both_Weak,DROP,Stable,0.15,0.25,3081,2634,2353
PFGGX,PFG American Funds Growth Strategy Fund I,Large Growth,Active,38.232246806629014,27.23199069534184,-11.000256111287175,WEAK,WEAK,Q4_Both_Weak,DROP,Downgraded by 2025 system,0.57,0.79,2544,3172,2354
EAMAX,Lord Abbett Emerging Markets Equity Fund A,Diversified Emerging Mkts,Active,23.793610434312818,41.154589193058555,17.360978758745738,WEAK,WEAK,Q4_Both_Weak,DROP,Upgraded by 2025 system,0.15,0.46,3337,2381,2355
CLCV,Crossmark Large Cap Value ETF,Large Value,Active,24.962431708662265,40.369393139841684,15.406961431179418,WEAK,WEAK,Q4_Both_Weak,DROP,Upgraded by 2025 system,0.15,0.25,3282,2437,2356
MCEIX,ClearBridge Emerging Markets Fund I,Diversified Emerging Mkts,Active,34.164272355434456,32.851586172272455,-1.3126861831620005,WEAK,WEAK,Q4_Both_Weak,DROP,Stable,1,1,2830,2889,2356
MIGO,MIG Core ETF,Large Blend,Active,21.379031181503823,42.66802443991853,21.28899325841471,WEAK,WEAK,Q4_Both_Weak,DROP,Upgraded by 2025 system,0.1,0.25,3432,2288,2357
MNRMX,Manor Fund,Large Blend,Active,31.89124716379146,35.30861234589532,3.417365182103861,WEAK,WEAK,Q4_Both_Weak,DROP,Stable,1,1,2963,2757,2357
TLCYX,Touchstone Large Cap Fund Y,Large Blend,Active,36.55035574163854,29.695028680007024,-6.855327061631517,WEAK,WEAK,Q4_Both_Weak,DROP,Stable,1,1,2665,3061,2358
FCUIX,NYLI PineStone US Equity Fund I,Large Blend,Active,38.28922080514,26.938218519574608,-11.35100228556539,WEAK,WEAK,Q4_Both_Weak,DROP,Downgraded by 2025 system,0.57,0.79,2541,3187,2359
LITP,Sprott Lithium Miners ETF,Natural Resources,Passive,34.103877838055055,32.826946713669074,-1.2769311243859818,WEAK,WEAK,Q4_Both_Weak,DROP,Stable,0.15,0.6222,2838,2891,2360
GARA,Guinness Atkinson Real Assets Income ETF,Large Blend,Active,21.122743225011714,42.66802443991853,21.54528121490682,WEAK,WEAK,Q4_Both_Weak,DROP,Upgraded by 2025 system,0.15,0.25,3442,2288,2361
MNOSX,Manning & Napier Overseas Series S,Foreign Large Growth,Active,37.529119183680784,27.982299203144752,-9.546819980536032,WEAK,WEAK,Q4_Both_Weak,DROP,Stable,0.76,0.88,2587,3143,2361
FEMD,First Eagle Mid Cap Equity ETF,Mid-Cap Value,Active,1.7543859649122806,47.983870967741936,46.229485002829655,WEAK,WEAK,Q4_Both_Weak,DROP,Upgraded by 2025 system,0.1,0.25,3777,1955,2362
QQXT,First Trust NASDAQ-100 Ex-Technology Sector Idx Fd,Large Blend,Passive,36.51311634146955,29.612281615741242,-6.900834725728306,WEAK,WEAK,Q4_Both_Weak,DROP,Stable,1,1,2667,3066,2363
SOPVX,Allspring Opportunity Fund A,Large Growth,Active,36.959585301773814,28.796201552848533,-8.16338374892528,WEAK,WEAK,Q4_Both_Weak,DROP,Stable,1,1,2629,3106,2364
BDVG,iMGP Berkshire Dividend Growth ETF,Large Value,Active,29.03144470028555,37.203166226912934,8.171721526627383,WEAK,WEAK,Q4_Both_Weak,DROP,Stable,0.15,0.25,3110,2626,2365
TRGZX,T Rowe Price Emerging Markets Stock Fund Z,Diversified Emerging Mkts,Active,26.848904264530702,38.49246077868383,11.643556514153126,WEAK,WEAK,Q4_Both_Weak,DROP,Upgraded by 2025 system,0.76,0.88,3206,2530,2365
MMID,MFS Active Mid Cap ETF,Mid-Cap Blend,Active,9.408866995073891,46.53061224489796,37.121745249824066,WEAK,WEAK,Q4_Both_Weak,DROP,Upgraded by 2025 system,0.1,0.25,3697,2042,2366
JGRW,Jensen Quality Growth ETF,Large Blend,Active,32.31337045883073,34.521384928716905,2.208014469886173,WEAK,WEAK,Q4_Both_Weak,DROP,Stable,0.15,0.25,2940,2802,2367
RJDI,RJ Eagle GCM Dividend Select Income ETF,Large Value,Active,26.2391268581861,38.91820580474934,12.67907894656324,WEAK,WEAK,Q4_Both_Weak,DROP,Upgraded by 2025 system,0.15,0.25,3231,2511,2367
LFGIX,Lord Abbett Focused Growth Fund I,Large Growth,Active,24.282891611746503,40.39485796903085,16.11196635728435,WEAK,WEAK,Q4_Both_Weak,DROP,Upgraded by 2025 system,0.57,0.79,3308,2435,2368
BTEFX,Boston Trust Equity Fund,Large Blend,Active,39.36931045010018,24.413061113066455,-14.956249337033725,WEAK,WEAK,Q4_Both_Weak,DROP,Downgraded by 2025 system,1,1,2464,3281,2369
LFEQ,VanEck Long/Flat Trend ETF,Large Blend,Passive,36.22269800496923,29.90735104385419,-6.31534696111504,WEAK,WEAK,Q4_Both_Weak,DROP,Stable,0.57,0.8444,2695,3050,2369
JIEMX,John Hancock Equity Income Fund 1,Large Value,Active,38.38793757626828,26.2340517900509,-12.15388578621738,WEAK,WEAK,Q4_Both_Weak,DROP,Downgraded by 2025 system,1,1,2538,3208,2370
CIPTX,Champlain Strategic Focus Fund Institutional,Mid-Cap Growth,Active,24.89232878689471,39.8989898989899,15.006661112095195,WEAK,WEAK,Q4_Both_Weak,DROP,Upgraded by 2025 system,0.15,0.25,3285,2462,2371
WPSGX,AB Concentrated Growth Fund Advisor,Large Growth,Active,35.11775946479916,31.061403241279756,-4.056356223519401,WEAK,WEAK,Q4_Both_Weak,DROP,Stable,1,1,2769,2980,2372
DRIPX,MP 63 Fund,Large Value,Active,38.13252214089814,26.599653184194356,-11.532868956703783,WEAK,WEAK,Q4_Both_Weak,DROP,Downgraded by 2025 system,1,1,2554,3196,2373
EAGL,Eagle Capital Select Equity ETF,Large Blend,Active,41.57712701780339,19.75560081466395,-21.82152620313944,WEAK,WEAK,Q4_Both_Weak,DROP,Downgraded by 2025 system,0.15,0.25,2327,3423,2373
RNIN,Bushido Capital US SMID Cap Equity ETF,Mid-Cap Value,Active,27.625292686021425,37.903225806451616,10.277933120430191,WEAK,WEAK,Q4_Both_Weak,DROP,Upgraded by 2025 system,0.15,0.25,3180,2574,2374
OILGX,Optimum Large Cap Growth Fund Institutional,Large Growth,Active,33.955848445811775,32.559352303712956,-1.396496142098819,WEAK,WEAK,Q4_Both_Weak,DROP,Stable,1,1,2848,2910,2375
CFLGX,ClearBridge Tactical Dividend Income Fund A,Large Value,Active,35.93673076173373,29.846715113823308,-6.09001564791042,WEAK,WEAK,Q4_Both_Weak,DROP,Stable,1,1,2708,3053,2376
ORIGX,North Square Spectrum Alpha Fund A,Small Blend,Active,31.092462910642055,35.26801212837102,4.175549217728964,WEAK,WEAK,Q4_Both_Weak,DROP,Stable,1,1,3002,2760,2377
ASCGX,Lisanti Small Cap Growth Fund,Small Growth,Active,34.90798242390084,31.06352654336896,-3.844455880531882,WEAK,WEAK,Q4_Both_Weak,DROP,Stable,1,1,2784,2979,2378
GFGF,Guru Favorite Stocks ETF,Large Blend,Active,35.41545926654624,30.42526806028149,-4.990191206264754,WEAK,WEAK,Q4_Both_Weak,DROP,Stable,0.15,0.46,2750,3013,2378
SDEM,Global X MSCI SuperDividend Emerging Markets ETF,Diversified Emerging Mkts,Passive,31.136922355347757,35.171349728280894,4.034427372933138,WEAK,WEAK,Q4_Both_Weak,DROP,Stable,1,1,2998,2765,2378
TGCEX,TCW Concentrated Large Cap Growth Fund I,Large Growth,Active,30.14353427647287,35.897383422758686,5.753849146285816,WEAK,WEAK,Q4_Both_Weak,DROP,Stable,1,1,3054,2711,2379
GGEYX,GuideStone Growth Equity Fund Inst,Large Growth,Active,30.878257759954653,35.46777231162362,4.589514551668966,WEAK,WEAK,Q4_Both_Weak,DROP,Stable,0.95,1,3016,2750,2380
SPD,Simplify US Equity PLUS Downside Convexity ETF,Large Blend,Active,29.726409442130453,36.24270041695992,6.516290974829467,WEAK,WEAK,Q4_Both_Weak,DROP,Stable,0.57,0.79,3076,2692,2381
SCRYX,AB Small Cap Core Portfolio Advisor,Small Blend,Active,31.875210237803675,34.5088555246691,2.633645286865427,WEAK,WEAK,Q4_Both_Weak,DROP,Stable,1,1,2966,2803,2382
SRVR,Pacer Data & Infrastructure RE,Real Estate,Passive,20.09341632294647,42.36562474641993,22.27220842347346,WEAK,WEAK,Q4_Both_Weak,DROP,Upgraded by 2025 system,0.57,0.8444,3466,2303,2382
AWEIX,CIBC Atlas Disciplined Equity Fund Institutional,Large Blend,Active,38.75450841050999,24.924464320077206,-13.830044090432786,WEAK,WEAK,Q4_Both_Weak,DROP,Downgraded by 2025 system,1,1,2510,3263,2383
SZNE,Pacer CFRA-Stovall Equal Weight Seasonal Rot Idx,Mid-Cap Blend,Passive,32.527308701341475,33.86910112927906,1.341792427937584,WEAK,WEAK,Q4_Both_Weak,DROP,Stable,0.57,0.8444,2928,2845,2383
FCFY,First Trust S&P 500 Diversified Free Cash Flow ETF,Mid-Cap Value,Passive,28.24469128112853,37.31345635627275,9.06876507514422,WEAK,WEAK,Q4_Both_Weak,DROP,Stable,0.15,0.5111,3153,2621,2384
XCHG,AB US Equity ETF,Large Blend,Active,25.494421262504254,38.90020366598778,13.405782403483528,WEAK,WEAK,Q4_Both_Weak,DROP,Upgraded by 2025 system,0.1,0.25,3263,2512,2385
PFFSX,PFG Fidelity Institutional AM Equity Sector Str I,Large Blend,Active,39.24901765232291,23.789449356010927,-15.459568296311986,WEAK,WEAK,Q4_Both_Weak,DROP,Downgraded by 2025 system,0.57,0.79,2471,3305,2386
IDVZ,Polen International Dividend Income ETF,Foreign Large Value,Active,24.51783393097947,39.62264150943396,15.10480757845449,WEAK,WEAK,Q4_Both_Weak,DROP,Upgraded by 2025 system,0.15,0.25,3299,2478,2387
CEIIX,Callodine Equity Income Series I,Mid-Cap Value,Active,24.469012768607914,39.6142648435501,15.145252074942189,WEAK,WEAK,Q4_Both_Weak,DROP,Upgraded by 2025 system,0.15,0.36,3302,2479,2388
QQWZ,Pacer Cash COWZ 100-Nasdaq 100 Rotator ETF,Large Value,Passive,27.81351255521075,37.382111270572246,9.568598715361496,WEAK,WEAK,Q4_Both_Weak,DROP,Stable,0.15,0.5111,3168,2615,2389
TEOJX,Transamerica Emerging Markets Equity I2,Diversified Emerging Mkts,Active,30.080429394337433,35.70126953039679,5.6208401360593605,WEAK,WEAK,Q4_Both_Weak,DROP,Stable,0.57,0.79,3062,2726,2390
WCME,First Trust WCM Developing World Equity ETF,Diversified Emerging Mkts,Active,30.78918680954769,35.144253968319056,4.355067158771366,WEAK,WEAK,Q4_Both_Weak,DROP,Stable,0.26,0.54,3023,2767,2391
CSIO,Cohen & Steers Infrastructure Opportunities Active,Infrastructure,Active,11.702127659574469,45.3125,33.61037234042553,WEAK,WEAK,Q4_Both_Weak,DROP,Upgraded by 2025 system,0.1,0.25,3663,2129,2392
GK,AdvisorShares Gerber Kawasaki ETF,Large Growth,Active,37.76851709037961,25.740831014075237,-12.027686076304374,WEAK,WEAK,Q4_Both_Weak,DROP,Downgraded by 2025 system,0.15,0.46,2569,3226,2393
WSEFX,Boston Trust Walden Equity Fund,Large Blend,Active,38.52916969093533,24.68509392602002,-13.844075764915313,WEAK,WEAK,Q4_Both_Weak,DROP,Downgraded by 2025 system,1,1,2525,3271,2394
TINS,Templeton International Insights ETF,Foreign Large Blend,Active,5.407655978125777,46.312684365781706,40.90502838765593,WEAK,WEAK,Q4_Both_Weak,DROP,Upgraded by 2025 system,0.1,0.25,3739,2059,2395
HAVGX,Haverford Quality Growth Stock Fund,Large Blend,Active,37.66223684449999,25.776705546468364,-11.88553129803163,WEAK,WEAK,Q4_Both_Weak,DROP,Downgraded by 2025 system,1,1,2577,3223,2396
WCMEX,WCM Focused Emerging Markets Institutional,Diversified Emerging Mkts,Active,37.87127779791221,25.537979582770536,-12.33329821514167,WEAK,WEAK,Q4_Both_Weak,DROP,Downgraded by 2025 system,1,1,2566,3238,2397
DEOPX,Davenport Equity Opportunities Fund,Mid-Cap Blend,Active,37.629990265061615,25.73941754274826,-11.890572722313355,WEAK,WEAK,Q4_Both_Weak,DROP,Downgraded by 2025 system,1,1,2580,3227,2398
TSPIX,Transamerica Small Cap Growth I2,Small Growth,Active,35.10849939945087,30.077117251871847,-5.0313821475790235,WEAK,WEAK,Q4_Both_Weak,DROP,Stable,1,1,2771,3041,2399
FTVSX,FullerThaler Behavioral Mid-Cap Value Fund Inst,Mid-Cap Value,Active,37.4491248077255,25.76292602788886,-11.686198779836637,WEAK,WEAK,Q4_Both_Weak,DROP,Downgraded by 2025 system,0.57,0.79,2589,3224,2400
JIDE,JPMorgan International Dynamic ETF,Foreign Large Blend,Active,3.547782071272004,46.312684365781706,42.7649022945097,WEAK,WEAK,Q4_Both_Weak,DROP,Upgraded by 2025 system,0.1,0.25,3755,2059,2401
QPX,AdvisorShares Q Dynamic Growth ETF,Large Blend,Active,24.63190423690266,38.75333976774627,14.121435530843609,WEAK,WEAK,Q4_Both_Weak,DROP,Upgraded by 2025 system,0.57,0.79,3296,2519,2402
FRSGX,Franklin Small-Mid Cap Growth Fund A,Mid-Cap Growth,Active,34.20978265988853,30.805789268315714,-3.4039933915728184,WEAK,WEAK,Q4_Both_Weak,DROP,Stable,1,1,2828,2989,2403
RDOG,ALPS REIT Dividend Dogs ETF,Real Estate,Passive,24.664627557094132,38.542235668281414,13.877608111187282,WEAK,WEAK,Q4_Both_Weak,DROP,Upgraded by 2025 system,1,1,3292,2527,2404
GCEQX,Green Century Equity Fund Individual Investor,Large Blend,Passive,34.696303532671074,30.366247697558503,-4.330055835112571,WEAK,WEAK,Q4_Both_Weak,DROP,Stable,1,1,2801,3019,2405
MEMA,Man Active Emerging Markets Alternative ETF,Diversified Emerging Mkts,Active,4.913769704562062,46.10778443113773,41.194014726575666,WEAK,WEAK,Q4_Both_Weak,DROP,Upgraded by 2025 system,0.1,0.25,3743,2077,2405
TEMMX,Templeton Emerging Markets Small Cap Fund A,Diversified Emerging Mkts,Active,38.153781459318346,24.582950382538822,-13.570831076779523,WEAK,WEAK,Q4_Both_Weak,DROP,Downgraded by 2025 system,1,1,2550,3272,2406
AMRAX,American Growth Fund Series One A,Large Growth,Active,35.21115037507305,29.651419008921454,-5.559731366151599,WEAK,WEAK,Q4_Both_Weak,DROP,Stable,1,1,2762,3063,2407
OGIG,ALPS O'Shares Global Internet Giants ETF,Large Growth,Passive,15.894964535055815,43.50883356546307,27.61386903040726,WEAK,WEAK,Q4_Both_Weak,DROP,Upgraded by 2025 system,0.57,0.8444,3589,2236,2407
RBCGX,Reynolds Blue Chip Growth Fund,Large Growth,Active,36.57980016017016,27.363455705337746,-9.216344454832413,WEAK,WEAK,Q4_Both_Weak,DROP,Stable,1,1,2662,3167,2408
SDOG,Alps Sector Dividend Dogs ETF,Large Value,Passive,30.314180321326166,34.81021128668819,4.496030965362021,WEAK,WEAK,Q4_Both_Weak,DROP,Stable,1,1,3045,2785,2409
EWMCX,Evercore Equity Fund,Large Blend,Active,37.281616078528565,25.685431805178887,-11.596184273349678,WEAK,WEAK,Q4_Both_Weak,DROP,Downgraded by 2025 system,1,1,2602,3231,2410
BEMVX,Barrow Hanley Emerging Markets Value Fund Inst,Diversified Emerging Mkts,Active,29.20004506090595,35.605479194447135,6.405434133541185,WEAK,WEAK,Q4_Both_Weak,DROP,Stable,0.15,0.46,3102,2732,2411
PRCS,Parnassus Core Select ETF,Large Blend,Active,31.041878381386528,34.11405295315682,3.0721745717702937,WEAK,WEAK,Q4_Both_Weak,DROP,Stable,0.15,0.25,3004,2830,2411
SLGAX,SEI Inst Mgd Large Cap Fund F,Large Blend,Active,33.89747685671286,30.810150608185022,-3.087326248527841,WEAK,WEAK,Q4_Both_Weak,DROP,Stable,1,1,2852,2987,2412
TMFS,Motley Fool Small-Cap Growth ETF,Small Growth,Active,22.355873615659565,40.02852562421091,17.672652008551342,WEAK,WEAK,Q4_Both_Weak,DROP,Upgraded by 2025 system,0.57,0.79,3396,2452,2413
BIBL,Inspire 100 ETF,Large Blend,Passive,30.216981099899098,34.60643474644694,4.389453646547846,WEAK,WEAK,Q4_Both_Weak,DROP,Stable,0.57,0.8444,3050,2799,2414
CVAIX,Calamos Select Fund I,Large Blend,Active,34.13428496716366,30.41451639080057,-3.719768576363087,WEAK,WEAK,Q4_Both_Weak,DROP,Stable,1,1,2835,3014,2414
GAAHX,GMO Resources R6,Natural Resources,Active,36.42804033132895,27.21519840829419,-9.212841923034762,WEAK,WEAK,Q4_Both_Weak,DROP,Stable,0.76,0.88,2676,3174,2415
THLV,THOR Equal Weight Low Volatility ETF,Large Blend,Passive,37.437016687316024,24.94853524426675,-12.488481443049274,WEAK,WEAK,Q4_Both_Weak,DROP,Downgraded by 2025 system,0.15,0.6222,2590,3262,2416
HOMZ,Hoya Capital Housing ETF,Mid-Cap Value,Passive,27.123596426165474,36.680012215596264,9.55641578943079,WEAK,WEAK,Q4_Both_Weak,DROP,Stable,0.57,0.8444,3195,2659,2417
GCSVX,Geneva SMID Cap Growth Fund Inst,Mid-Cap Growth,Active,35.30010380757295,28.94818422480288,-6.351919582770073,WEAK,WEAK,Q4_Both_Weak,DROP,Stable,0.15,0.46,2758,3098,2418
HWLIX,Hotchkis & Wiley Large Cap Fundamental Value Fd I,Large Value,Active,34.83686402130045,29.58226885547707,-5.254595165823378,WEAK,WEAK,Q4_Both_Weak,DROP,Stable,1,1,2788,3069,2419
SECEX,New Age Alpha Large Core Fund A,Large Blend,Active,32.57933071826358,32.04522187129692,-0.5341088469666602,WEAK,WEAK,Q4_Both_Weak,DROP,Stable,1,1,2927,2930,2419
PBW,Invesco WilderHill Clean Energy ETF,Small Growth,Passive,18.19201452381253,41.92419113922512,23.73217661541259,WEAK,WEAK,Q4_Both_Weak,DROP,Upgraded by 2025 system,1,1,3525,2333,2420
MVAL,VanEck Morningstar Wide Moat Value ETF,Large Value,Passive,28.93204617540288,35.48832174833912,6.5562755729362365,WEAK,WEAK,Q4_Both_Weak,DROP,Stable,0.15,0.5111,3114,2746,2421
LSAT,LeaderShares AlphaFactor Tactical Focused ETF,Mid-Cap Value,Active,36.49565681407741,26.719417645434334,-9.776239168643073,WEAK,WEAK,Q4_Both_Weak,DROP,Stable,0.57,0.79,2668,3194,2422
THIR,THOR Index Rotation ETF,Large Blend,Passive,35.239727610674954,28.93042729277039,-6.309300317904565,WEAK,WEAK,Q4_Both_Weak,DROP,Stable,0.15,0.5111,2760,3102,2422
WBCRX,William Blair Small-Mid Cap Core Fund R6,Small Blend,Active,35.89045054689752,27.697442552789266,-8.193007994108253,WEAK,WEAK,Q4_Both_Weak,DROP,Stable,0.57,0.79,2711,3152,2423
BRGIX,Bridges Investment Fund,Large Blend,Active,27.96307804391125,35.993663444474905,8.030585400563655,WEAK,WEAK,Q4_Both_Weak,DROP,Stable,1,1,3163,2703,2424
ESLV,Eventide Large Cap Value ETF,Large Value,Active,3.1115760814762528,45.64643799472295,42.5348619132467,WEAK,WEAK,Q4_Both_Weak,DROP,Upgraded by 2025 system,0.1,0.25,3762,2104,2424
LKINX,LKCM International Equity Fund Institutional,Foreign Large Blend,Active,39.03822342234631,21.315532611671884,-17.72269081067443,WEAK,WEAK,Q4_Both_Weak,DROP,Downgraded by 2025 system,0.89,0.88,2488,3378,2424
TERM,EquityCompass Tactical Risk Mgr ETF,Large Value,Active,36.76091635764818,25.823518211245005,-10.937398146403172,WEAK,WEAK,Q4_Both_Weak,DROP,Downgraded by 2025 system,0.15,0.35,2644,3222,2424
MSIGX,Invesco Main Street Fund A,Large Blend,Active,38.058074399283825,23.582052799350265,-14.47602159993356,WEAK,WEAK,Q4_Both_Weak,DROP,Downgraded by 2025 system,1,1,2556,3311,2425
MVEIX,Monteagle Select Value Fund Inst,Mid-Cap Value,Active,30.9021215905388,33.6974809272394,2.7953593367005958,WEAK,WEAK,Q4_Both_Weak,DROP,Stable,1,1,3013,2856,2426
SIMS,State Street SPDR S&P Kensho Intelligent Struc ETF,Infrastructure,Passive,25.565920375925195,37.43023871598501,11.864318340059818,WEAK,WEAK,Q4_Both_Weak,DROP,Upgraded by 2025 system,0.57,0.8444,3261,2608,2426
NDVG,Nuveen Dividend Growth ETF,Large Blend,Active,36.28817677845658,27.083063824350777,-9.205112954105804,WEAK,WEAK,Q4_Both_Weak,DROP,Stable,0.15,0.46,2689,3181,2427
TIHGX,Investment House Growth Fund,Large Growth,Active,33.61037296496107,30.640657528479657,-2.9697154364814153,WEAK,WEAK,Q4_Both_Weak,DROP,Stable,1,1,2869,3002,2428
FFND,One Global ETF,Large Growth,Active,32.30183257877728,31.98513721309884,-0.3166953656784379,WEAK,WEAK,Q4_Both_Weak,DROP,Stable,0.15,0.46,2941,2935,2429
DAK,Dakota Active Equity ETF,Large Blend,Active,11.496419359144951,43.890020366598776,32.393601007453825,WEAK,WEAK,Q4_Both_Weak,DROP,Upgraded by 2025 system,0.1,0.25,3665,2212,2430
IVAL,Alpha Architect Internatl Quantitative Value ETF,Foreign Large Value,Active,24.23141424205314,38.02579488946023,13.794380647407088,WEAK,WEAK,Q4_Both_Weak,DROP,Upgraded by 2025 system,1,1,3311,2567,2431
NAVFX,Sector Rotation Fund No Load,Large Blend,Active,37.760410397501225,23.73017837874562,-14.030232018755605,WEAK,WEAK,Q4_Both_Weak,DROP,Downgraded by 2025 system,1,1,2570,3308,2431
FSCCX,Nuveen Small Cap Value Fund I,Small Value,Active,30.079682600817687,34.376307044845525,4.296624444027838,WEAK,WEAK,Q4_Both_Weak,DROP,Stable,1,1,3063,2816,2432
CRIEX,CRM All Cap Value Fund Institutional,Mid-Cap Blend,Active,35.20252433214111,28.56914888793179,-6.633375444209321,WEAK,WEAK,Q4_Both_Weak,DROP,Stable,1,1,2763,3120,2433
WMGAX,Nomura Mid Cap Growth Fund A,Mid-Cap Growth,Active,36.76436225607978,25.370385158953052,-11.393977097126726,WEAK,WEAK,Q4_Both_Weak,DROP,Downgraded by 2025 system,1,1,2643,3242,2434
MXETX,Empower Core Strategies US Equity Fund Inv,Large Blend,Active,35.361082387346585,28.198402012878386,-7.162680374468199,WEAK,WEAK,Q4_Both_Weak,DROP,Stable,0.57,0.79,2753,3134,2435
ACSI,American Customer Satisfaction ETF,Large Blend,Passive,33.63392970368208,30.35564309984497,-3.2782866038371097,WEAK,WEAK,Q4_Both_Weak,DROP,Stable,0.57,0.8444,2867,3021,2436
COPJ,Sprott Junior Copper Miners ETF,Natural Resources,Passive,35.14767932489452,28.470396405603775,-6.677282919290743,WEAK,WEAK,Q4_Both_Weak,DROP,Stable,0.15,0.6222,2766,3123,2437
HDVAX,Hartford International Equity Fund A,Foreign Large Blend,Active,35.41612873072439,27.723958715749774,-7.692170014974614,WEAK,WEAK,Q4_Both_Weak,DROP,Stable,1,1,2749,3151,2438
AVEDX,Ave Maria Rising Dividend Fund,Large Blend,Active,34.80981360598452,28.713606549519387,-6.096207056465136,WEAK,WEAK,Q4_Both_Weak,DROP,Stable,1,1,2794,3108,2439
RINTX,Russell Investments International Developed Mkt S,Foreign Large Blend,Active,36.09518261366113,26.369025167695128,-9.726157445966003,WEAK,WEAK,Q4_Both_Weak,DROP,Stable,1,1,2703,3200,2440
RMBHX,RMB Fund A,Large Growth,Active,36.307433856275,26.030332580702563,-10.277101275572434,WEAK,WEAK,Q4_Both_Weak,DROP,Downgraded by 2025 system,1,1,2687,3216,2440
LCOW,Pacer S&P 500 Quality FCF Aristocrats ETF,Large Blend,Passive,26.156203512919145,36.50866573039514,10.352462217475992,WEAK,WEAK,Q4_Both_Weak,DROP,Upgraded by 2025 system,0.15,0.5111,3232,2673,2441
WHGLX,Westwood Quality Value Fund Institutional,Large Value,Active,35.891324453078774,26.708965459940686,-9.182358993138088,WEAK,WEAK,Q4_Both_Weak,DROP,Stable,1,1,2710,3195,2441
XLSR,State Street SPDR SSGA US Sector Rotation ETF,Large Blend,Active,36.98654574815165,24.4232144480044,-12.563331300147247,WEAK,WEAK,Q4_Both_Weak,DROP,Downgraded by 2025 system,0.57,0.79,2627,3280,2442
AIBBX,Aristotle Small Cap Equity Fund I-2,Small Blend,Active,34.91349554067705,28.451213547795582,-6.462281992881465,WEAK,WEAK,Q4_Both_Weak,DROP,Stable,1,1,2783,3125,2443
RTIYX,Russell Investments Multifactor Intl Equity Y,Foreign Large Value,Active,32.61791609040943,30.937311370502684,-1.6806047199067464,WEAK,WEAK,Q4_Both_Weak,DROP,Stable,1,1,2925,2985,2444
FARMX,Fidelity Agricultural Productivity Fund,Natural Resources,Active,37.88455535842434,22.260580529219542,-15.623974829204801,WEAK,WEAK,Q4_Both_Weak,DROP,Downgraded by 2025 system,0.89,0.88,2563,3349,2445
MSLC,Morgan Stanley Pathway Large Cap Equity ETF,Large Blend,Active,33.54529158013514,30.15152512509794,-3.393766455037202,WEAK,WEAK,Q4_Both_Weak,DROP,Stable,0.37,1,2873,3039,2445
ACEP,ARS Core Equity Portfolio ETF,Large Blend,Active,13.819572734593342,42.66802443991853,28.84845170532519,WEAK,WEAK,Q4_Both_Weak,DROP,Upgraded by 2025 system,0.1,0.25,3627,2288,2446
JICAX,JPMorgan US Sustainable Leaders Fund A,Large Blend,Active,34.12170585540546,29.33560991358893,-4.78609594181653,WEAK,WEAK,Q4_Both_Weak,DROP,Stable,1,1,2837,3079,2447
GEMIX,Goldman Sachs Emerging Markets Equity Fund Inst,Diversified Emerging Mkts,Active,33.55729591034711,30.009222321219987,-3.548073589127121,WEAK,WEAK,Q4_Both_Weak,DROP,Stable,1,1,2872,3047,2448
VDIG,Vanguard Wellington Dividend Growth Active ETF,Large Value,Active,5.05621659776142,44.59102902374671,39.53481242598529,WEAK,WEAK,Q4_Both_Weak,DROP,Upgraded by 2025 system,0.1,0.25,3742,2177,2448
KBWY,Invesco KBW Premium Yield Equity REIT ETF,Real Estate,Passive,24.115079553367345,37.547101803982216,13.432022250614871,WEAK,WEAK,Q4_Both_Weak,DROP,Upgraded by 2025 system,0.68,0.9778,3319,2602,2449
URNJ,Sprott Junior Uranium Miners ETF,Natural Resources,Passive,37.471870604782,22.87124195784887,-14.600628646933128,WEAK,WEAK,Q4_Both_Weak,DROP,Downgraded by 2025 system,0.15,0.6222,2588,3333,2449
AZMIX,Virtus NFJ Em Mkts Val Fd Inst,Diversified Emerging Mkts,Active,30.70727162036179,32.78397180506576,2.07670018470397,WEAK,WEAK,Q4_Both_Weak,DROP,Stable,1,1,3027,2895,2450
EXUS,Nomura Focused International Core ETF,Foreign Large Blend,Active,11.817390911350644,43.067846607669615,31.250455696318973,WEAK,WEAK,Q4_Both_Weak,DROP,Upgraded by 2025 system,0.1,0.25,3659,2268,2451
NEWZ,StockSnips AI-Powered Sentiment US All Cap ETF,Mid-Cap Blend,Active,27.47244934233914,35.51020408163265,8.037754739293511,WEAK,WEAK,Q4_Both_Weak,DROP,Stable,0.15,0.25,3185,2742,2451
PIEFX,Federated Hermes Emerging Markets Equity Fund I,Diversified Emerging Mkts,Active,29.515711537106586,33.85561305549316,4.339901518386572,WEAK,WEAK,Q4_Both_Weak,DROP,Stable,0.57,0.79,3084,2847,2452
SBLGX,ClearBridge Large Cap Growth Fund A,Large Growth,Active,34.886019831077945,27.827132037219783,-7.058887793858162,WEAK,WEAK,Q4_Both_Weak,DROP,Stable,1,1,2787,3148,2453
AAIEX,American Beacon International Equity Fd R5,Foreign Large Value,Active,32.790092423346,30.364744029092094,-2.425348394253909,WEAK,WEAK,Q4_Both_Weak,DROP,Stable,1,1,2916,3020,2454
DGIEX,BNY Mellon Global Emerging Markets Fund I,Diversified Emerging Mkts,Active,35.66943158262082,26.31276285912228,-9.356668723498537,WEAK,WEAK,Q4_Both_Weak,DROP,Stable,1,1,2732,3206,2455
PCIG,Polen Capital International Growth ETF,Foreign Large Growth,Active,23.94100294985251,37.410071942446045,13.469068992593535,WEAK,WEAK,Q4_Both_Weak,DROP,Upgraded by 2025 system,0.15,0.25,3327,2612,2456
TMFE,Motley Fool Capital Efficiency 100 Index ETF,Large Blend,Passive,29.455208843322872,33.7871453380698,4.331936494746927,WEAK,WEAK,Q4_Both_Weak,DROP,Stable,0.15,0.6222,3087,2852,2456
ABMVX,AB Mid Cap Value Portfolio Z,Mid-Cap Value,Active,21.71885993748342,38.70967741935484,16.99081748187142,WEAK,WEAK,Q4_Both_Weak,DROP,Upgraded by 2025 system,0.15,0.25,3419,2521,2457
OIGIX,Invesco International Growth Fund R6,Foreign Large Growth,Active,31.90733757586011,30.853592720817318,-1.053744855042794,WEAK,WEAK,Q4_Both_Weak,DROP,Stable,1,1,2961,2986,2458
SCUIX,Hartford Schroders US Sm Cap Opportunities Fd I,Small Blend,Active,36.72430864289144,23.975742138498994,-12.748566504392443,WEAK,WEAK,Q4_Both_Weak,DROP,Downgraded by 2025 system,1,1,2647,3301,2459
VRKSX,Virtus KAR Small-Mid Cap Growth Fund R6,Mid-Cap Growth,Active,34.61656613534256,28.026987818033707,-6.5895783173088525,WEAK,WEAK,Q4_Both_Weak,DROP,Stable,0.57,0.79,2808,3141,2460
FBCVX,Fidelity Blue Chip Value Fund,Large Value,Active,32.91606812646643,30.044196378941283,-2.8718717475251445,WEAK,WEAK,Q4_Both_Weak,DROP,Stable,1,1,2910,3043,2461
DBSC,Deepwater Beachfront Small Cap ETF,Small Blend,Active,2.0973782771535583,44.36619718309859,42.26881890594503,WEAK,WEAK,Q4_Both_Weak,DROP,Upgraded by 2025 system,0.1,0.25,3773,2188,2462
FTHMX,FullerThaler Behavioral Mid-Cap Eqty Fund Inst,Mid-Cap Blend,Active,34.06243122915715,28.57142857142857,-5.491002657728579,WEAK,WEAK,Q4_Both_Weak,DROP,Stable,0.15,0.25,2843,3119,2463
MIOIX,Morgan Stanley Inst International Oppty Port I,Foreign Large Growth,Active,30.896194089679852,31.625158034724983,0.7289639450451304,WEAK,WEAK,Q4_Both_Weak,DROP,Stable,0.95,1,3015,2949,2464
PIIDX,Principal International Equity Fund R-6,Foreign Large Blend,Active,29.040922513331473,33.71728356624493,4.676361052913457,WEAK,WEAK,Q4_Both_Weak,DROP,Stable,0.89,0.88,3109,2855,2464
MPGFX,Mairs & Power Growth Fund,Large Blend,Active,34.302184089424436,28.024610909115317,-6.277573180309119,WEAK,WEAK,Q4_Both_Weak,DROP,Stable,1,1,2824,3142,2465
EKJAX,Allspring Premier Large Co Gr Fd A,Large Growth,Active,29.3276819487792,33.332483015026874,4.004801066247673,WEAK,WEAK,Q4_Both_Weak,DROP,Stable,1,1,3097,2871,2466
IHSAX,Hartford Small Company Fund A,Small Growth,Active,31.781611832318895,30.747352152287434,-1.034259680031461,WEAK,WEAK,Q4_Both_Weak,DROP,Stable,1,1,2973,2995,2466
TIME,Clockwise US Core Equity ETF,Large Growth,Active,14.41379794364319,41.68345052127159,27.2696525776284,WEAK,WEAK,Q4_Both_Weak,DROP,Upgraded by 2025 system,0.1,0.46,3615,2356,2467
FSSEX,Fidelity SAI Sustainable International Equity Fund,Foreign Large Blend,Active,33.759937094447864,28.59243763248332,-5.1674994619645425,WEAK,WEAK,Q4_Both_Weak,DROP,Stable,0.15,0.46,2857,3117,2468
JRSDX,Janus Henderson Adaptive Risk Managed US Eqty Fd D,Large Blend,Active,34.413461079069066,27.65914277071266,-6.754318308356407,WEAK,WEAK,Q4_Both_Weak,DROP,Stable,1,1,2819,3155,2468
EMGNX,Allspring Emerging Markets Eq Fd Inst,Diversified Emerging Mkts,Active,33.74094978720296,28.599682515932024,-5.141267271270934,WEAK,WEAK,Q4_Both_Weak,DROP,Stable,1,1,2859,3116,2469
CFMVX,Commerce MidCap Value Fund,Mid-Cap Value,Active,26.28591531425539,35.483870967741936,9.197955653486545,WEAK,WEAK,Q4_Both_Weak,DROP,Stable,0.15,0.25,3228,2748,2470
KEMQ,KraneShares Emerging Markets Consumer Tech Idx ETF,Diversified Emerging Mkts,Passive,21.69633578662969,38.077591240185356,16.381255453555667,WEAK,WEAK,Q4_Both_Weak,DROP,Upgraded by 2025 system,0.57,0.8444,3420,2560,2471
ESIGX,Ashmore Emerging Markets Equity ESG Fund Inst,Diversified Emerging Mkts,Active,29.195336517618852,33.15395249353295,3.958615975914096,WEAK,WEAK,Q4_Both_Weak,DROP,Stable,0.57,0.79,3103,2879,2472
ICSCX,William Blair Small Cap Value Fund I,Small Value,Active,33.936091768096034,28.239238976356525,-5.696852791739509,WEAK,WEAK,Q4_Both_Weak,DROP,Stable,1,1,2850,3132,2472
EPSB,Harbor SMID Cap Core ETF,Small Blend,Active,17.418316745502384,40.49295774647887,23.074641000976488,WEAK,WEAK,Q4_Both_Weak,DROP,Upgraded by 2025 system,0.15,0.25,3553,2432,2473
GARY,Mango Growth ETF,Large Growth,Active,17.502895041583326,40.33816425120773,22.835269209624403,WEAK,WEAK,Q4_Both_Weak,DROP,Upgraded by 2025 system,0.1,0.25,3549,2440,2474
PATN,Pacer Nasdaq International Patent Leaders ETF,Foreign Large Blend,Passive,25.448901217180982,35.73470942821145,10.28580821103047,WEAK,WEAK,Q4_Both_Weak,DROP,Upgraded by 2025 system,0.15,0.5111,3266,2723,2474
TMVE,Thrivent Mid Cap Value ETF,Mid-Cap Value,Active,25.58049234783316,35.611429503622254,10.030937155789093,WEAK,WEAK,Q4_Both_Weak,DROP,Upgraded by 2025 system,0.57,0.79,3259,2731,2475
CAMMX,Cambiar SMID Fund Investor,Mid-Cap Blend,Active,35.66246151740946,25.024589608508112,-10.63787190890135,WEAK,WEAK,Q4_Both_Weak,DROP,Downgraded by 2025 system,1,1,2733,3261,2476
RUDAX,BNY Mellon Small Cap Value Fund A,Small Value,Active,36.39286161470508,23.420190052704946,-12.972671562000137,WEAK,WEAK,Q4_Both_Weak,DROP,Downgraded by 2025 system,0.76,0.88,2677,3319,2477
ARIDX,AMG River Road Dividend All Cap Value Fund I,Large Value,Active,35.62720843046909,24.890556936071043,-10.736651494398046,WEAK,WEAK,Q4_Both_Weak,DROP,Downgraded by 2025 system,1,1,2736,3264,2478
ESIM,Eventide International ETF,Foreign Large Blend,Active,4.8076966533342365,43.067846607669615,38.260149954335375,WEAK,WEAK,Q4_Both_Weak,DROP,Upgraded by 2025 system,0.1,0.25,3744,2268,2479
CUT,Invesco MSCI Global Timber ETF,Natural Resources,Passive,25.21084576052494,35.5252317533534,10.314385992828463,WEAK,WEAK,Q4_Both_Weak,DROP,Upgraded by 2025 system,1,1,3274,2740,2480
TSWMX,TSW Emerging Markets Fund Institutional,Diversified Emerging Mkts,Active,29.253462287737474,32.352724036807125,3.099261749069651,WEAK,WEAK,Q4_Both_Weak,DROP,Stable,0.15,0.46,3099,2917,2481
HNLVX,Harbor Large Cap Value Fund Retirement,Large Blend,Active,33.41087476099657,28.146581312360404,-5.264293448636167,WEAK,WEAK,Q4_Both_Weak,DROP,Stable,0.89,0.88,2882,3136,2482
DIVL,Madison Dividend Value ETF,Large Value,Active,29.590457101376682,31.926121372031663,2.3356642706549806,WEAK,WEAK,Q4_Both_Weak,DROP,Stable,0.15,0.25,3080,2939,2483
JDVL,John Hancock Disciplined Value Select ETF,Large Value,Active,23.844324560518977,36.27968337730871,12.43535881678973,WEAK,WEAK,Q4_Both_Weak,DROP,Upgraded by 2025 system,0.1,0.25,3335,2687,2484
ALGAX,Alger International Opportunities Fund A,Foreign Large Growth,Active,28.61745074972769,32.84523926577022,4.227788516042526,WEAK,WEAK,Q4_Both_Weak,DROP,Stable,1,1,3133,2890,2485
HAINX,Harbor International Fund Institutional,Foreign Large Blend,Active,32.88495966228419,28.683895691138968,-4.201063971145221,WEAK,WEAK,Q4_Both_Weak,DROP,Stable,1,1,2913,3110,2485
DEEP,Acquirers Small and Micro Deep Value ETF,Small Value,Passive,21.317930307370762,37.659524572995736,16.341594265624973,WEAK,WEAK,Q4_Both_Weak,DROP,Upgraded by 2025 system,1,1,3435,2591,2486
HLRRX,LDR High Income Realty Fund Inst,Real Estate,Active,33.5083266538033,27.762876903136135,-5.7454497506671665,WEAK,WEAK,Q4_Both_Weak,DROP,Stable,1,1,2877,3150,2487
SVPIX,ProFunds Small-Cap Value ProFund Investor,Small Value,Passive,18.286287187103966,38.94130542244448,20.655018235340513,WEAK,WEAK,Q4_Both_Weak,DROP,Upgraded by 2025 system,1,1,3521,2509,2488
TPLNX,Timothy Plan Small Cap Value Fund A,Small Blend,Active,34.97224258925399,25.184569480361123,-9.787673108892864,WEAK,WEAK,Q4_Both_Weak,DROP,Stable,1,1,2778,3253,2489
WAMA,WisdomTree US Adaptive Moving Average Fund,Large Blend,Passive,1.026995835863251,43.341752930273984,42.31475709441073,WEAK,WEAK,Q4_Both_Weak,DROP,Upgraded by 2025 system,0.1,0.5111,3785,2246,2489
TGWTX,Transamerica Large Growth I3,Large Growth,Active,22.402373411589142,36.95773553780726,14.555362126218117,WEAK,WEAK,Q4_Both_Weak,DROP,Upgraded by 2025 system,0.76,0.88,3392,2641,2490
FTCE,First Trust New Constructs Core Earnings Ldrs ETF,Large Blend,Passive,29.375532551123516,31.68644981789548,2.3109172667719626,WEAK,WEAK,Q4_Both_Weak,DROP,Stable,0.15,0.5111,3091,2945,2491
VADAX,Invesco Equally-Weighted S&P 500 Fund A,Large Blend,Passive,30.107750994616904,31.09717844870507,0.9894274540881653,WEAK,WEAK,Q4_Both_Weak,DROP,Stable,1,1,3061,2975,2491
HGOAX,Hartford Growth Opportunities Fund A,Large Growth,Active,29.594813635192597,31.438255678314718,1.8434420431221206,WEAK,WEAK,Q4_Both_Weak,DROP,Stable,1,1,3079,2958,2492
TSVPX,T Rowe Price Spectrum Diversified Equity Fund I,Large Blend,Active,33.03392090426204,28.127381334773904,-4.906539569488135,WEAK,WEAK,Q4_Both_Weak,DROP,Stable,0.53,0.69,2899,3138,2492
ADJEX,Azzad Ethical Fund,Mid-Cap Growth,Active,33.73031162174243,27.206673722637447,-6.523637899104983,WEAK,WEAK,Q4_Both_Weak,DROP,Stable,1,1,2863,3175,2493
FDRS,Founder-Led ETF,Large Blend,Passive,22.720955767596084,36.69315622913445,13.972200461538367,WEAK,WEAK,Q4_Both_Weak,DROP,Upgraded by 2025 system,0.15,0.5111,3380,2658,2493
SGNFX,Sparrow Growth Fund No-Load,Large Growth,Active,34.653790395728564,25.630983478122456,-9.022806917606108,WEAK,WEAK,Q4_Both_Weak,DROP,Stable,1,1,2806,3233,2494
LZUSX,Lazard US Equity Focus Portfolio Institutional,Large Blend,Active,35.11580879579813,24.46702525531253,-10.6487835404856,WEAK,WEAK,Q4_Both_Weak,DROP,Downgraded by 2025 system,1,1,2770,3275,2495
CDGIX,Crawford Large Cap Dividend Fund I,Large Value,Active,36.36937461710204,21.675265000936463,-14.694109616165576,WEAK,WEAK,Q4_Both_Weak,DROP,Downgraded by 2025 system,1,1,2679,3369,2496
NFRX,Harrison Street Infrastructure Active ETF,Infrastructure,Active,20.85106382978723,37.5,16.64893617021277,WEAK,WEAK,Q4_Both_Weak,DROP,Upgraded by 2025 system,0.1,0.25,3446,2605,2497
FMCX,FM Focus Equity ETF,Large Blend,Active,36.9710779519049,19.713652685096346,-17.257425266808557,WEAK,WEAK,Q4_Both_Weak,DROP,Downgraded by 2025 system,0.15,0.46,2628,3424,2498
USFE,First Eagle US Equity ETF,Large Value,Active,0.2366307014890256,43.007915567282325,42.7712848657933,WEAK,WEAK,Q4_Both_Weak,DROP,Upgraded by 2025 system,0.1,0.25,3790,2270,2499
BAFYX,Brown Advisory Sustainable Sm-Cap Core Fund Inst,Small Blend,Active,31.425508950465304,29.29538242751515,-2.130126522950153,WEAK,WEAK,Q4_Both_Weak,DROP,Stable,0.15,0.46,2983,3081,2500
MSEGX,Morgan Stanley Inst Growth Portfolio A,Large Growth,Active,22.50501632829087,36.481093719057974,13.976077390767102,WEAK,WEAK,Q4_Both_Weak,DROP,Upgraded by 2025 system,0.95,1,3389,2676,2501
GSRAX,Goldman Sachs Rising Dividend Growth A,Large Value,Active,34.466930004994545,25.20798290374643,-9.258947101248115,WEAK,WEAK,Q4_Both_Weak,DROP,Stable,1,1,2817,3252,2502
MOSZX,MassMutual Overseas Fund I,Foreign Large Blend,Active,33.04209276976295,27.290314603385475,-5.751778166377477,WEAK,WEAK,Q4_Both_Weak,DROP,Stable,1,1,2898,3171,2502
LDMIX,Lazard Developing Markets Equity Portfolio Inst,Diversified Emerging Mkts,Active,32.07558541224983,28.48598679301093,-3.589598619238899,WEAK,WEAK,Q4_Both_Weak,DROP,Stable,1,1,2950,3122,2503
IVSI,Applied Finance IVS International Large ETF,Foreign Large Blend,Active,17.13970937331352,38.93805309734513,21.798343724031614,WEAK,WEAK,Q4_Both_Weak,DROP,Upgraded by 2025 system,0.15,0.25,3564,2510,2504
TALV,Transamerica Large Value Active ETF,Large Value,Active,7.794864038183589,41.42480211081794,33.62993807263435,WEAK,WEAK,Q4_Both_Weak,DROP,Upgraded by 2025 system,0.1,0.25,3713,2367,2505
ACRNX,Columbia Acorn Fund I,Mid-Cap Growth,Active,26.577586516304546,33.454447493035545,6.876860976730999,WEAK,WEAK,Q4_Both_Weak,DROP,Stable,1,1,3215,2866,2506
LOGO,Alpha Brands Consumption Leaders ETF,Mid-Cap Blend,Active,21.46852199820561,36.734693877551024,15.266171879345414,WEAK,WEAK,Q4_Both_Weak,DROP,Upgraded by 2025 system,0.15,0.25,3428,2656,2507
LIDAX,Lord Abbett International Value Fund A,Foreign Large Value,Active,32.58111317234248,27.57354339755117,-5.007569774791307,WEAK,WEAK,Q4_Both_Weak,DROP,Stable,1,1,2926,3160,2508
APDYX,Artisan Developing World Fund Advisor,Diversified Emerging Mkts,Active,36.2309183670019,20.703637291679577,-15.527281075322321,WEAK,WEAK,Q4_Both_Weak,DROP,Downgraded by 2025 system,1,1,2694,3395,2509
MDLV,Morgan Dempsey Large Cap Value ETF,Large Value,Active,30.497532611738414,29.815303430079155,-0.6822291816592596,WEAK,WEAK,Q4_Both_Weak,DROP,Stable,0.15,0.25,3034,3056,2510
TOLL,Tema Durable Quality ETF,Large Blend,Active,22.801007257184438,35.84521384928717,13.044206592102732,WEAK,WEAK,Q4_Both_Weak,DROP,Upgraded by 2025 system,0.15,0.25,3376,2716,2511
ITOL,Tema International Durable Quality ETF,Foreign Large Blend,Active,3.5915079203669804,41.88790560471977,38.29639768435279,WEAK,WEAK,Q4_Both_Weak,DROP,Upgraded by 2025 system,0.1,0.25,3754,2339,2512
GRNJ,Fundstrat Granny Shots US Small- & Mid-Cap ETF,Mid-Cap Blend,Active,23.448275862068968,35.51020408163265,12.061928219563683,WEAK,WEAK,Q4_Both_Weak,DROP,Upgraded by 2025 system,0.1,0.25,3352,2742,2513
VOLMX,Volumetric Fund,Large Blend,Active,36.6983781285576,18.848428541936805,-17.849949586620795,WEAK,WEAK,Q4_Both_Weak,DROP,Downgraded by 2025 system,1,1,2652,3442,2513
RETSX,Russell Investments Tax-Managed US Large Cap S,Large Blend,Active,35.70176498861791,21.61274537700787,-14.089019611610041,WEAK,WEAK,Q4_Both_Weak,DROP,Downgraded by 2025 system,1,1,2726,3370,2514
MERDX,Meridian Growth Fund Legacy,Small Growth,Active,30.75191992455293,29.505031910853717,-1.2468880136992126,WEAK,WEAK,Q4_Both_Weak,DROP,Stable,1,1,3025,3072,2515
BIGRX,American Century Disciplined Value Fund Inv,Large Value,Active,33.44011213364213,25.891470124046595,-7.548642009595536,WEAK,WEAK,Q4_Both_Weak,DROP,Stable,1,1,2881,3219,2516
SHRY,First Trust Bloomberg Shareholder Yield ETF,Large Value,Passive,28.690832852169578,31.08911846889697,2.3982856167273923,WEAK,WEAK,Q4_Both_Weak,DROP,Stable,0.57,0.8444,3127,2976,2517
GUSYX,Grandeur Peak US Stalwarts Fund Inst,Mid-Cap Growth,Active,29.374722928634768,30.438754038639182,1.0640311100044144,WEAK,WEAK,Q4_Both_Weak,DROP,Stable,0.57,0.79,3092,3012,2518
SGPKX,SGI Peak Fund I,Large Blend,Active,35.94724972616247,20.647804229147365,-15.299445497015103,WEAK,WEAK,Q4_Both_Weak,DROP,Downgraded by 2025 system,0.57,0.79,2707,3398,2519
XCOR,FundX ETF,Large Growth,Active,32.743036834893545,26.88322670198681,-5.859810132906734,WEAK,WEAK,Q4_Both_Weak,DROP,Stable,0.37,0.77,2919,3188,2520
VNSE,Natixis Vaughan Nelson Select ETF,Large Blend,Active,34.220891503236004,24.372779565187123,-9.84811193804888,WEAK,WEAK,Q4_Both_Weak,DROP,Stable,0.57,0.79,2827,3283,2521
MXEVX,Empower Core Strategies International Eqty Inv,Foreign Large Blend,Active,35.678765463958364,21.06975854162138,-14.609006922336985,WEAK,WEAK,Q4_Both_Weak,DROP,Downgraded by 2025 system,0.57,0.79,2729,3384,2522
EIFVX,Eaton Vance Focused Value Opportunities Fund I,Large Value,Active,32.50291397882403,26.973686955855865,-5.529227022968168,WEAK,WEAK,Q4_Both_Weak,DROP,Stable,1,1,2930,3184,2523
VALLX,Value Line Larger Companies Focused Fund Investor,Large Growth,Active,23.90846416622823,34.771524584719245,10.863060418491013,WEAK,WEAK,Q4_Both_Weak,DROP,Upgraded by 2025 system,1,1,3329,2787,2524
BAILX,Brown Advisory Sustainable Internatl Leaders Inst,Foreign Large Growth,Active,31.885447394296946,27.63616006828832,-4.249287326008627,WEAK,WEAK,Q4_Both_Weak,DROP,Stable,0.15,0.46,2964,3156,2525
WCEO,Hypatia Women CEO ETF,Small Blend,Active,23.565314273492792,35.02654446260748,11.46123018911469,WEAK,WEAK,Q4_Both_Weak,DROP,Upgraded by 2025 system,0.15,0.46,3346,2775,2526
EMQIX,Ashmore Emerging Markets Active Equity Fund Inst,Diversified Emerging Mkts,Active,31.305094141053825,28.134878519453665,-3.1702156216001605,WEAK,WEAK,Q4_Both_Weak,DROP,Stable,0.57,0.79,2987,3137,2527
CVGRX,Calamos Growth Fund A,Large Growth,Active,34.14314226761117,24.211148761026298,-9.93199350658487,WEAK,WEAK,Q4_Both_Weak,DROP,Stable,1,1,2834,3291,2528
SMMIX,Invesco Summit Fund P,Large Growth,Active,30.217401646945262,29.36709932512407,-0.8503023218211929,WEAK,WEAK,Q4_Both_Weak,DROP,Stable,1,1,3049,3077,2529
AINIX,Ariel International Fund Institutional,Foreign Large Value,Active,33.104767892728034,25.60106440983376,-7.503703482894274,WEAK,WEAK,Q4_Both_Weak,DROP,Stable,1,1,2896,3235,2530
BEEZ,Honeytree US Equity ETF,Large Blend,Active,27.71569838524282,31.466395112016293,3.750696726773473,WEAK,WEAK,Q4_Both_Weak,DROP,Stable,0.15,0.25,3176,2956,2531
FRIZ,Franklin Dividend Growth ETF,Large Blend,Active,7.341347251109934,40.73319755600815,33.39185030489821,WEAK,WEAK,Q4_Both_Weak,DROP,Upgraded by 2025 system,0.1,0.25,3719,2413,2531
BRIF,FIS Bright Portfolios Focused Equity ETF,Large Blend,Active,28.510370292393738,30.75356415478615,2.2431938623924133,WEAK,WEAK,Q4_Both_Weak,DROP,Stable,0.15,0.25,3141,2993,2532
BAMG,Brookstone Growth Stock ETF,Large Growth,Active,29.450961745009835,29.951690821256037,0.500729076246202,WEAK,WEAK,Q4_Both_Weak,DROP,Stable,0.15,0.25,3088,3048,2533
MORT,VanEck Mortgage REIT Income ETF,Real Estate,Passive,24.66653812481967,33.856334797967975,9.189796673148305,WEAK,WEAK,Q4_Both_Weak,DROP,Stable,1,1,3291,2846,2534
RFISX,Ranger Small Cap Fund Inst,Small Growth,Active,32.51714970484635,26.212885068986168,-6.304264635860179,WEAK,WEAK,Q4_Both_Weak,DROP,Stable,1,1,2929,3209,2535
FRSLX,Nuveen Small/Mid Cap Growth Opportunities Fund A,Mid-Cap Growth,Active,28.650563722850368,30.413881838906455,1.7633181160560873,WEAK,WEAK,Q4_Both_Weak,DROP,Stable,1,1,3130,3015,2536
PGIUX,Virtus Duff & Phelps Global Infrastructure Fund I,Infrastructure,Active,32.43229293179194,26.199718300051455,-6.232574631740487,WEAK,WEAK,Q4_Both_Weak,DROP,Stable,1,1,2934,3211,2536
BIDD,iShares International Dividend Active ETF,Foreign Large Blend,Active,30.476506510936836,28.660202579185786,-1.816303931751051,WEAK,WEAK,Q4_Both_Weak,DROP,Stable,1,1,3036,3111,2537
LP40121668,Transamerica International Focus I2,Foreign Large Growth,Active,29.41721854950125,29.73357978770501,0.3163612382037613,WEAK,WEAK,Q4_Both_Weak,DROP,Stable,1,1,3089,3058,2537
TQCAX,Touchstone Dividend Equity Fund A,Large Value,Active,31.092599165534768,27.86469231313522,-3.227906852399549,WEAK,WEAK,Q4_Both_Weak,DROP,Stable,1,1,3001,3146,2537
MADAX,Madison Dividend Income Fund A,Large Value,Active,36.44832713224127,17.39967718269044,-19.04864994955083,WEAK,WEAK,Q4_Both_Weak,DROP,Downgraded by 2025 system,0.76,0.88,2673,3476,2538
SPFAX,PGIM Jennison Focused Growth Fund A,Large Growth,Active,25.238935869469014,33.19061193138918,7.951676061920164,WEAK,WEAK,Q4_Both_Weak,DROP,Stable,1,1,3272,2877,2538
MAMVX,MoA Mid Cap Value Fund,Mid-Cap Value,Active,32.938979037529975,25.308505957723533,-7.630473079806443,WEAK,WEAK,Q4_Both_Weak,DROP,Stable,1,1,2907,3247,2539
JHFEX,John Hancock Fundamental Equity Income Fund I,Large Value,Active,22.194781009867278,35.32279195199934,13.128010942132065,WEAK,WEAK,Q4_Both_Weak,DROP,Upgraded by 2025 system,0.15,0.46,3401,2756,2540
DVAL,BrandywineGLOBAL-Dynamic US Large Cap Value ETF,Large Value,Active,32.18668760277084,26.178852633025006,-6.007834969745833,WEAK,WEAK,Q4_Both_Weak,DROP,Stable,0.37,0.77,2946,3212,2541
RYBHX,Rydex S&P MidCap 400 Pure Growth Fund H,Mid-Cap Growth,Passive,37.20620472368679,13.676164965698135,-23.530039757988654,WEAK,WEAK,Q4_Both_Weak,DROP,Downgraded by 2025 system,1,1,2610,3549,2542
SAMM,Strategas Macro Momentum ETF,Large Blend,Active,27.799797174544793,30.75356415478615,2.953766980241358,WEAK,WEAK,Q4_Both_Weak,DROP,Stable,0.15,0.25,3170,2993,2543
AFMCX,Acuitas US Microcap Fund Inst,Small Blend,Active,29.332509819372348,29.571396138237983,0.23888631886563516,WEAK,WEAK,Q4_Both_Weak,DROP,Stable,1,1,3096,3070,2544
FSYJX,Fidelity Sustainable Emerging Markets Equity Fund,Diversified Emerging Mkts,Active,23.425942931896103,34.38692186922509,10.960978937328989,WEAK,WEAK,Q4_Both_Weak,DROP,Upgraded by 2025 system,0.15,0.46,3354,2814,2545
FAIEX,First American Multi-Manager Intl Eqty Fd Inst,Foreign Large Blend,Active,26.78743828759982,31.385230702166144,4.5977924145663245,WEAK,WEAK,Q4_Both_Weak,DROP,Stable,0.57,0.79,3209,2960,2546
NIKL,Sprott Nickel Miners ETF,Natural Resources,Passive,29.51275868997388,29.165373564656765,-0.3473851253171141,WEAK,WEAK,Q4_Both_Weak,DROP,Stable,0.15,0.5111,3085,3086,2547
SRET,Global X SuperDividend REIT ETF,Real Estate,Passive,24.670835121285585,33.14904270267494,8.478207581389356,WEAK,WEAK,Q4_Both_Weak,DROP,Stable,1,1,3290,2881,2547
BUYO,KraneShares Man Buyout Beta Index ETF,Small Blend,Passive,20.38726492283053,35.81879138452864,15.431526461698109,WEAK,WEAK,Q4_Both_Weak,DROP,Upgraded by 2025 system,0.15,0.5111,3458,2718,2548
KDHAX,DWS CROCI Equity Dividend Fund A,Large Value,Active,34.493189020064804,21.475917286041735,-13.017271734023069,WEAK,WEAK,Q4_Both_Weak,DROP,Downgraded by 2025 system,1,1,2813,3375,2549
MDPIX,ProFunds Mid-Cap ProFund Investor,Mid-Cap Blend,Passive,24.278645136684702,33.15037674481267,8.871731608127966,WEAK,WEAK,Q4_Both_Weak,DROP,Stable,1,1,3309,2880,2550
BRAGX,Bridgeway Aggressive Investors 1 Fund,Large Blend,Active,23.8551634520704,33.66036334605753,9.80519989398713,WEAK,WEAK,Q4_Both_Weak,DROP,Stable,1,1,3334,2858,2551
AIFFX,Aristotle International Equity Fund I-2,Foreign Large Blend,Active,31.953433120596568,25.597332499677634,-6.356100620918934,WEAK,WEAK,Q4_Both_Weak,DROP,Stable,1,1,2957,3236,2552
ICEUX,NYLI Epoch International Choice Fund I,Foreign Large Blend,Active,33.115120514709325,23.948729417004852,-9.166391097704473,WEAK,WEAK,Q4_Both_Weak,DROP,Stable,1,1,2894,3302,2553
MNZL,Manzil Russell Halal USA Broad Market ETF,Large Blend,Passive,5.48636858854281,39.93996356030841,34.453594971765604,WEAK,WEAK,Q4_Both_Weak,DROP,Upgraded by 2025 system,0.1,0.5111,3737,2459,2553
GTSAX,Invesco Small Cap Growth Fund A,Small Growth,Active,29.52905692288683,28.61420839530891,-0.9148485275779201,WEAK,WEAK,Q4_Both_Weak,DROP,Stable,1,1,3083,3114,2554
HRVIX,Heartland Value Plus Fund Investor,Small Value,Active,34.740348759249905,20.532487056187477,-14.207861703062427,WEAK,WEAK,Q4_Both_Weak,DROP,Downgraded by 2025 system,0.95,1,2797,3402,2555
REM,iShares Mortgage Real Estate ETF,Real Estate,Passive,22.780071656235293,34.18047760669951,11.400405950464219,WEAK,WEAK,Q4_Both_Weak,DROP,Upgraded by 2025 system,1,1,3377,2823,2556
BTLSX,Baillie Gifford International Concntrtd Gr Eq Inst,Foreign Large Growth,Active,24.649009066801337,32.56200033217805,7.912991265376714,WEAK,WEAK,Q4_Both_Weak,DROP,Stable,0.57,0.79,3294,2909,2557
SISEX,SCM Shelton International Select Equity Fund Inst,Foreign Large Blend,Active,32.2354538079868,25.059096344589015,-7.176357463397785,WEAK,WEAK,Q4_Both_Weak,DROP,Stable,0.89,0.88,2945,3259,2558
TPIIX,Timothy Plan International Fund I,Foreign Large Blend,Active,32.359874769420856,24.839966493591746,-7.51990827582911,WEAK,WEAK,Q4_Both_Weak,DROP,Stable,1,1,2938,3267,2559
PNQI,Invesco NASDAQ Internet ETF,Large Growth,Passive,18.740111859478727,36.094574697461766,17.35446283798304,WEAK,WEAK,Q4_Both_Weak,DROP,Upgraded by 2025 system,1,1,3508,2698,2560
PRVS,Parnassus Value Select ETF,Large Value,Active,21.958852881590552,34.696569920844325,12.737717039253774,WEAK,WEAK,Q4_Both_Weak,DROP,Upgraded by 2025 system,0.15,0.25,3413,2794,2561
SECIX,New Age Alpha Large Cap Value Fund A,Large Value,Active,32.69701248143077,24.33648981547139,-8.36052266595938,WEAK,WEAK,Q4_Both_Weak,DROP,Stable,1,1,2922,3286,2562
BCUS,Bancreek U.S. Large Cap ETF,Large Blend,Active,30.64036999124099,27.08757637474542,-3.5527936164955705,WEAK,WEAK,Q4_Both_Weak,DROP,Stable,0.15,0.25,3029,3180,2563
INTL,Main International ETF,Foreign Large Blend,Active,31.933735203486762,25.142291755662132,-6.79144344782463,WEAK,WEAK,Q4_Both_Weak,DROP,Stable,0.15,0.46,2959,3256,2564
PJIO,PGIM Jennison International Opportunities ETF,Foreign Large Growth,Active,30.254670599803347,27.33812949640288,-2.916541103400469,WEAK,WEAK,Q4_Both_Weak,DROP,Stable,0.15,0.25,3047,3168,2564
ZVGIX,Zevenbergen Genea Fund Institutional,Large Growth,Active,23.865641637774093,33.048870199522085,9.183228561747992,WEAK,WEAK,Q4_Both_Weak,DROP,Stable,1,1,3333,2883,2565
WFDSX,Allspring SMID Cap Growth Fund Inst,Mid-Cap Growth,Active,25.05850735220758,31.841195531414247,6.782688179206666,WEAK,WEAK,Q4_Both_Weak,DROP,Stable,1,1,3278,2942,2566
ACLC,American Century Large Cap Equity ETF,Large Blend,Active,31.16136776078029,25.76013010548024,-5.401237655300051,WEAK,WEAK,Q4_Both_Weak,DROP,Stable,0.57,0.79,2996,3225,2567
CVFCX,Victory Pioneer Disciplined Value Fund A,Large Value,Active,31.799395430938887,25.281551882866204,-6.517843548072683,WEAK,WEAK,Q4_Both_Weak,DROP,Stable,1,1,2971,3250,2567
MEMKX,BNY Mellon Emerging Markets Fund M,Diversified Emerging Mkts,Active,33.11423569279302,23.21600265167338,-9.898233041119635,WEAK,WEAK,Q4_Both_Weak,DROP,Stable,1,1,2895,3327,2568
VYMQX,Voya MI Dynamic SMID Cap Fund A,Mid-Cap Blend,Active,27.800343416795915,29.838687299557055,2.03834388276114,WEAK,WEAK,Q4_Both_Weak,DROP,Stable,1,1,3169,3054,2569
GABIX,Gabelli Asset Fund I,Large Blend,Active,31.030388703302382,25.867498153413603,-5.162890549888779,WEAK,WEAK,Q4_Both_Weak,DROP,Stable,1,1,3005,3220,2570
TSWIX,Transamerica International Equity I,Foreign Large Value,Active,33.22310713445303,22.723585885045946,-10.499521249407085,WEAK,WEAK,Q4_Both_Weak,DROP,Downgraded by 2025 system,1,1,2891,3336,2571
NSMVX,North Star Micro Cap I,Small Blend,Active,30.34956051269802,26.843621806334394,-3.505938706363626,WEAK,WEAK,Q4_Both_Weak,DROP,Stable,1,1,3042,3191,2572
HSLAX,Hartford Small Cap Growth Fund A,Small Growth,Active,30.136068363225256,27.172451719608194,-2.963616643617062,WEAK,WEAK,Q4_Both_Weak,DROP,Stable,1,1,3056,3178,2573
MYLD,Cambria Micro and SmallCap Shareholder Yield ETF,Small Value,Active,32.409492949840434,23.85786802030457,-8.551624929535866,WEAK,WEAK,Q4_Both_Weak,DROP,Stable,0.15,0.25,2936,3303,2574
PIOTX,Victory Pioneer Core Equity Fund A,Large Blend,Active,32.90250022040765,22.962877597846948,-9.939622622560705,WEAK,WEAK,Q4_Both_Weak,DROP,Stable,1,1,2911,3330,2575
WVMRX,William Blair Mid Cap Value Fund R6,Mid-Cap Value,Active,26.51983344291036,30.33341122534608,3.8135777824357184,WEAK,WEAK,Q4_Both_Weak,DROP,Stable,0.15,0.46,3218,3025,2576
AWPYX,AB Sustainable International Thematic Fund Adv,Foreign Large Growth,Active,28.661276160759876,28.612184837664955,-0.04909132309492037,WEAK,WEAK,Q4_Both_Weak,DROP,Stable,1,1,3129,3115,2577
TBCUX,Tweedy Browne Intl Value Fund II - Curr Unhgd,Foreign Large Value,Active,34.82591558266067,18.19566628430082,-16.63024929835985,WEAK,WEAK,Q4_Both_Weak,DROP,Downgraded by 2025 system,1,1,2791,3455,2578
BUFTX,Buffalo Mid Cap Discovery Fund Inv,Mid-Cap Growth,Active,33.66949546001532,21.20919800915234,-12.460297450862978,WEAK,WEAK,Q4_Both_Weak,DROP,Downgraded by 2025 system,1,1,2866,3382,2579
OAYLX,Oakmark Select Fund Advisor,Large Value,Active,28.52020450729466,28.62456312975793,0.10435862246326977,WEAK,WEAK,Q4_Both_Weak,DROP,Stable,0.76,0.88,3140,3113,2580
BUZZ,VanEck Social Sentiment ETF,Large Growth,Passive,24.299082302993753,31.54747624600855,7.248393943014797,WEAK,WEAK,Q4_Both_Weak,DROP,Stable,0.25,0.6444,3306,2954,2581
BGFIX,William Blair Growth Fund I,Large Growth,Active,31.120458078533016,24.840619253699487,-6.279838824833529,WEAK,WEAK,Q4_Both_Weak,DROP,Stable,1,1,2999,3266,2582
KONG,Formidable Fortress ETF,Mid-Cap Blend,Active,32.705466118192746,22.399290150842948,-10.306175967349798,WEAK,WEAK,Q4_Both_Weak,DROP,Downgraded by 2025 system,0.15,0.46,2921,3345,2583
STNC,Hennessy Sustainable ETF,Large Blend,Active,35.526963098469864,14.96530471146302,-20.561658387006844,WEAK,WEAK,Q4_Both_Weak,DROP,Downgraded by 2025 system,0.15,0.47,2744,3522,2583
ADNYX,American Beacon ARK Transformatnl Innovatn Fd Y,Mid-Cap Growth,Active,19.879862174795644,34.7413230542294,14.861460879433753,WEAK,WEAK,Q4_Both_Weak,DROP,Upgraded by 2025 system,0.57,0.79,3477,2791,2584
RFDI,First Trust RiverFront Dynamic Developed Intl ETF,Foreign Large Value,Active,24.056284538493983,31.66697528212847,7.6106907436344855,WEAK,WEAK,Q4_Both_Weak,DROP,Stable,0.57,0.79,3321,2947,2584
RND,First Trust Bloomberg R&D Leaders ETF,Large Blend,Passive,27.10602778339508,29.472563833023703,2.366536049628621,WEAK,WEAK,Q4_Both_Weak,DROP,Stable,0.15,0.5111,3196,3074,2585
GMOYX,GMO Resource Transition Fund VI,Natural Resources,Active,34.7377938517179,17.419489193254904,-17.318304658463,WEAK,WEAK,Q4_Both_Weak,DROP,Downgraded by 2025 system,0.15,0.46,2798,3475,2586
YMAG,YieldMax Magnificent 7 Fund of Option Income ETFs,Large Blend,Active,36.8190249464054,3.1568228105906315,-33.662202135814766,WEAK,WEAK,Q4_Both_Weak,DROP,Downgraded by 2025 system,0.15,0.25,2638,3635,2586
TFOIX,Transamerica Capital Growth I,Large Growth,Active,19.25044746697559,34.955922432495846,15.705474965520256,WEAK,WEAK,Q4_Both_Weak,DROP,Upgraded by 2025 system,1,1,3493,2781,2587
GEQIX,Glenmede Equity Income Portfolio,Large Value,Active,33.04970188890749,21.286906400650054,-11.762795488257439,WEAK,WEAK,Q4_Both_Weak,DROP,Downgraded by 2025 system,0.57,0.79,2897,3379,2588
GOP,Unusual Whales Subversive Republican Trading ETF,Large Blend,Active,27.160688073923207,29.239134027434638,2.07844595351143,WEAK,WEAK,Q4_Both_Weak,DROP,Stable,0.15,0.46,3194,3083,2589
PCSVX,PACE Small/Medium Co Value Equity Inv P,Small Value,Active,30.001105849825127,26.096060866169157,-3.9050449836559693,WEAK,WEAK,Q4_Both_Weak,DROP,Stable,1,1,3067,3214,2590
EACPX,Eaton Vance Tax-Managed Multi-Cap Growth Fund A,Large Growth,Active,32.900708926132594,21.610976465361603,-11.289732460770992,WEAK,WEAK,Q4_Both_Weak,DROP,Downgraded by 2025 system,1,1,2912,3371,2591
BATT,Amplify Lithium & Battery Technology ETF,Natural Resources,Passive,21.91046600204863,33.36153203257989,11.451066030531258,WEAK,WEAK,Q4_Both_Weak,DROP,Upgraded by 2025 system,0.57,0.8444,3414,2870,2592
FRBSX,Franklin Mutual US Mid Cap Value Fund A,Mid-Cap Value,Active,32.168814202335554,22.44013236421972,-9.728681838115833,WEAK,WEAK,Q4_Both_Weak,DROP,Stable,1,1,2947,3342,2593
BNUEX,UBS International Sustainable Equity Fund P,Foreign Large Blend,Active,30.445431570748195,25.175532918228715,-5.26989865251948,WEAK,WEAK,Q4_Both_Weak,DROP,Stable,1,1,3038,3254,2594
ASQIX,American Century Small Company Fund Investor,Small Blend,Active,21.39668517257057,33.41021483315395,12.01352966058338,WEAK,WEAK,Q4_Both_Weak,DROP,Upgraded by 2025 system,1,1,3431,2867,2595
MSOAX,NYLI WMC Enduring Capital Fund A,Large Blend,Active,30.875915566853408,24.382831511641697,-6.49308405521171,WEAK,WEAK,Q4_Both_Weak,DROP,Stable,1,1,3017,3282,2596
WLCVX,Wilshire Large Company Value Portfolio Inst,Large Value,Active,25.34891196444111,30.222847711792365,4.873935747351254,WEAK,WEAK,Q4_Both_Weak,DROP,Stable,1,1,3267,3032,2596
LEIFX,Federated Hermes Strategic Dividend Growth Fd A,Large Value,Active,30.477472893703904,24.854403133571694,-5.623069760132211,WEAK,WEAK,Q4_Both_Weak,DROP,Stable,0.95,1,3035,3265,2597
PZISX,Pzena Small Cap Value Fund Institutional,Small Value,Active,29.36187488833479,26.199737224668468,-3.1621376636663214,WEAK,WEAK,Q4_Both_Weak,DROP,Stable,0.57,0.79,3093,3210,2598
PBSIX,Polen 5Perspectives Small Growth Fund Inst,Small Growth,Active,21.485196821855624,32.97316154430579,11.487964722450165,WEAK,WEAK,Q4_Both_Weak,DROP,Upgraded by 2025 system,0.57,0.79,3426,2884,2599
IPO,Renaissance IPO ETF,Mid-Cap Growth,Passive,15.58508282217532,35.81918266889297,20.23409984671765,WEAK,WEAK,Q4_Both_Weak,DROP,Upgraded by 2025 system,1,1,3595,2717,2600
CIEQX,Segall Bryant & Hamill International Equity Ins,Foreign Large Value,Active,18.04806825933586,34.91500495668991,16.866936697354053,WEAK,WEAK,Q4_Both_Weak,DROP,Upgraded by 2025 system,0.15,0.36,3531,2782,2601
USPFX,Union Street Partners Value Fund Adv,Large Value,Active,34.03720715008253,17.854596340727564,-16.182610809354966,WEAK,WEAK,Q4_Both_Weak,DROP,Downgraded by 2025 system,0.76,0.88,2845,3469,2602
CEKYX,Columbia Emerging Markets Fund I3,Diversified Emerging Mkts,Active,24.41890295765651,30.462225748442943,6.0433227907864335,WEAK,WEAK,Q4_Both_Weak,DROP,Stable,1,1,3304,3011,2603
CVAR,Cultivar ETF,Mid-Cap Value,Active,29.2232718548508,25.919790472515864,-3.3034813823349367,WEAK,WEAK,Q4_Both_Weak,DROP,Stable,0.15,0.46,3100,3218,2604
GTCEX,Glenmede Strategic Equity Portfolio,Large Blend,Active,31.105902468669473,23.463456080488175,-7.642446388181298,WEAK,WEAK,Q4_Both_Weak,DROP,Stable,1,1,3000,3318,2604
MXXVX,Matthew 25 Fund,Large Blend,Active,25.61063041687699,29.648218749762016,4.037588332885026,WEAK,WEAK,Q4_Both_Weak,DROP,Stable,1,1,3257,3064,2605
FMIHX,FMI Large Cap Fund Investor,Large Blend,Active,31.78466808332731,22.19655820923188,-9.58810987409543,WEAK,WEAK,Q4_Both_Weak,DROP,Stable,1,1,2972,3353,2606
EMOT,First Trust S&P 500 Economic Moat Index ETF,Large Blend,Passive,25.835855434342637,29.32497143403225,3.489115999689613,WEAK,WEAK,Q4_Both_Weak,DROP,Stable,0.15,0.5111,3247,3080,2607
STRN,SMART Trend 25 ETF,Large Blend,Active,19.97748829878014,33.604887983706725,13.627399684926583,WEAK,WEAK,Q4_Both_Weak,DROP,Upgraded by 2025 system,0.15,0.25,3474,2859,2608
CHTRX,Invesco Charter Fund A,Large Blend,Active,31.900571897895773,21.511624611464804,-10.38894728643097,WEAK,WEAK,Q4_Both_Weak,DROP,Downgraded by 2025 system,1,1,2962,3372,2609
UDI,USCF Dividend Income Fund,Large Value,Active,20.803836841608238,32.89604476192742,12.092207920319183,WEAK,WEAK,Q4_Both_Weak,DROP,Upgraded by 2025 system,0.15,0.46,3448,2886,2609
AGREX,Invesco Global Real Estate Fund A,Global Real Estate,Active,32.272915437155646,20.705490062747728,-11.567425374407918,WEAK,WEAK,Q4_Both_Weak,DROP,Downgraded by 2025 system,1,1,2943,3394,2610
JMIGX,Jacob Discovery Fund Institutional,Small Blend,Active,31.66854288669068,21.89390014088313,-9.77464274580755,WEAK,WEAK,Q4_Both_Weak,DROP,Stable,1,1,2975,3362,2610
WTRE,WisdomTree New Economy Real Estate Fund,Global Real Estate,Passive,19.730060644412806,33.59570349021869,13.865642845805883,WEAK,WEAK,Q4_Both_Weak,DROP,Upgraded by 2025 system,1,1,3478,2860,2611
BUFSX,Buffalo Small Cap Growth Fund Inv,Small Growth,Active,27.74165374644201,27.537731872724848,-0.20392187371716375,WEAK,WEAK,Q4_Both_Weak,DROP,Stable,1,1,3175,3164,2612
MISGX,Meridian Small Cap Growth Fund Investor,Small Growth,Active,31.96919912821854,20.8432292769251,-11.12596985129344,WEAK,WEAK,Q4_Both_Weak,DROP,Downgraded by 2025 system,1,1,2955,3389,2613
VYSEX,Voya MI Dynamic Small Cap Fund R6,Small Blend,Active,23.011956330723766,31.204331458308555,8.19237512758479,WEAK,WEAK,Q4_Both_Weak,DROP,Stable,1,1,3372,2972,2613
DWOAX,BNY Mellon Research Growth Fund Inc A,Large Growth,Active,28.423368486983,26.33776397119043,-2.0856045157925713,WEAK,WEAK,Q4_Both_Weak,DROP,Stable,1,1,3145,3203,2614
WGUSX,Wasatch US Select Fund Inst,Mid-Cap Growth,Active,27.705597282128995,27.29257849731669,-0.41301878481230503,WEAK,WEAK,Q4_Both_Weak,DROP,Stable,0.15,0.46,3178,3170,2614
CCFE,Concourse Capital Focused Equity ETF,Small Value,Active,7.719069738246187,37.055837563451774,29.336767825205587,WEAK,WEAK,Q4_Both_Weak,DROP,Upgraded by 2025 system,0.1,0.25,3715,2634,2615
FMTL,First Trust Indxx Critical Metals ETF,Natural Resources,Passive,4.523809523809524,37.52515291974091,33.001343395931386,WEAK,WEAK,Q4_Both_Weak,DROP,Upgraded by 2025 system,0.1,0.5111,3746,2604,2616
SPRAX,PGIM Quant Solutions Mid-Cap Value Fund A,Mid-Cap Value,Active,26.87281795871946,27.807510587538868,0.9346926288194091,WEAK,WEAK,Q4_Both_Weak,DROP,Stable,1,1,3204,3149,2617
BWEB,Bitwise Web3 ETF,Large Growth,Passive,24.53469556929652,29.784574323358726,5.249878754062205,WEAK,WEAK,Q4_Both_Weak,DROP,Stable,0.15,0.5111,3298,3057,2618
CLARX,NYLI CBRE Real Estate Fund A,Real Estate,Active,30.912215084839804,22.35133390716883,-8.560881177670975,WEAK,WEAK,Q4_Both_Weak,DROP,Stable,1,1,3012,3346,2619
BEOIX,Barrow Hanley Concentrated Emg Mkt ESG Opp Fd Inst,Diversified Emerging Mkts,Active,22.084635469656725,31.347010021267717,9.262374551610993,WEAK,WEAK,Q4_Both_Weak,DROP,Stable,0.15,0.46,3408,2963,2620
WAMCX,Wasatch Ultra Growth Fund Investor,Small Growth,Active,30.323613143186428,23.01971352239903,-7.303899620787398,WEAK,WEAK,Q4_Both_Weak,DROP,Stable,1,1,3044,3328,2621
LIGYX,Loomis Sayles International Growth Fund Y,Foreign Large Growth,Active,29.349626097995916,24.43449298292349,-4.915133115072425,WEAK,WEAK,Q4_Both_Weak,DROP,Stable,0.57,0.79,3095,3278,2622
GLIX,Lazard Listed Infrastructure ETF,Infrastructure,Active,22.038594755071745,31.25,9.211405244928255,WEAK,WEAK,Q4_Both_Weak,DROP,Stable,0.15,0.25,3411,2966,2623
RESGX,Glenmede Energy Resilience Portfolio,Large Value,Active,30.73436859178588,22.239445370511277,-8.494923221274604,WEAK,WEAK,Q4_Both_Weak,DROP,Stable,1,1,3026,3351,2623
IARAX,Invesco Real Estate Fund A,Real Estate,Active,32.686414531833236,18.18746784077545,-14.498946691057785,WEAK,WEAK,Q4_Both_Weak,DROP,Downgraded by 2025 system,1,1,2923,3456,2624
TSRS,Truth Social American Red State REITs ETF,Real Estate,Passive,4.719101123595506,37.02847459936307,32.309373475767565,WEAK,WEAK,Q4_Both_Weak,DROP,Upgraded by 2025 system,0.1,0.5111,3745,2636,2625
RSMOX,Victory RS Mid Cap Growth Fund A,Mid-Cap Growth,Active,25.734026539166987,28.240026912930432,2.5060003737634453,WEAK,WEAK,Q4_Both_Weak,DROP,Stable,1,1,3251,3131,2626
MAAKX,MoA All America Fund,Large Blend,Active,27.560729778388314,26.347353716455977,-1.2133760619323368,WEAK,WEAK,Q4_Both_Weak,DROP,Stable,1,1,3183,3202,2627
WEMAX,Allspring Emerging Growth Fund A,Small Growth,Active,27.264347788158677,26.430456431359435,-0.8338913567992421,WEAK,WEAK,Q4_Both_Weak,DROP,Stable,1,1,3192,3199,2628
SCATX,Virtus Zevenbergen Innovative Growth Stock Fund I,Large Growth,Active,22.378143010773478,30.641733265563136,8.263590254789658,WEAK,WEAK,Q4_Both_Weak,DROP,Stable,1,1,3394,3001,2629
GSVPX,Goldman Sachs Smalll/Mid Cap Equity Fund P,Mid-Cap Blend,Active,29.04545332018838,24.309701567342813,-4.735751752845566,WEAK,WEAK,Q4_Both_Weak,DROP,Stable,0.76,0.88,3108,3288,2630
HYP,Golden Eagle Dynamic Hypergrowth ETF,Large Growth,Active,17.528344023519768,33.81642512077295,16.28808109725318,WEAK,WEAK,Q4_Both_Weak,DROP,Upgraded by 2025 system,0.15,0.25,3548,2851,2631
EZMO,AlphaDroid Broad Markets Momentum ETF,Large Growth,Passive,17.212244745106222,33.96635191194801,16.754107166841788,WEAK,WEAK,Q4_Both_Weak,DROP,Upgraded by 2025 system,0.15,0.5111,3560,2841,2632
RTSSX,Russell Investments Tax-Managed US Mid & Sm Cp S,Small Blend,Active,31.92555385662552,18.796498126628077,-13.129055729997443,WEAK,WEAK,Q4_Both_Weak,DROP,Downgraded by 2025 system,1,1,2960,3444,2633
BVAOX,Madison Small Cap Fund Y,Small Blend,Active,30.94001497497022,20.6917629110134,-10.248252063956823,WEAK,WEAK,Q4_Both_Weak,DROP,Downgraded by 2025 system,1,1,3010,3396,2634
CHCGX,Chesapeake Growth Fund,Large Growth,Active,32.046429851095326,18.378049361984022,-13.668380489111303,WEAK,WEAK,Q4_Both_Weak,DROP,Downgraded by 2025 system,1,1,2952,3454,2634
LITL,Simplify Piper Sandler US Small-Cap PLUS Inc ETF,Small Blend,Active,16.210613227489542,34.154929577464785,17.944316349975242,WEAK,WEAK,Q4_Both_Weak,DROP,Upgraded by 2025 system,0.15,0.25,3584,2826,2635
OISVX,Optimum Small-Mid Cap Value Fund Institutional,Small Value,Active,30.022487531303828,22.34021383624296,-7.682273695060868,WEAK,WEAK,Q4_Both_Weak,DROP,Stable,1,1,3066,3347,2636
CIMDX,Clarkston Founders Fund Institutional,Mid-Cap Value,Active,31.62783801941104,18.863792009526286,-12.764046009884755,WEAK,WEAK,Q4_Both_Weak,DROP,Downgraded by 2025 system,0.57,0.79,2976,3441,2637
SMOX,Horizon Small/Mid Cap Core Equity ETF,Mid-Cap Blend,Active,10.812807881773399,35.51020408163265,24.697396199859252,WEAK,WEAK,Q4_Both_Weak,DROP,Upgraded by 2025 system,0.1,0.25,3676,2742,2638
EATVX,Eaton Vance Tax-Managed Value Fund A,Large Value,Active,29.94780699364575,22.224528880041568,-7.723278113604181,WEAK,WEAK,Q4_Both_Weak,DROP,Stable,1,1,3069,3352,2639
BEEX,The BeeHive ETF,Large Blend,Active,31.235287777786176,19.416348543427862,-11.818939234358314,WEAK,WEAK,Q4_Both_Weak,DROP,Downgraded by 2025 system,1,1,2992,3430,2640
KWIN,KraneShares Wahed Alternative Income Index ETF,Large Value,Passive,8.076367180935094,35.882734417616994,27.8063672366819,WEAK,WEAK,Q4_Both_Weak,DROP,Upgraded by 2025 system,0.1,0.5111,3709,2713,2640
BASV,Brown Advisory Sustainable Value ETF,Large Value,Active,27.712713517180067,25.32981530343008,-2.3828982137499857,WEAK,WEAK,Q4_Both_Weak,DROP,Stable,0.15,0.25,3177,3246,2641
FSCHX,Fidelity Select Chemicals Portfolio,Natural Resources,Active,27.360562555143268,25.346194629428396,-2.014367925714872,WEAK,WEAK,Q4_Both_Weak,DROP,Stable,1,1,3187,3244,2642
WOMN,Impact Shares Womens Empowerment ETF,Large Blend,Passive,25.486678994559014,27.305525577945637,1.8188465833866232,WEAK,WEAK,Q4_Both_Weak,DROP,Stable,0.57,0.8444,3264,3169,2643
WSMGX,Wilshire Small Company Growth Portfolio Inst,Small Growth,Active,28.562234473344517,24.040661649544823,-4.521572823799694,WEAK,WEAK,Q4_Both_Weak,DROP,Stable,1,1,3136,3297,2643
PIEL,Pacer International Export Leaders ETF,Foreign Large Blend,Passive,2.115449800013559,36.55214298108624,34.436693181072684,WEAK,WEAK,Q4_Both_Weak,DROP,Upgraded by 2025 system,0.1,0.5111,3772,2668,2644
IDVY,First Trust Intl Rising Dividend Achievers ETF,Foreign Large Blend,Passive,1.6461030890561092,36.594768727036794,34.94866563798068,WEAK,WEAK,Q4_Both_Weak,DROP,Upgraded by 2025 system,0.1,0.5111,3778,2665,2645
PQNAX,Virtus NFJ Mid-Cap Value Fund A,Mid-Cap Value,Active,30.6259167996396,19.92230807474126,-10.703608724898341,WEAK,WEAK,Q4_Both_Weak,DROP,Downgraded by 2025 system,1,1,3030,3420,2646
CMEIX,Calvert Emerging Markets Focused Growth Fund I,Diversified Emerging Mkts,Active,14.14850871403606,34.13173652694611,19.98322781291005,WEAK,WEAK,Q4_Both_Weak,DROP,Upgraded by 2025 system,0.15,0.25,3622,2829,2647
NEXTX,Shelton Sustainable Equity Fund Investor,Mid-Cap Growth,Active,29.62518007940314,21.49260058426843,-8.13257949513471,WEAK,WEAK,Q4_Both_Weak,DROP,Stable,1,1,3077,3374,2647
OSTFX,Osterweis Fund,Large Blend,Active,31.446207252709137,17.353897639960636,-14.092309612748501,WEAK,WEAK,Q4_Both_Weak,DROP,Downgraded by 2025 system,1,1,2981,3478,2648
CISMX,Clarkston Partners Fund Institutional,Mid-Cap Value,Active,32.06849281834126,15.762259118438465,-16.306233699902798,WEAK,WEAK,Q4_Both_Weak,DROP,Downgraded by 2025 system,1,1,2951,3509,2649
BKF,iShares MSCI BIC ETF,Diversified Emerging Mkts,Passive,17.126001038442485,32.77707282492048,15.651071786477996,WEAK,WEAK,Q4_Both_Weak,DROP,Upgraded by 2025 system,1,1,3565,2896,2650
VKSGX,Virtus KAR Small-Mid Cap Value Fund R6,Mid-Cap Blend,Active,30.975403314543026,18.09760425909494,-12.877799055448087,WEAK,WEAK,Q4_Both_Weak,DROP,Downgraded by 2025 system,0.15,0.46,3006,3457,2651
LZSCX,Lazard US Small Cap Equity Select Portfolio Inst,Small Blend,Active,27.793648423798167,24.180072788608893,-3.6135756351892745,WEAK,WEAK,Q4_Both_Weak,DROP,Stable,1,1,3171,3294,2652
EMC,Global X Emerging Markets Great Consumer ETF,Diversified Emerging Mkts,Active,26.532053601857854,25.287777622926516,-1.2442759789313378,WEAK,WEAK,Q4_Both_Weak,DROP,Stable,0.37,0.66,3217,3249,2653
SRFMX,Sarofim Equity Fund,Large Blend,Active,30.236375869521947,20.002537889206152,-10.233837980315794,WEAK,WEAK,Q4_Both_Weak,DROP,Downgraded by 2025 system,1,1,3048,3418,2653
AFVZX,Applied Finance Select Fund Institutional,Large Value,Active,29.618894200618172,20.788622580805114,-8.830271619813058,WEAK,WEAK,Q4_Both_Weak,DROP,Stable,0.57,0.79,3078,3392,2654
SGLC,SGI US Large Cap Core ETF,Large Blend,Active,31.2729263547358,17.10794297352342,-14.16498338121238,WEAK,WEAK,Q4_Both_Weak,DROP,Downgraded by 2025 system,0.15,0.25,2988,3483,2655
IMCVX,Voya Multi-Manager Mid Cap Value Fund I,Mid-Cap Value,Active,27.055813329513366,24.45123778280031,-2.6045755467130576,WEAK,WEAK,Q4_Both_Weak,DROP,Stable,1,1,3197,3277,2656
DAEIX,Dean Equity Income Fund,Large Value,Active,30.966052909154328,17.866510063860943,-13.099542845293385,WEAK,WEAK,Q4_Both_Weak,DROP,Downgraded by 2025 system,0.15,0.46,3008,3468,2657
FDNI,First Trust Dow Jones International Internet ETF,Diversified Emerging Mkts,Passive,15.025940952799278,33.37120628561734,18.345265332818062,WEAK,WEAK,Q4_Both_Weak,DROP,Upgraded by 2025 system,0.57,0.8444,3607,2869,2657
POLEX,Polar Capital Emerging Market Stars Fund,Diversified Emerging Mkts,Active,24.983172169092736,26.50423823787812,1.5210660687853839,WEAK,WEAK,Q4_Both_Weak,DROP,Stable,0.57,0.79,3281,3198,2658
EFAD,ProShares MSCI EAFE Dividend Growers ETF,Foreign Large Blend,Passive,18.744155901725918,31.178859640308627,12.434703738582709,WEAK,WEAK,Q4_Both_Weak,DROP,Upgraded by 2025 system,1,1,3507,2973,2659
ZVNIX,Zevenbergen Growth Fund Institutional,Large Growth,Active,20.89112865644656,30.173924932178902,9.282796275732341,WEAK,WEAK,Q4_Both_Weak,DROP,Stable,1,1,3445,3035,2659
DHPIX,Diamond Hill Mid Cap Fund I,Mid-Cap Value,Active,26.678036669649945,24.748875377497246,-1.929161292152699,WEAK,WEAK,Q4_Both_Weak,DROP,Stable,1,1,3212,3270,2660
MMSMX,Goldman Sachs Multi-Manager US Sm Cp Eqty P,Small Blend,Active,23.394370487316763,28.412406789158855,5.018036301842091,WEAK,WEAK,Q4_Both_Weak,DROP,Stable,0.46,0.5,3355,3127,2660
SPYC,Simplify US Equity PLUS Convexity ETF,Large Blend,Active,21.36505343443488,29.89960249368739,8.534549059252509,WEAK,WEAK,Q4_Both_Weak,DROP,Stable,0.57,0.79,3433,3051,2661
DAVPX,Davenport Core Leaders Fund,Large Blend,Active,25.735475042853555,25.540737817642412,-0.19473722521114212,WEAK,WEAK,Q4_Both_Weak,DROP,Stable,1,1,3250,3237,2662
FMCE,FM Compounders Equity ETF,Large Blend,Active,26.12771466147609,25.050916496945007,-1.076798164531084,WEAK,WEAK,Q4_Both_Weak,DROP,Stable,0.15,0.25,3233,3260,2663
ICPY,"Tweedy, Browne International Insider + Value ETF",Foreign Large Value,Active,5.903673790997734,35.22012578616352,29.316451995165785,WEAK,WEAK,Q4_Both_Weak,DROP,Upgraded by 2025 system,0.1,0.25,3732,2761,2663
XVOL,Acruence Active Hedge US Equity ETF,Large Blend,Active,30.939871022770888,16.840618711937232,-14.099252310833656,WEAK,WEAK,Q4_Both_Weak,DROP,Downgraded by 2025 system,0.15,0.46,3011,3488,2664
CAAPX,Ariel Appreciation Fund Investor,Mid-Cap Value,Active,28.024935226533664,22.513835888030094,-5.51109933850357,WEAK,WEAK,Q4_Both_Weak,DROP,Stable,1,1,3159,3341,2665
CPOAX,Morgan Stanley Insight Fund A,Large Growth,Active,22.39901277240691,28.69958460766885,6.300571835261941,WEAK,WEAK,Q4_Both_Weak,DROP,Stable,1,1,3393,3109,2666
RWCEX,Redwheel Global Emerging Equity Fund Institutional,Diversified Emerging Mkts,Active,28.569612419328095,21.775117611838777,-6.794494807489318,WEAK,WEAK,Q4_Both_Weak,DROP,Stable,0.57,0.79,3135,3367,2666
PFDE,Pathfinder Disciplined US Equity ETF,Large Blend,Active,12.911343074054457,33.604887983706725,20.693544909652267,WEAK,WEAK,Q4_Both_Weak,DROP,Upgraded by 2025 system,0.1,0.25,3644,2859,2667
HFMCX,Hartford MidCap Fund A,Mid-Cap Growth,Active,30.193293460366466,18.480110505322116,-11.71318295504435,WEAK,WEAK,Q4_Both_Weak,DROP,Downgraded by 2025 system,1,1,3051,3453,2668
DNEMX,Dunham Emerging Markets Stock Fund N,Diversified Emerging Mkts,Active,27.326194813623527,23.4918202678885,-3.8343745457350273,WEAK,WEAK,Q4_Both_Weak,DROP,Stable,1,1,3189,3316,2669
SCEP,Sterling Capital Hedged Equity Premium Income ETF,Large Blend,Active,18.475331688348597,30.75356415478615,12.278232466437554,WEAK,WEAK,Q4_Both_Weak,DROP,Upgraded by 2025 system,0.1,0.25,3513,2993,2670
MFVL,Motley Fool Value Factor ETF,Large Value,Passive,2.000689052468825,35.57705289297088,33.57636384050206,WEAK,WEAK,Q4_Both_Weak,DROP,Upgraded by 2025 system,0.1,0.5111,3774,2735,2671
JSJAX,John Hancock Small Cap Dynamic Growth Fund A,Small Growth,Active,23.08375717320202,27.845425441475786,4.761668268273766,WEAK,WEAK,Q4_Both_Weak,DROP,Stable,0.76,0.88,3364,3147,2672
IPAYX,Integrity Dividend Summit Fund I,Large Value,Active,27.029310697334243,23.482849604221638,-3.5464610931126046,WEAK,WEAK,Q4_Both_Weak,DROP,Stable,0.15,0.25,3198,3317,2673
BLDX,Impax Global Infrastructure ETF,Infrastructure,Active,24.689094024965403,25.69241754754109,1.0033235225756876,WEAK,WEAK,Q4_Both_Weak,DROP,Stable,0.57,0.79,3289,3230,2674
QFHD,Pacer S&P 500 Quality FCF High Dividend ETF,Large Blend,Passive,2.1996718643016786,35.47551893745497,33.275847073153294,WEAK,WEAK,Q4_Both_Weak,DROP,Upgraded by 2025 system,0.1,0.5111,3770,2749,2674
DFDPX,DF Dent Premier Growth Fund,Large Growth,Active,27.25814182283337,22.945070571058203,-4.313071251775167,WEAK,WEAK,Q4_Both_Weak,DROP,Stable,1,1,3193,3331,2675
CILGX,Clarkston Fund Institutional,Mid-Cap Value,Active,26.278920226890833,24.05108854204532,-2.227831684845512,WEAK,WEAK,Q4_Both_Weak,DROP,Stable,0.57,0.79,3229,3296,2676
TMFM,Motley Fool Mid-Cap Growth ETF,Mid-Cap Growth,Active,25.63042870936436,24.795401927403056,-0.8350267819613038,WEAK,WEAK,Q4_Both_Weak,DROP,Stable,0.37,0.77,3256,3269,2676
ICEIX,Nomura International Core Equity Fund Inst,Foreign Large Blend,Active,26.916173065482724,23.28033089122438,-3.635842174258343,WEAK,WEAK,Q4_Both_Weak,DROP,Stable,1,1,3201,3325,2677
BEXIX,Baron Emerging Markets Fund Institutional,Diversified Emerging Mkts,Active,28.15601334027279,21.4987217298795,-6.65729161039329,WEAK,WEAK,Q4_Both_Weak,DROP,Stable,1,1,3156,3373,2678
RYDHX,Rydex Dow Jones Industrial Average Fund H,Large Value,Passive,30.300375097848057,16.813801534038053,-13.486573563810005,WEAK,WEAK,Q4_Both_Weak,DROP,Downgraded by 2025 system,1,1,3046,3489,2679
NFEAX,Columbia Large Cap Growth Opportunity Fund A,Large Growth,Active,28.251820476867923,20.813617372354447,-7.438203104513477,WEAK,WEAK,Q4_Both_Weak,DROP,Stable,1,1,3150,3390,2680
OAEM,OneAscent Emerging Markets ETF,Diversified Emerging Mkts,Active,24.19576604424816,25.715165593690664,1.5193995494425039,WEAK,WEAK,Q4_Both_Weak,DROP,Stable,0.15,0.46,3312,3229,2681
ETLIX,Eventide Large Cap Focus Fund Class I,Large Blend,Active,28.683004438002417,20.034338549557692,-8.648665888444725,WEAK,WEAK,Q4_Both_Weak,DROP,Stable,0.15,0.46,3128,3416,2682
SUPP,TCW Transform Supply Chain ETF,Large Blend,Active,21.82303806620537,28.292035357327315,6.468997291121944,WEAK,WEAK,Q4_Both_Weak,DROP,Stable,0.15,0.46,3416,3130,2683
IMSCX,IMS Capital Value Fund Institutional,Large Blend,Active,22.478202142881415,27.586092585135834,5.107890442254419,WEAK,WEAK,Q4_Both_Weak,DROP,Stable,1,1,3391,3157,2684
HGRO,Hedgeye Quality Growth ETF,Large Blend,Active,23.035401735427204,27.08757637474542,4.052174639318217,WEAK,WEAK,Q4_Both_Weak,DROP,Stable,0.15,0.25,3369,3180,2685
ECOIX,Redwheel Next Generation Power Infra Fd Inst,Infrastructure,Active,31.259861975306276,12.543964463681343,-18.71589751162493,WEAK,WEAK,Q4_Both_Weak,DROP,Downgraded by 2025 system,0.89,0.88,2989,3564,2686
BGRIX,Baron Growth Fund Institutional,Mid-Cap Growth,Active,28.53805305803101,20.044880992656548,-8.493172065374463,WEAK,WEAK,Q4_Both_Weak,DROP,Stable,1,1,3139,3415,2687
TMCGX,Thrivent Mid Cap Growth Fund S,Mid-Cap Growth,Active,25.290039188774095,24.33924409472531,-0.9507950940487859,WEAK,WEAK,Q4_Both_Weak,DROP,Stable,0.57,0.79,3270,3285,2688
AGOZX,Alger Small Cap Focus Fund Z,Small Growth,Active,19.991162730500314,29.078844442586643,9.08768171208633,WEAK,WEAK,Q4_Both_Weak,DROP,Stable,1,1,3472,3088,2689
HLIDX,Harding Loevner Intl Dvlp Mkts Eq Ptf Inst,Foreign Large Blend,Active,28.09637985547558,20.47504137973519,-7.621338475740391,WEAK,WEAK,Q4_Both_Weak,DROP,Stable,0.15,0.46,3158,3404,2690
RYRHX,Rydex Russell 2000 Fund H,Small Blend,Passive,17.24320082058167,30.625024734268543,13.381823913686873,WEAK,WEAK,Q4_Both_Weak,DROP,Upgraded by 2025 system,1,1,3558,3004,2690
MSDKX,Morgan Stanley Inst Intl Resilience Portfolio I,Foreign Large Growth,Active,18.33333333333333,30.043060228777556,11.709726895444227,WEAK,WEAK,Q4_Both_Weak,DROP,Upgraded by 2025 system,0.1,0.46,3519,3044,2691
DLACX,BNY Mellon Large Cap Equity Fund Y,Large Blend,Active,25.56831476416523,23.600316116565985,-1.967998647599245,WEAK,WEAK,Q4_Both_Weak,DROP,Stable,1,1,3260,3310,2692
TRPWX,Nuveen Quant Mid Cap Growth Fund R6,Mid-Cap Growth,Active,17.419453947195457,30.390518258718803,12.971064311523346,WEAK,WEAK,Q4_Both_Weak,DROP,Upgraded by 2025 system,1,1,3552,3018,2692
PCVAX,Virtus NFJ Sm-Cp Val Fund A,Small Value,Active,26.616076961744607,22.118536100878828,-4.497540860865779,WEAK,WEAK,Q4_Both_Weak,DROP,Stable,1,1,3214,3357,2693
SEMGX,DWS Emerging Markets Equity Fund S,Diversified Emerging Mkts,Active,23.4915445054978,25.828033271283847,2.336488765786047,WEAK,WEAK,Q4_Both_Weak,DROP,Stable,1,1,3350,3221,2693
MMLG,First Trust Multi-Manager Large Growth ETF,Large Growth,Active,22.04389785920305,27.545879013818546,5.501981154615496,WEAK,WEAK,Q4_Both_Weak,DROP,Stable,0.57,0.79,3410,3162,2694
EQTY,Kovitz Core Equity ETF,Large Blend,Active,20.602685494223834,28.461997107716307,7.859311613492473,WEAK,WEAK,Q4_Both_Weak,DROP,Stable,0.37,0.77,3452,3124,2695
MBCC,Monarch Blue Chips Core Index ETF,Large Growth,Passive,30.179631765037325,14.733140036326814,-15.44649172871051,WEAK,WEAK,Q4_Both_Weak,DROP,Downgraded by 2025 system,0.15,0.6222,3052,3526,2696
MSIQX,Morgan Stanley Inst Intl Equity Portfolio I,Foreign Large Blend,Active,29.769631175157162,15.913024507520051,-13.856606667637111,WEAK,WEAK,Q4_Both_Weak,DROP,Downgraded by 2025 system,0.95,1,3074,3504,2696
NSIVX,North Square Altrinsic International Equity Fund I,Foreign Large Value,Active,28.003131012523667,19.998325480738128,-8.00480553178554,WEAK,WEAK,Q4_Both_Weak,DROP,Stable,0.57,0.79,3160,3419,2697
JDDVX,Janus Henderson US Dividend Income Fund D,Large Value,Active,23.980867853139287,25.135528382409518,1.154660529270231,WEAK,WEAK,Q4_Both_Weak,DROP,Stable,0.15,0.46,3325,3257,2698
PEVC,Pacer PE/VC ETF,Large Growth,Passive,18.374281022736064,29.59508069245021,11.220799669714147,WEAK,WEAK,Q4_Both_Weak,DROP,Upgraded by 2025 system,0.15,0.5111,3518,3067,2699
PIUIX,Federated Hermes International Equity Fund IS,Foreign Large Blend,Active,27.376171032780334,20.63889151206887,-6.737279520711464,WEAK,WEAK,Q4_Both_Weak,DROP,Stable,1,1,3186,3399,2699
USCAX,Victory Small Cap Stock Fund Fund,Small Blend,Active,26.461081086397957,21.84233695839455,-4.6187441280034065,WEAK,WEAK,Q4_Both_Weak,DROP,Stable,1,1,3221,3366,2700
SMOM,Symmetry Panoramic Sector Momentum ETF,Large Blend,Active,12.892460199551287,31.67006109979633,18.777600900245044,WEAK,WEAK,Q4_Both_Weak,DROP,Upgraded by 2025 system,0.1,0.25,3645,2946,2701
SBHAX,Segall Bryant & Hamill All Cap Fund Inst,Large Blend,Active,28.913973063656083,17.217228893106267,-11.696744170549817,WEAK,WEAK,Q4_Both_Weak,DROP,Downgraded by 2025 system,1,1,3115,3482,2702
FCTE,SMI 3Fourteen Full-Cycle Trend ETF,Large Blend,Active,28.865406506545217,17.10794297352342,-11.757463533021795,WEAK,WEAK,Q4_Both_Weak,DROP,Downgraded by 2025 system,0.15,0.25,3116,3483,2703
FRGN,Horizon International Equity ETF,Foreign Large Blend,Active,10.646057894380041,32.15339233038348,21.50733443600344,WEAK,WEAK,Q4_Both_Weak,DROP,Upgraded by 2025 system,0.1,0.25,3678,2923,2704
GMLGX,GuideMark Large Cap Core Fund Service,Large Blend,Active,27.857082646661617,18.924235785845585,-8.932846860816031,WEAK,WEAK,Q4_Both_Weak,DROP,Stable,1,1,3166,3439,2705
ARWG,Archer Growth ETF,Large Growth,Active,3.472470786398568,33.81642512077295,30.34395433437438,WEAK,WEAK,Q4_Both_Weak,DROP,Upgraded by 2025 system,0.1,0.25,3757,2851,2706
ADLVX,Adler Value Fund Institutional,Mid-Cap Value,Active,26.994691973985834,20.149434814937482,-6.8452571590483515,WEAK,WEAK,Q4_Both_Weak,DROP,Stable,0.57,0.79,3199,3411,2707
JFCIX,John Hancock Fundamental All Cap Core Fund I,Large Blend,Active,23.731096434243195,24.553086837979457,0.8219904037362618,WEAK,WEAK,Q4_Both_Weak,DROP,Stable,1,1,3341,3273,2708
NILIX,Neuberger International Select Fund Inst,Foreign Large Blend,Active,26.38061859613099,20.91458539298458,-5.466033203146409,WEAK,WEAK,Q4_Both_Weak,DROP,Stable,1,1,3226,3388,2708
HVEIX,HVIA Equity Fund Institutional,Large Blend,Active,24.116038297880316,23.998327980051332,-0.11771031782898334,WEAK,WEAK,Q4_Both_Weak,DROP,Stable,0.51,0.79,3318,3300,2709
CZMSX,Columbia Multi-Manager Sm Cp Eqty Strategies I,Small Blend,Active,27.837192490870322,18.48733751801357,-9.34985497285675,WEAK,WEAK,Q4_Both_Weak,DROP,Stable,0.89,0.88,3167,3452,2710
SLPIX,ProFunds Small-Cap ProFund Investor,Small Blend,Passive,14.849230354927116,30.508329135705992,15.659098780778876,WEAK,WEAK,Q4_Both_Weak,DROP,Upgraded by 2025 system,1,1,3611,3008,2710
ABEMX,abrdn Emerging Markets Fund Inst,Diversified Emerging Mkts,Active,26.015047492244186,21.23198886103137,-4.783058631212818,WEAK,WEAK,Q4_Both_Weak,DROP,Stable,1,1,3240,3381,2711
ASMZX,Alger Weatherbie Specialized Gro Fund Z,Small Growth,Active,23.05253075194647,25.144870927366313,2.0923401754198423,WEAK,WEAK,Q4_Both_Weak,DROP,Stable,1,1,3367,3255,2712
NWGSX,Nationwide Renaissance Small Cap Growth Fund IS,Small Blend,Active,21.362144247580964,26.878546001357517,5.516401753776552,WEAK,WEAK,Q4_Both_Weak,DROP,Stable,1,1,3434,3189,2713
ZIFIX,American Beacon Ninety One Intl Franchise Fd R5,Foreign Large Growth,Active,18.02679449360865,28.9770783941721,10.950283900563448,WEAK,WEAK,Q4_Both_Weak,DROP,Upgraded by 2025 system,0.15,0.46,3532,3095,2714
PRAY,FIS Christian Stock Fund,Large Blend,Active,21.266199662455943,26.81857457016229,5.552374907706348,WEAK,WEAK,Q4_Both_Weak,DROP,Stable,0.15,0.46,3438,3193,2715
INSAX,Catalyst Insider Buying Fund A,Mid-Cap Growth,Active,17.840112254877845,28.941100154629606,11.100987899751761,WEAK,WEAK,Q4_Both_Weak,DROP,Upgraded by 2025 system,1,1,3539,3099,2716
AZEMX,Alger Emerging Markets Fund Z,Diversified Emerging Mkts,Active,19.550145708925058,27.55536738094507,8.005221672020014,WEAK,WEAK,Q4_Both_Weak,DROP,Stable,1,1,3481,3161,2717
SQS,Sapient Quality Select ETF,Large Blend,Active,26.511577333660608,19.75560081466395,-6.755976518996658,WEAK,WEAK,Q4_Both_Weak,DROP,Stable,0.1,0.25,3219,3423,2717
ADEIX,Ancora Dividend Value Equity Fund I,Large Value,Active,25.467787113038437,21.257456938047365,-4.210330174991071,WEAK,WEAK,Q4_Both_Weak,DROP,Stable,0.57,0.79,3265,3380,2718
WPLCX,WP Large Cap Income Plus Fund Institutional,Large Value,Active,16.983899123362367,29.339813358804683,12.355914235442317,WEAK,WEAK,Q4_Both_Weak,DROP,Upgraded by 2025 system,1,1,3569,3078,2719
FFTY,Innovator IBD 50 ETF,Mid-Cap Growth,Passive,19.520997808918604,27.434325047492504,7.913327238573899,WEAK,WEAK,Q4_Both_Weak,DROP,Stable,1,1,3483,3166,2720
DDVAX,Nomura Value Fund A,Large Value,Active,29.048512945955256,14.024673289057585,-15.023839656897671,WEAK,WEAK,Q4_Both_Weak,DROP,Downgraded by 2025 system,1,1,3107,3543,2721
DIVE,Dana Concentrated Dividend ETF,Large Value,Active,8.004100702497393,31.926121372031663,23.92202066953427,WEAK,WEAK,Q4_Both_Weak,DROP,Upgraded by 2025 system,0.1,0.25,3711,2939,2721
AIHHX,Aristotle Small/Mid Cap Equity Fund I-2,Small Blend,Active,23.77580438573508,23.532346377303977,-0.24345800843110155,WEAK,WEAK,Q4_Both_Weak,DROP,Stable,1,1,3339,3312,2722
CLSUX,ClearBridge Sustainability Leaders Fund A,Large Blend,Active,28.764924877515703,14.561977840635123,-14.20294703688058,WEAK,WEAK,Q4_Both_Weak,DROP,Downgraded by 2025 system,1,1,3123,3530,2723
GPEIX,Grandeur Peak Emerging Markets Opptys Fd Inst,Diversified Emerging Mkts,Active,28.571163389260786,15.197789583095995,-13.37337380616479,WEAK,WEAK,Q4_Both_Weak,DROP,Downgraded by 2025 system,1,1,3134,3519,2723
FLCE,Frontier Asset US Large Cap Equity ETF,Large Blend,Active,28.368933951800752,15.784114052953157,-12.584819898847595,WEAK,WEAK,Q4_Both_Weak,DROP,Downgraded by 2025 system,0.15,0.25,3147,3508,2724
RSESX,Russell Investments US Strategic Equity Fund S,Large Blend,Active,26.45459786496281,19.22667252128564,-7.227925343677171,WEAK,WEAK,Q4_Both_Weak,DROP,Stable,1,1,3222,3434,2725
BWTG,Brendan Wood TopGun ETF,Large Growth,Active,22.235525222791935,25.120772946859905,2.8852477240679697,WEAK,WEAK,Q4_Both_Weak,DROP,Stable,0.15,0.25,3400,3258,2726
GGEFX,Summitry Equity Fund,Large Blend,Active,22.492144159307486,24.45877433650586,1.9666301771983754,WEAK,WEAK,Q4_Both_Weak,DROP,Stable,1,1,3390,3276,2727
RIEIX,RBC International Equity Fund I,Foreign Large Blend,Active,26.00621896865863,19.643583894067877,-6.362635074590752,WEAK,WEAK,Q4_Both_Weak,DROP,Stable,0.15,0.46,3241,3426,2728
SCYVX,AB Small Cap Value Portfolio Adv,Small Value,Active,23.652809420534062,23.354307469010205,-0.29850195152385695,WEAK,WEAK,Q4_Both_Weak,DROP,Stable,1,1,3344,3323,2728
LQAI,LG QRAFT AI-Powered US Large Cap Core ETF,Large Blend,Active,23.38037640626362,23.523421588594704,0.1430451823310861,WEAK,WEAK,Q4_Both_Weak,DROP,Stable,0.15,0.25,3358,3313,2729
BAMD,Brookstone Dividend Stock ETF,Mid-Cap Value,Active,24.633147629099046,21.370967741935484,-3.262179887163562,WEAK,WEAK,Q4_Both_Weak,DROP,Stable,0.15,0.25,3295,3377,2730
DLCFX,Destinations Large Cap Equity Fund I,Large Blend,Active,25.79300008778351,19.524858379973058,-6.268141707810454,WEAK,WEAK,Q4_Both_Weak,DROP,Stable,0.57,0.79,3248,3427,2731
LMSAX,ClearBridge Small Cap Fund A,Small Blend,Active,24.743264974524962,20.74002575028227,-4.003239224242691,WEAK,WEAK,Q4_Both_Weak,DROP,Stable,1,1,3287,3393,2732
FGRAX,Franklin Growth Opportunities Fund A,Large Growth,Active,23.971729471859582,22.142921738974344,-1.8288077328852381,WEAK,WEAK,Q4_Both_Weak,DROP,Stable,1,1,3326,3356,2733
FINT,Frontier Asset Total International Equity ETF,Foreign Large Blend,Active,25.315310738600505,20.058997050147493,-5.256313688453012,WEAK,WEAK,Q4_Both_Weak,DROP,Stable,0.15,0.25,3268,3414,2733
MXHTX,Empower International Growth Fund Inst,Foreign Large Growth,Active,22.52562920212976,24.132005143539697,1.6063759414099366,WEAK,WEAK,Q4_Both_Weak,DROP,Stable,1,1,3387,3295,2733
EPASX,EP Emerging Markets Fund A,Diversified Emerging Mkts,Active,27.35331771463715,16.541414724264836,-10.811902990372314,WEAK,WEAK,Q4_Both_Weak,DROP,Downgraded by 2025 system,1,1,3188,3496,2734
MOTI,VanEck Morningstar International Moat ETF,Foreign Large Blend,Passive,20.550541868528217,25.680833278999188,5.130291410470971,WEAK,WEAK,Q4_Both_Weak,DROP,Stable,1,1,3454,3232,2735
WESWX,TETON Westwood Equity Fund AAA,Large Value,Active,27.782961389442683,15.479920560637783,-12.3030408288049,WEAK,WEAK,Q4_Both_Weak,DROP,Downgraded by 2025 system,1,1,3174,3514,2736
DVGR,DAC 3D Dividend Growth ETF,Large Value,Active,3.848358038385265,31.926121372031663,28.0777633336464,WEAK,WEAK,Q4_Both_Weak,DROP,Upgraded by 2025 system,0.1,0.25,3750,2939,2737
MPAIX,Morgan Stanley Institutional Advantage Port I,Large Growth,Active,12.516853238122163,30.096427243519734,17.57957400539757,WEAK,WEAK,Q4_Both_Weak,DROP,Upgraded by 2025 system,0.95,1,3650,3040,2738
UPSD,Aptus Large Cap Upside ETF,Large Blend,Active,24.725006961403828,20.468431771894092,-4.256575189509736,WEAK,WEAK,Q4_Both_Weak,DROP,Stable,0.15,0.25,3288,3405,2739
XOVR,ERShares Private-Public Crossover ETF,Large Growth,Active,19.33030723532523,26.314597094475296,6.984289859150067,WEAK,WEAK,Q4_Both_Weak,DROP,Stable,0.57,0.79,3489,3205,2740
SSXU,Day Hagan Smart Sector International ETF,Foreign Large Blend,Active,29.887391064831302,6.515881840279778,-23.371509224551524,WEAK,WEAK,Q4_Both_Weak,DROP,Downgraded by 2025 system,0.15,0.46,3070,3626,2741
STOX,Horizon Core Equity,Large Blend,Active,18.41136245214688,27.08757637474542,8.676213922598542,WEAK,WEAK,Q4_Both_Weak,DROP,Stable,0.1,0.25,3516,3180,2741
DHLRX,Diamond Hill Large Cap Fund I,Large Value,Active,25.675670508997207,18.614172641188652,-7.061497867808555,WEAK,WEAK,Q4_Both_Weak,DROP,Stable,1,1,3253,3449,2742
EMKT,Lazard Emerging Markets Opportunities ETF,Diversified Emerging Mkts,Active,23.009241733905696,22.9940952169282,-0.01514651697749514,WEAK,WEAK,Q4_Both_Weak,DROP,Stable,1,1,3373,3329,2742
KLGAX,NYLI WMC Growth Fund A,Large Growth,Active,24.12843646195744,20.989110349270778,-3.1393261126866605,WEAK,WEAK,Q4_Both_Weak,DROP,Stable,1,1,3317,3387,2743
PZFVX,John Hancock Classic Value Fund A,Mid-Cap Value,Active,25.08159399477199,19.468142885970867,-5.613451108801122,WEAK,WEAK,Q4_Both_Weak,DROP,Stable,1,1,3277,3428,2744
MCSCX,M3Sixty Small Cap Growth Fund Inst,Small Blend,Active,20.192687427568128,25.352112676056336,5.159425248488208,WEAK,WEAK,Q4_Both_Weak,DROP,Stable,0.15,0.25,3463,3243,2745
PMVAX,Putnam Sustainable Future Fund A,Mid-Cap Growth,Active,21.611271499805085,24.26417590260793,2.6529044028028466,WEAK,WEAK,Q4_Both_Weak,DROP,Stable,1,1,3422,3289,2746
LMVYX,Lord Abbett Focused Small Cap Value Fund I,Small Value,Active,22.160978778328854,23.74618010245351,1.5852013241246574,WEAK,WEAK,Q4_Both_Weak,DROP,Stable,1,1,3406,3307,2747
MSTFX,Morningstar International Equity Fund Inst,Foreign Large Blend,Active,27.315993186950998,14.890065257079444,-12.425927929871554,WEAK,WEAK,Q4_Both_Weak,DROP,Downgraded by 2025 system,0.57,0.79,3190,3523,2747
RTNSX,Russell Investments Tax-Managed Internatl Eq S,Foreign Large Blend,Active,26.081117698121403,17.345284655472106,-8.735833042649297,WEAK,WEAK,Q4_Both_Weak,DROP,Stable,1,1,3235,3479,2748
MPITX,BNY Mellon International Fund M,Foreign Large Value,Active,23.867602456017078,21.149345162348165,-2.7182572936689127,WEAK,WEAK,Q4_Both_Weak,DROP,Stable,1,1,3332,3383,2749
PICMX,Virtus KAR Mid-Cap Growth Fund I,Mid-Cap Growth,Active,24.663930593435033,19.776664696560445,-4.887265896874588,WEAK,WEAK,Q4_Both_Weak,DROP,Stable,1,1,3293,3422,2749
ABIAX,AB International Value Fund A,Foreign Large Value,Active,23.16951676368114,22.170960057391227,-0.9985567062899143,WEAK,WEAK,Q4_Both_Weak,DROP,Stable,1,1,3361,3355,2750
HCMT,Direxion HCM Tactical Enhanced US Equity Strat ETF,Large Blend,Active,29.501447373670146,4.989816700610998,-24.511630673059148,WEAK,WEAK,Q4_Both_Weak,DROP,Downgraded by 2025 system,0.15,0.25,3086,3630,2750
LAFAX,Columbia Acorn International Select A,Foreign Large Growth,Active,22.348402647754313,23.41568119721152,1.0672785494572068,WEAK,WEAK,Q4_Both_Weak,DROP,Stable,1,1,3397,3320,2751
VDMRX,Virtus KAR Developing Markets Fund R6,Diversified Emerging Mkts,Active,17.598543895751238,27.196140449662,9.597596553910762,WEAK,WEAK,Q4_Both_Weak,DROP,Stable,0.15,0.46,3546,3176,2752
WFEAX,Allspring International Equity Fund A,Foreign Large Blend,Active,23.797450406739728,21.02307072540687,-2.7743796813328565,WEAK,WEAK,Q4_Both_Weak,DROP,Stable,1,1,3336,3386,2752
WOOSX,JPMorgan SMID Cap Equity Fund R6,Mid-Cap Blend,Active,22.836998451504623,22.253251094525755,-0.5837473569788685,WEAK,WEAK,Q4_Both_Weak,DROP,Stable,1,1,3375,3350,2753
RYAZX,Rydex S&P SmallCap 600 Pure Value Fund H,Small Value,Passive,28.13251451769494,12.002926814724916,-16.129587702970024,WEAK,WEAK,Q4_Both_Weak,DROP,Downgraded by 2025 system,1,1,3157,3570,2754
LZSIX,Lazard International Equity Select Portfolio Inst,Foreign Large Blend,Active,25.890255878573026,16.956145109987585,-8.934110768585441,WEAK,WEAK,Q4_Both_Weak,DROP,Stable,1,1,3244,3485,2755
BFONX,Biondo Focus Fund Investor,Large Growth,Active,21.792725034280487,23.522698758201578,1.7299737239210913,WEAK,WEAK,Q4_Both_Weak,DROP,Stable,1,1,3417,3314,2756
BCIFX,Blue Chip Investor Fund,Large Value,Active,19.34165952892079,25.296546829744855,5.9548873008240655,WEAK,WEAK,Q4_Both_Weak,DROP,Stable,1,1,3488,3248,2757
PZIMX,Pzena Mid Cap Value Fund Institutional,Mid-Cap Value,Active,22.96626431994527,21.872256514741636,-1.0940078052036348,WEAK,WEAK,Q4_Both_Weak,DROP,Stable,1,1,3374,3363,2758
PCEM,Polen Capital Emerging Markets ex-China Growth ETF,Diversified Emerging Mkts,Active,16.816400990160325,27.54491017964072,10.728509189480395,WEAK,WEAK,Q4_Both_Weak,DROP,Upgraded by 2025 system,0.15,0.25,3575,3163,2759
NBIIX,Neuberger International Equity Fund Inst,Foreign Large Blend,Active,24.13592078566898,19.67964886661501,-4.456271919053968,WEAK,WEAK,Q4_Both_Weak,DROP,Stable,1,1,3316,3425,2760
CPEAX,Catalyst Dynamic Alpha Fund A,Large Blend,Active,24.262303703282537,19.25452282043187,-5.007780882850668,WEAK,WEAK,Q4_Both_Weak,DROP,Stable,1,1,3310,3433,2761
DVIPX,Davenport Value and Income Fund,Large Value,Active,25.899934890990966,16.051708340628025,-9.848226550362941,WEAK,WEAK,Q4_Both_Weak,DROP,Stable,1,1,3243,3501,2762
CISGX,Touchstone Sands Capital Select Growth Fund Inst,Large Growth,Active,19.225463768308646,25.251531607101548,6.026067838792901,WEAK,WEAK,Q4_Both_Weak,DROP,Stable,0.89,0.88,3495,3251,2763
GXXAX,abrdn US Sustainable Leaders Fund A,Large Growth,Active,25.732325273760555,16.589823164534046,-9.142502109226509,WEAK,WEAK,Q4_Both_Weak,DROP,Stable,1,1,3252,3494,2763
RYWAX,Rydex S&P SmallCap 600 Pure Growth Fund H,Small Growth,Passive,23.755130895818706,20.16642162392139,-3.588709271897315,WEAK,WEAK,Q4_Both_Weak,DROP,Stable,1,1,3340,3410,2764
SMRF,ALPS Nautilus SMR Nuclear & Technology ETF,Large Blend,Active,2.9648050779214628,30.75356415478615,27.78875907686469,WEAK,WEAK,Q4_Both_Weak,DROP,Upgraded by 2025 system,0.1,0.25,3763,2993,2765
OWTEX,Old Westbury Total Equity Fund,Large Blend,Active,27.97440664913443,9.979633401221996,-17.994773247912434,WEAK,WEAK,Q4_Both_Weak,DROP,Downgraded by 2025 system,0.15,0.25,3161,3596,2766
RPFRX,Davis Real Estate Fund A,Real Estate,Active,26.365552556085497,14.551075190228998,-11.814477365856499,WEAK,WEAK,Q4_Both_Weak,DROP,Downgraded by 2025 system,1,1,3227,3531,2767
BMPEX,Beck Mack + Oliver Partners Fund,Large Blend,Active,20.56139370479662,23.76928719795219,3.2078934931555665,WEAK,WEAK,Q4_Both_Weak,DROP,Stable,1,1,3453,3306,2768
RKSIX,Rockefeller US Small Cap Core Fund I,Small Blend,Active,23.430522603717463,20.422535211267608,-3.0079873924498557,WEAK,WEAK,Q4_Both_Weak,DROP,Stable,0.15,0.25,3353,3406,2768
CFGIX,Cromwell Foresight Glbl Infrast Fund Inst,Infrastructure,Active,28.627742041893452,5.447296910755148,-23.180445131138303,WEAK,WEAK,Q4_Both_Weak,DROP,Downgraded by 2025 system,0.15,0.46,3132,3629,2769
DIVN,Horizon Dividend Income ETF,Large Value,Active,16.081644314476822,27.176781002638524,11.095136688161702,WEAK,WEAK,Q4_Both_Weak,DROP,Upgraded by 2025 system,0.1,0.25,3586,3177,2770
FFOX,FundX Future Fund Opportunities ETF,Mid-Cap Growth,Active,23.38589771345779,20.2020202020202,-3.18387751143759,WEAK,WEAK,Q4_Both_Weak,DROP,Stable,0.15,0.25,3357,3409,2771
DWUS,AdvisorShares Dorsey Wright FSM US Core ETF,Large Blend,Active,23.884016547869045,18.927164671804878,-4.956851876064167,WEAK,WEAK,Q4_Both_Weak,DROP,Stable,0.57,0.79,3330,3438,2772
BRES,Burney US Equity Select ETF,Large Blend,Active,23.067078343474538,20.468431771894092,-2.5986465715804457,WEAK,WEAK,Q4_Both_Weak,DROP,Stable,0.1,0.25,3365,3405,2773
THDIX,Thornburg Developing World Fund I,Diversified Emerging Mkts,Active,22.764441183296057,20.548297925476845,-2.216143257819212,WEAK,WEAK,Q4_Both_Weak,DROP,Stable,1,1,3378,3400,2774
DDDIX,13D Activist Fund I,Small Blend,Active,26.429138628461146,13.404639266501983,-13.024499361959164,WEAK,WEAK,Q4_Both_Weak,DROP,Downgraded by 2025 system,1,1,3223,3556,2775
HDSVX,Hodges Small Intrinsic Value Fund Retail,Small Value,Active,23.908785646381006,18.507225652794673,-5.401559993586332,WEAK,WEAK,Q4_Both_Weak,DROP,Stable,1,1,3328,3451,2775
RSMV,Relative Strength Managed Volatility Strategy ETF,Large Growth,Active,18.204106710901794,25.120772946859905,6.916666235958111,WEAK,WEAK,Q4_Both_Weak,DROP,Stable,0.15,0.25,3524,3258,2776
OIIEX,Optimum International Fund Institutional,Foreign Large Blend,Active,21.899218331533863,21.76502585647552,-0.13419247505834164,WEAK,WEAK,Q4_Both_Weak,DROP,Stable,1,1,3415,3368,2777
RPMVX,Reinhart Mid Cap PMV Fund Adv,Mid-Cap Blend,Active,23.999492943713282,17.99454432455082,-6.004948619162462,WEAK,WEAK,Q4_Both_Weak,DROP,Stable,1,1,3323,3462,2778
JHAC,John Hancock Fundamental All Cap Core ETF,Large Blend,Active,18.11493839450735,25.050916496945007,6.935978102437655,WEAK,WEAK,Q4_Both_Weak,DROP,Stable,0.15,0.25,3528,3260,2779
LVOAX,Lord Abbett Value Opportunities Fund A,Mid-Cap Blend,Active,24.554663938581253,16.59968218964029,-7.954981748940963,WEAK,WEAK,Q4_Both_Weak,DROP,Stable,1,1,3297,3493,2780
EPIN,Harbor International Equity ETF,Foreign Large Blend,Active,14.726664807908183,27.13864306784661,12.411978259938426,WEAK,WEAK,Q4_Both_Weak,DROP,Upgraded by 2025 system,0.15,0.25,3613,3179,2781
OFAVX,Olstein All Cap Value Fund A,Mid-Cap Value,Active,26.673483266810155,11.249486173015438,-15.423997093794718,WEAK,WEAK,Q4_Both_Weak,DROP,Downgraded by 2025 system,0.89,0.88,3213,3580,2782
LRSCX,Lord Abbett Small Cap Value Fund A,Small Value,Active,19.53334966541589,23.518417842737524,3.985068177321633,WEAK,WEAK,Q4_Both_Weak,DROP,Stable,1,1,3482,3315,2783
MOPAX,NYLI WMC Small Companies Fund A,Small Blend,Active,15.103155156674566,26.83853388004691,11.735378723372344,WEAK,WEAK,Q4_Both_Weak,DROP,Upgraded by 2025 system,1,1,3606,3192,2784
SGPIX,ProFunds Small-Cap Growth ProFund Investor,Small Blend,Passive,20.329791480797454,22.645241881468433,2.3154504006709793,WEAK,WEAK,Q4_Both_Weak,DROP,Stable,1,1,3460,3338,2784
QFVIX,Pear Tree Polaris Foreign Val Fd Inst,Foreign Large Value,Active,23.666456914784206,18.01449161508801,-5.651965299696197,WEAK,WEAK,Q4_Both_Weak,DROP,Stable,1,1,3343,3461,2785
FPCGX,Fort Pitt Capital Total Return Fund,Large Blend,Active,19.419102364507275,23.35974965677832,3.940647292271045,WEAK,WEAK,Q4_Both_Weak,DROP,Stable,1,1,3487,3322,2786
GGM,GGM Macro Alignment ETF,Large Blend,Active,25.979899396789186,12.118126272912424,-13.861773123876763,WEAK,WEAK,Q4_Both_Weak,DROP,Downgraded by 2025 system,0.15,0.25,3242,3568,2787
HLMEX,Institutional Emerging Markets Portfolio Inst,Diversified Emerging Mkts,Active,23.499282737953436,17.94833104842041,-5.550951689533026,WEAK,WEAK,Q4_Both_Weak,DROP,Stable,1,1,3348,3466,2788
EDGU,3EDGE Dynamic US Equity ETF,Large Blend,Active,25.583400033907044,12.830957230142568,-12.752442803764476,WEAK,WEAK,Q4_Both_Weak,DROP,Downgraded by 2025 system,0.15,0.25,3258,3561,2789
RIVBX,Riverbridge Growth Fund Institutional,Large Growth,Active,22.556589422365782,19.01028067012868,-3.5463087522371026,WEAK,WEAK,Q4_Both_Weak,DROP,Stable,1,1,3386,3435,2790
DINT,Davis Select International ETF,Foreign Large Blend,Active,17.774475466196492,24.42517120853915,6.650695742342659,WEAK,WEAK,Q4_Both_Weak,DROP,Stable,0.57,0.79,3543,3279,2791
ARSKX,Archer Stock Fund,Large Blend,Active,23.5972724490597,17.316678545124102,-6.2805939039356,WEAK,WEAK,Q4_Both_Weak,DROP,Stable,1,1,3345,3480,2792
SNGRX,Sit International Growth Fund,Foreign Large Blend,Active,23.189993058865255,17.95304583847084,-5.236947220394416,WEAK,WEAK,Q4_Both_Weak,DROP,Stable,1,1,3360,3465,2792
EPMB,Harbor Mid Cap Core ETF,Mid-Cap Blend,Active,14.461259797200073,26.122448979591837,11.661189182391764,WEAK,WEAK,Q4_Both_Weak,DROP,Upgraded by 2025 system,0.15,0.25,3614,3213,2793
CUSIX,Cullen Small Cap Value Fund I,Small Value,Active,23.0378712783993,18.028390684202716,-5.009480594196585,WEAK,WEAK,Q4_Both_Weak,DROP,Stable,1,1,3368,3460,2794
WIESX,Wasatch Emerging Markets Select Fund Inst,Diversified Emerging Mkts,Active,23.386547432229104,17.513720240803114,-5.872827191425991,WEAK,WEAK,Q4_Both_Weak,DROP,Stable,1,1,3356,3472,2794
JANI,AllianzIM Intertl Equity Buffer15 Uncapped Jan ETF,Foreign Large Blend,Active,3.4811199240729436,29.49852507374631,26.01740514967337,WEAK,WEAK,Q4_Both_Weak,DROP,Upgraded by 2025 system,0.1,0.25,3756,3073,2795
WMKGX,WesMark Large Company Fund,Large Blend,Active,22.61711082713839,18.78009559979005,-3.8370152273483384,WEAK,WEAK,Q4_Both_Weak,DROP,Stable,1,1,3384,3445,2795
BGGSX,Baillie Gifford US Equity Growth Fund Inst,Large Growth,Active,13.35224593414765,26.26993022534344,12.91768429119579,WEAK,WEAK,Q4_Both_Weak,DROP,Upgraded by 2025 system,0.57,0.79,3630,3207,2796
LISIX,Lazard Intl Strategic Equity Portfolio Inst,Foreign Large Blend,Active,23.78359905838706,16.24796196516742,-7.535637093219641,WEAK,WEAK,Q4_Both_Weak,DROP,Stable,1,1,3338,3500,2797
AQEIX,LKCM Aquinas Catholic Equity Fund,Large Blend,Active,25.152501608026185,12.558034612208493,-12.594466995817692,WEAK,WEAK,Q4_Both_Weak,DROP,Downgraded by 2025 system,0.95,1,3276,3563,2798
CAVAX,SEI Catholic Values Equity Fund F,Large Blend,Active,21.473464314987805,20.140547326716344,-1.3329169882714602,WEAK,WEAK,Q4_Both_Weak,DROP,Stable,1,1,3427,3412,2798
WELIX,William Blair Emerging Markets Leaders Fund R6,Diversified Emerging Mkts,Active,19.568480541569407,21.870289317731416,2.3018087761620087,WEAK,WEAK,Q4_Both_Weak,DROP,Stable,1,1,3480,3364,2799
FMIFX,FMI International Fund II - Currency Unhdgd Fd Ins,Foreign Large Blend,Active,24.916344772977222,12.458209033470663,-12.45813573950656,WEAK,WEAK,Q4_Both_Weak,DROP,Downgraded by 2025 system,0.89,0.88,3284,3566,2800
LPRE,Long Pond Real Estate Select ETF,Real Estate,Active,21.45806114449961,19.81981981981982,-1.6382413246797896,WEAK,WEAK,Q4_Both_Weak,DROP,Stable,0.15,0.25,3429,3421,2800
USGLX,John Hancock US Global Leaders Growth Fund A,Large Growth,Active,22.56564149742034,17.50517156494981,-5.060469932470532,WEAK,WEAK,Q4_Both_Weak,DROP,Stable,1,1,3385,3473,2801
CRFIX,Calvert Focused Value Fund I,Large Value,Active,20.946470155085876,20.029009363547885,-0.9174607915379909,WEAK,WEAK,Q4_Both_Weak,DROP,Stable,0.15,0.46,3444,3417,2802
DNFGX,Dunham Focused Large Cap Growth N,Large Growth,Active,18.965399343824107,22.04401448887753,3.0786151450534227,WEAK,WEAK,Q4_Both_Weak,DROP,Stable,1,1,3502,3359,2802
DBUYX,Davenport Insider Buying Fund,Mid-Cap Blend,Active,23.67206676485027,15.10204081632653,-8.57002594852374,WEAK,WEAK,Q4_Both_Weak,DROP,Stable,0.15,0.25,3342,3520,2803
ACALX,Advisors Capital Active All Cap Fund,Large Blend,Active,25.78235399211372,7.132424979284743,-18.649929012828977,WEAK,WEAK,Q4_Both_Weak,DROP,Downgraded by 2025 system,0.15,0.46,3249,3620,2804
TSMDX,Trillium ESG Small/Mid Cap Fund Institutional,Mid-Cap Blend,Active,23.03074982211729,16.417009124391143,-6.613740697726147,WEAK,WEAK,Q4_Both_Weak,DROP,Stable,1,1,3371,3498,2804
RONB,Baron First Principles ETF,Large Growth,Active,20.18944647965573,20.28985507246377,0.10040859280804071,WEAK,WEAK,Q4_Both_Weak,DROP,Stable,0.15,0.25,3464,3408,2805
QRFT,QRAFT AI-Enhanced US Large Cap ETF,Large Blend,Active,18.411994543124273,22.09397120524558,3.6819766621213077,WEAK,WEAK,Q4_Both_Weak,DROP,Stable,0.57,0.79,3515,3358,2806
BUIOX,Buffalo Early Stage Growth Fund Instl,Small Growth,Active,23.057128244180877,15.50375512933744,-7.553373114843437,WEAK,WEAK,Q4_Both_Weak,DROP,Stable,0.89,0.88,3366,3512,2807
DVQQ,WEBs QQQ Defined Volatility ETF,Large Growth,Passive,18.01248855335332,22.338430742519044,4.325942189165723,WEAK,WEAK,Q4_Both_Weak,DROP,Stable,0.15,0.5111,3533,3348,2808
DFTT,DF Tactical 30 ETF,Large Blend,Active,8.577152798411857,27.08757637474542,18.510423576333565,WEAK,WEAK,Q4_Both_Weak,DROP,Upgraded by 2025 system,0.1,0.25,3702,3180,2809
JSIGX,Jacob Small Cap Growth Fund Institutional,Small Growth,Active,15.823958348292905,24.039925316456394,8.215966968163489,WEAK,WEAK,Q4_Both_Weak,DROP,Stable,1,1,3591,3298,2810
DUNK,Dana Unconstrained Equity ETF,Large Blend,Active,16.754815455966515,23.523421588594704,6.768606132628189,WEAK,WEAK,Q4_Both_Weak,DROP,Stable,0.1,0.25,3577,3313,2811
DGLO,First Trust RBA Deglobalization ETF,Large Blend,Passive,15.978962682398693,23.849599036891963,7.87063635449327,WEAK,WEAK,Q4_Both_Weak,DROP,Stable,0.15,0.5111,3587,3304,2812
AFJAX,Virtus NFJ International Value Fund A,Foreign Large Blend,Active,20.495149038548238,18.930920997286755,-1.564228041261483,WEAK,WEAK,Q4_Both_Weak,DROP,Stable,1,1,3456,3437,2813
UMLGX,Columbia Select Large Cap Growth Fund I,Large Growth,Active,17.38412277783698,22.51603878791198,5.1319160100750025,WEAK,WEAK,Q4_Both_Weak,DROP,Stable,1,1,3554,3340,2814
WIAEX,Wasatch Small Cap Growth Fund Institutional,Small Growth,Active,20.259732295904133,19.26331561212323,-0.9964166837809039,WEAK,WEAK,Q4_Both_Weak,DROP,Stable,1,1,3462,3432,2814
WAEMX,Wasatch Emerging Markets Small Cap Fund Investor,Diversified Emerging Mkts,Active,22.73707274825796,15.257185324300796,-7.479887423957166,WEAK,WEAK,Q4_Both_Weak,DROP,Stable,1,1,3379,3517,2815
DHLX,Diamond Hill Large Cap Concentrated ETF,Large Value,Active,16.874399830913795,23.21809756728996,6.343697736376164,WEAK,WEAK,Q4_Both_Weak,DROP,Stable,0.57,0.79,3573,3326,2816
RYAWX,Rydex S&P 500 Pure Growth Fund H,Large Growth,Passive,24.09673887630495,11.394131055676592,-12.702607820628359,WEAK,WEAK,Q4_Both_Weak,DROP,Downgraded by 2025 system,1,1,3320,3579,2816
SBIEX,ClearBridge International Value Fund A,Foreign Large Value,Active,22.19273754664123,16.024502535718085,-6.168235010923144,WEAK,WEAK,Q4_Both_Weak,DROP,Stable,1,1,3402,3502,2817
SVIIX,Virtus Ceredex Large-Cap Value Equity Fund A,Large Value,Active,21.60868937353974,17.2502669210711,-4.358422452468641,WEAK,WEAK,Q4_Both_Weak,DROP,Stable,1,1,3423,3481,2817
PEQIX,Victory Pioneer Equity Income Fund A,Large Value,Active,23.496902260954496,13.26138272303668,-10.235519537917815,WEAK,WEAK,Q4_Both_Weak,DROP,Downgraded by 2025 system,1,1,3349,3557,2818
PRVRX,PGIM Quant Solutions Large-Cap Value Fund R,Large Value,Active,20.081793821643824,18.898335975955554,-1.1834578456882703,WEAK,WEAK,Q4_Both_Weak,DROP,Stable,1,1,3468,3440,2819
HSCSX,Homestead Small-Company Stock Fund,Small Blend,Active,21.275934227216144,17.481368456468417,-3.7945657707477274,WEAK,WEAK,Q4_Both_Weak,DROP,Stable,1,1,3436,3474,2820
AIEQ,Amplify AI Powered Equity ETF,Mid-Cap Blend,Passive,15.5556320731497,23.36767315518899,7.812041082039288,WEAK,WEAK,Q4_Both_Weak,DROP,Stable,0.57,0.8444,3596,3321,2821
ICAP,Infrastructure Capital Equity Income ETF,Mid-Cap Value,Active,21.639733785482772,16.50557483285601,-5.134158952626763,WEAK,WEAK,Q4_Both_Weak,DROP,Stable,0.15,0.46,3421,3497,2822
ALTL,Pacer Lunt Large Cap Alternator ETF,Large Blend,Passive,17.954616999799867,21.056997846681462,3.1023808468815943,WEAK,WEAK,Q4_Both_Weak,DROP,Stable,0.57,0.8444,3536,3385,2823
EMXIX,Ashmore Emerging Markets Equity ex China Fund Ins,Diversified Emerging Mkts,Active,17.260623668889632,21.856287425149702,4.59566375626007,WEAK,WEAK,Q4_Both_Weak,DROP,Stable,0.15,0.25,3556,3365,2823
EGFIX,Edgewood Growth Fund Institutional,Large Growth,Active,21.275152783619646,16.847110262706174,-4.428042520913472,WEAK,WEAK,Q4_Both_Weak,DROP,Stable,1,1,3437,3487,2824
ALSAX,Alger Small Cap Growth Fund A,Small Growth,Active,19.940933120075247,18.5614672668253,-1.3794658532499469,WEAK,WEAK,Q4_Both_Weak,DROP,Stable,1,1,3475,3450,2825
DILYX,Davis International Fund Y,Foreign Large Blend,Active,17.10692704235931,21.96985202647428,4.862924984114969,WEAK,WEAK,Q4_Both_Weak,DROP,Stable,1,1,3566,3360,2826
TINGX,Thornburg International Growth Fund I,Foreign Large Growth,Active,22.516782707845756,14.323861801741222,-8.192920906104534,WEAK,WEAK,Q4_Both_Weak,DROP,Stable,1,1,3388,3538,2826
LIMAX,Cromwell Tran Focus Fund Inv,Large Growth,Active,20.336906346390638,17.531965241148107,-2.8049411052425306,WEAK,WEAK,Q4_Both_Weak,DROP,Stable,1,1,3459,3471,2827
SBMAX,ClearBridge Mid Cap Fund A,Mid-Cap Blend,Active,23.271041256669672,11.938342496312185,-11.332698760357488,WEAK,WEAK,Q4_Both_Weak,DROP,Downgraded by 2025 system,1,1,3359,3571,2827
SGRAX,Allspring Growth Fund A,Large Growth,Active,19.017604444651713,18.980104378666056,-0.03750006598565747,WEAK,WEAK,Q4_Both_Weak,DROP,Stable,1,1,3501,3436,2828
IFV,First Trust Dorsey Wright Intl Focus 5 ETF,Foreign Large Blend,Passive,21.56386289068594,15.305503363502682,-6.2583595271832575,WEAK,WEAK,Q4_Both_Weak,DROP,Stable,1,1,3424,3516,2829
TSIC,Truth Social American Icons ETF,Large Blend,Passive,3.4693460109120187,27.074312597544814,23.604966586632795,WEAK,WEAK,Q4_Both_Weak,DROP,Upgraded by 2025 system,0.1,0.5111,3758,3182,2829
ARTQX,Artisan Mid Cap Value Fund Investor,Mid-Cap Value,Active,22.644159759623186,12.777409800084486,-9.8667499595387,WEAK,WEAK,Q4_Both_Weak,DROP,Stable,1,1,3383,3562,2830
LLPFX,Longleaf Partners Fund,Mid-Cap Value,Active,19.939736465483648,17.542608769495192,-2.3971276959884555,WEAK,WEAK,Q4_Both_Weak,DROP,Stable,1,1,3476,3470,2831
MELIX,Morgan Stanley Inst Emerging Markets Ldrs Ptf I,Diversified Emerging Mkts,Active,19.052537249528527,18.696281571439343,-0.3562556780891839,WEAK,WEAK,Q4_Both_Weak,DROP,Stable,0.95,1,3500,3447,2832
AIUP,FINQ FIRST US Lg Cap AI-Mgd Equity ETF,Large Blend,Active,2.4431252987455916,27.08757637474542,24.64445107599983,WEAK,WEAK,Q4_Both_Weak,DROP,Upgraded by 2025 system,0.1,0.25,3768,3180,2833
KOOL,North Shore Equity Rotation ETF,Large Blend,Active,22.650797693098852,12.118126272912424,-10.532671420186428,WEAK,WEAK,Q4_Both_Weak,DROP,Downgraded by 2025 system,0.15,0.25,3382,3568,2834
TAGRX,John Hancock Fundamental Large Cap Core Fund A,Large Blend,Active,19.482682962145773,17.946685240009735,-1.5359977221360381,WEAK,WEAK,Q4_Both_Weak,DROP,Stable,1,1,3484,3467,2835
RPNLX,RiverPark/Next Century Large Growth Fund Inst,Large Growth,Active,17.71374728324909,20.28985507246377,2.576107789214678,WEAK,WEAK,Q4_Both_Weak,DROP,Stable,0.15,0.25,3545,3408,2836
FSYRX,Fidelity Sustainable International Equity Fund,Foreign Large Blend,Active,21.723967909061514,14.379445355017426,-7.344522554044088,WEAK,WEAK,Q4_Both_Weak,DROP,Stable,0.15,0.46,3418,3536,2837
NBRVX,Neuberger Mid Cap Intrinsic Value Fund Inv,Mid-Cap Value,Active,19.150985442255873,18.079409189266435,-1.0715762529894377,WEAK,WEAK,Q4_Both_Weak,DROP,Stable,1,1,3496,3459,2838
ESGIX,Dana Epiphany Equity Fund Inst,Large Blend,Active,20.672512335561905,15.91039650494971,-4.762115830612196,WEAK,WEAK,Q4_Both_Weak,DROP,Stable,1,1,3451,3505,2839
EMQQ,EMQQ The Emerging Markets Internet ETF,Diversified Emerging Mkts,Passive,11.394355142983288,24.259496374065264,12.865141231081976,WEAK,WEAK,Q4_Both_Weak,DROP,Upgraded by 2025 system,1,1,3667,3290,2840
PNEAX,Virtus NFJ Dividend Value Fund A,Large Value,Active,21.15088923487137,15.209880749462974,-5.941008485408398,WEAK,WEAK,Q4_Both_Weak,DROP,Stable,1,1,3441,3518,2841
BIAGX,Brown Advisory Growth Equity Fund Investor,Large Growth,Active,19.995301732764833,16.772024909900033,-3.2232768228648006,WEAK,WEAK,Q4_Both_Weak,DROP,Stable,1,1,3471,3490,2842
CNREX,Commonwealth Real Estate Securities Fund,Mid-Cap Blend,Active,21.548095441800356,14.31731611951325,-7.2307793222871055,WEAK,WEAK,Q4_Both_Weak,DROP,Stable,1,1,3425,3539,2843
FFF,Founders 100 ETF,Large Blend,Active,12.44230448339704,23.523421588594704,11.081117105197665,WEAK,WEAK,Q4_Both_Weak,DROP,Upgraded by 2025 system,0.15,0.25,3651,3313,2843
TFCGX,Taylor Frigon Core Growth Fund,Small Growth,Active,15.2174542651223,21.93616822201624,6.718713956893939,WEAK,WEAK,Q4_Both_Weak,DROP,Stable,0.57,0.79,3603,3361,2843
DVRE,WEBs Real Estate XLRE Defined Volatility ETF,Real Estate,Passive,13.337688354672936,22.86014748207565,9.522459127402714,WEAK,WEAK,Q4_Both_Weak,DROP,Stable,0.15,0.5111,3631,3335,2844
EDGI,3EDGE Dynamic International Equity ETF,Foreign Large Blend,Active,22.3764923800247,11.799410029498524,-10.577082350526176,WEAK,WEAK,Q4_Both_Weak,DROP,Downgraded by 2025 system,0.15,0.25,3395,3573,2845
BAMV,Brookstone Value Stock ETF,Large Value,Active,22.017528274991534,13.060686015831136,-8.956842259160398,WEAK,WEAK,Q4_Both_Weak,DROP,Stable,0.15,0.25,3412,3560,2846
ODVYX,Invesco Developing Markets Fund Y,Diversified Emerging Mkts,Active,19.420077324689572,16.930360430728193,-2.489716893961379,WEAK,WEAK,Q4_Both_Weak,DROP,Stable,1,1,3486,3486,2846
TEMFX,Templeton Foreign Fund A,Foreign Large Value,Active,21.44914443772526,13.815800657402146,-7.633343780323113,WEAK,WEAK,Q4_Both_Weak,DROP,Stable,1,1,3430,3545,2847
GABBX,Gabelli Dividend Growth Fund AAA,Large Value,Active,19.99659150327607,15.662992910617648,-4.33359859265842,WEAK,WEAK,Q4_Both_Weak,DROP,Stable,1,1,3470,3511,2848
SIEPX,Saratoga International Equity Portfolio I,Foreign Large Blend,Active,16.78004539420296,20.304765371107713,3.524719976904752,WEAK,WEAK,Q4_Both_Weak,DROP,Stable,1,1,3576,3407,2849
PVEX,TrueShares ConVequity ETF,Large Blend,Active,17.727104101628015,18.839103869653766,1.1119997680257505,WEAK,WEAK,Q4_Both_Weak,DROP,Stable,0.15,0.25,3544,3443,2850
FAPHX,Fidelity Healthy Future Fund,Large Growth,Active,17.82134553535215,18.66768178682319,0.8463362514710404,WEAK,WEAK,Q4_Both_Weak,DROP,Stable,0.15,0.46,3540,3448,2851
LP40211862,John Hancock Emerging Markets Equity Fund NAV,Diversified Emerging Mkts,Active,17.246108017490116,19.30662374151689,2.060515724026775,WEAK,WEAK,Q4_Both_Weak,DROP,Stable,1,1,3557,3431,2851
SASS,MD Sass Concentrated Value ETF,Large Blend,Active,10.446966467287625,23.523421588594704,13.07645512130708,WEAK,WEAK,Q4_Both_Weak,DROP,Upgraded by 2025 system,0.1,0.25,3682,3313,2852
SWP,SWP Growth & Income ETF,Large Blend,Active,22.292531228396395,9.979633401221996,-12.3128978271744,WEAK,WEAK,Q4_Both_Weak,DROP,Downgraded by 2025 system,0.15,0.25,3399,3596,2852
RPNIX,Riverpark/Next Century Growth Fund Institutional,Small Growth,Active,14.816861335729262,20.809248554913296,5.9923872191840335,WEAK,WEAK,Q4_Both_Weak,DROP,Stable,0.15,0.25,3612,3391,2853
TOS,Twin Oak Strategic Solutions ETF,Large Blend,Active,13.440946339908965,21.384928716904277,7.9439823769953115,WEAK,WEAK,Q4_Both_Weak,DROP,Stable,0.1,0.25,3629,3376,2854
EPMV,Harbor Mid Cap Value ETF,Mid-Cap Value,Active,12.242407465079529,22.177419354838708,9.93501188975918,WEAK,WEAK,Q4_Both_Weak,DROP,Stable,0.15,0.25,3654,3354,2855
RPMYX,Reinhart International PMV Fund Adv,Foreign Large Blend,Active,20.77723629118896,13.192258480194784,-7.584977810994175,WEAK,WEAK,Q4_Both_Weak,DROP,Stable,0.15,0.46,3450,3558,2855
BOBP,CORE16 Best of Breed Premier Index ETF,Large Blend,Passive,8.380508222770551,23.720455687774443,15.339947465003892,WEAK,WEAK,Q4_Both_Weak,DROP,Upgraded by 2025 system,0.1,0.5111,3705,3309,2856
MSSS,Monarch Select Subsector Index ETF,Mid-Cap Blend,Passive,22.084031621891555,8.247370656484312,-13.836660965407242,WEAK,WEAK,Q4_Both_Weak,DROP,Downgraded by 2025 system,0.15,0.5111,3409,3606,2857
QDPE,Pacer Metaurus InternationalDvMkDM400ETF,Foreign Large Value,Passive,4.195804195804196,24.528301886792452,20.332497690988255,WEAK,WEAK,Q4_Both_Weak,DROP,Upgraded by 2025 system,0.06,0.4444,3748,3274,2858
RYHRX,Rydex Real Estate Fund H,Real Estate,Active,18.521009222956486,15.409274889593947,-3.1117343333625396,WEAK,WEAK,Q4_Both_Weak,DROP,Stable,1,1,3511,3515,2859
PLBEX,Wisconsin Plumb Equity Fund Investor,Large Growth,Active,18.388482032448806,15.500638159637079,-2.887843872811727,WEAK,WEAK,Q4_Both_Weak,DROP,Stable,1,1,3517,3513,2860
PNBAX,Virtus NFJ Large-Cap Value Fund A,Large Value,Active,20.805628031315493,10.85901398565516,-9.946614045660333,WEAK,WEAK,Q4_Both_Weak,DROP,Stable,1,1,3447,3586,2861
FSEBX,Fidelity Sustainable US Equity Fund,Large Blend,Active,14.227327521724748,20.06699643616986,5.839668914445111,WEAK,WEAK,Q4_Both_Weak,DROP,Stable,0.15,0.46,3621,3413,2862
SHXYX,American Beacon Shapiro Equity Opportunities Y,Mid-Cap Value,Active,18.14609781841273,15.724476754105634,-2.4216210643070966,WEAK,WEAK,Q4_Both_Weak,DROP,Stable,0.57,0.79,3527,3510,2863
FNGAX,Franklin International Growth Fund A,Foreign Large Growth,Active,18.637969536683187,14.621742841737229,-4.016226694945958,WEAK,WEAK,Q4_Both_Weak,DROP,Stable,1,1,3510,3529,2864
MAILX,BlackRock International Fund Institutional,Foreign Large Blend,Active,15.546644897023649,18.770705310017966,3.2240604129943176,WEAK,WEAK,Q4_Both_Weak,DROP,Stable,1,1,3597,3446,2865
OANIX,Oakmark International Fund Institutional,Foreign Large Value,Active,18.93846201653881,14.268184866124543,-4.670277150414268,WEAK,WEAK,Q4_Both_Weak,DROP,Stable,0.76,0.88,3503,3540,2865
GRSIX,Brookfield Next Generation Infrastructure Fund I,Infrastructure,Active,18.48104781220114,14.534152476780182,-3.946895335420958,WEAK,WEAK,Q4_Both_Weak,DROP,Stable,0.46,0.6,3512,3532,2866
FMKT,The Free Markets ETF,Large Blend,Active,10.913741651271849,21.384928716904277,10.471187065632428,WEAK,WEAK,Q4_Both_Weak,DROP,Upgraded by 2025 system,0.1,0.25,3671,3376,2867
VPX,Variant Perception Cycle Aware US Equity ETF,Large Blend,Active,5.645204352750182,23.523421588594704,17.878217235844524,WEAK,WEAK,Q4_Both_Weak,DROP,Upgraded by 2025 system,0.1,0.25,3736,3313,2868
RPXIX,RiverPark Large Growth Fund Institutional,Large Growth,Active,12.640717315010397,20.492828827228635,7.852111512218238,WEAK,WEAK,Q4_Both_Weak,DROP,Stable,1,1,3648,3403,2869
DIEFX,Destinations International Equity Fund I,Foreign Large Blend,Active,17.15706096939575,16.675787741820912,-0.4812732275748388,WEAK,WEAK,Q4_Both_Weak,DROP,Stable,0.57,0.79,3561,3491,2870
BNIVX,Barrow Hanley International Value Fund Inst,Foreign Large Value,Active,19.07798947705051,13.42740731916781,-5.6505821578827025,WEAK,WEAK,Q4_Both_Weak,DROP,Stable,0.15,0.46,3499,3554,2871
POIIX,Polen International Growth Fund Institutional,Foreign Large Growth,Active,20.395621409245074,9.482247963544898,-10.913373445700175,WEAK,WEAK,Q4_Both_Weak,DROP,Downgraded by 2025 system,0.57,0.79,3457,3599,2872
IPOS,Renaissance International IPO ETF,Foreign Large Growth,Passive,7.698877687863187,22.438845505282867,14.739967817419679,WEAK,WEAK,Q4_Both_Weak,DROP,Upgraded by 2025 system,1,1,3716,3343,2873
AEGSX,Invesco International Value Fund R6,Foreign Large Value,Active,18.214418429690635,14.342750515363486,-3.8716679143271495,WEAK,WEAK,Q4_Both_Weak,DROP,Stable,0.76,0.88,3523,3537,2874
EMRYX,VanEck Emerging Markets Fund Y,Diversified Emerging Mkts,Active,18.103030968263212,14.398880424515736,-3.7041505437474758,WEAK,WEAK,Q4_Both_Weak,DROP,Stable,1,1,3529,3535,2875
OEI,Optimized Equity Income ETF,Large Value,Active,6.418271654734295,22.691292875989447,16.273021221255153,WEAK,WEAK,Q4_Both_Weak,DROP,Upgraded by 2025 system,0.1,0.25,3727,3337,2875
TSEGX,Touchstone Sands Capital Emerging Mkts Gro Fd Inst,Diversified Emerging Mkts,Active,18.471181118989872,13.655537086076352,-4.81564403291352,WEAK,WEAK,Q4_Both_Weak,DROP,Stable,1,1,3514,3550,2875
HSUTX,Rational Dynamic Brands Fund Institutional,Large Growth,Active,17.22421763243486,15.863463752026426,-1.360753880408435,WEAK,WEAK,Q4_Both_Weak,DROP,Stable,1,1,3559,3507,2876
CLIM,Climate Global - Climate Resilient US REIT Idx ETF,Real Estate,Active,1.5730337078651686,24.324324324324326,22.75129061645916,WEAK,WEAK,Q4_Both_Weak,DROP,Upgraded by 2025 system,0.1,0.25,3780,3287,2877
GAUD,Guinness Atkinson US Dividend Builder ETF,Large Blend,Active,10.852562021869375,20.672097759674134,9.81953573780476,WEAK,WEAK,Q4_Both_Weak,DROP,Stable,0.15,0.25,3674,3397,2878
IEMFX,T Rowe Price Institutional Emerg Markets Eqty Fund,Diversified Emerging Mkts,Active,16.57177134291924,16.559840367600753,-0.011930975318488635,WEAK,WEAK,Q4_Both_Weak,DROP,Stable,1,1,3579,3495,2879
WAISX,Wasatch International Select Fund Investor,Foreign Large Growth,Active,16.903348919534295,15.885775763631377,-1.0175731559029177,WEAK,WEAK,Q4_Both_Weak,DROP,Stable,0.57,0.79,3571,3506,2880
DVDN,Kingsbarn Dividend Opportunity ETF,Real Estate,Active,20.9746537758035,1.8018018018018018,-19.1728519740017,WEAK,WEAK,Q4_Both_Weak,DROP,Downgraded by 2025 system,0.15,0.25,3443,3638,2881
DUKQ,Ocean Park Domestic ETF,Large Blend,Active,19.27915656422826,10.488798370672098,-8.79035819355616,WEAK,WEAK,Q4_Both_Weak,DROP,Stable,0.15,0.25,3491,3591,2882
MPLY,Monopoly ETF,Large Blend,Active,10.707774060054861,20.468431771894092,9.760657711839231,WEAK,WEAK,Q4_Both_Weak,DROP,Stable,0.1,0.25,3677,3405,2882
PEIEX,P/E Global Enhanced International Fund Inst,Foreign Large Blend,Active,17.49537221808504,14.475257493544358,-3.020114724540683,WEAK,WEAK,Q4_Both_Weak,DROP,Stable,0.15,0.46,3550,3534,2883
REDWX,GreenFi Redwood Fund,Large Blend,Active,18.08373348264008,13.426871828961334,-4.656861653678748,WEAK,WEAK,Q4_Both_Weak,DROP,Stable,1,1,3530,3555,2884
SPYT,Defiance S&P 500 Target Income ETF,Large Blend,Active,18.278456238404857,12.321792260692463,-5.9566639777123935,WEAK,WEAK,Q4_Both_Weak,DROP,Stable,0.15,0.25,3522,3567,2885
LDVIX,AXS FTSE Venture Capital Rtn Trckr I,Large Growth,Passive,20.087462610264467,5.6074657267721015,-14.479996883492365,WEAK,WEAK,Q4_Both_Weak,DROP,Downgraded by 2025 system,1,1,3467,3628,2886
FCTR,First Trust Lunt US Factor Rotation ETF,Large Blend,Passive,13.26608395480907,17.96260735942275,4.696523404613682,WEAK,WEAK,Q4_Both_Weak,DROP,Stable,0.57,0.8444,3633,3464,2887
OIDAX,Invesco International Diversified Fund A,Foreign Large Blend,Active,13.112508655228105,18.0808075409024,4.968298885674294,WEAK,WEAK,Q4_Both_Weak,DROP,Stable,1,1,3639,3458,2887
CMIRX,Conestoga Discovery Fund Institutional,Small Growth,Active,15.497471344169458,15.98599654555845,0.4885252013889918,WEAK,WEAK,Q4_Both_Weak,DROP,Stable,0.15,0.46,3598,3503,2888
SNAV,Mohr Sector Nav ETF,Large Blend,Active,19.583032908946713,6.895799797472332,-12.68723311147438,WEAK,WEAK,Q4_Both_Weak,DROP,Downgraded by 2025 system,0.15,0.46,3479,3622,2888
VLEQX,Villere Equity Fund Investor,Mid-Cap Blend,Active,19.264988505031628,7.969768872085912,-11.295219632945717,WEAK,WEAK,Q4_Both_Weak,DROP,Downgraded by 2025 system,1,1,3492,3611,2889
ACKM,VistaShares ACKtivist Select ETF,Large Blend,Active,0,23.523421588594704,23.523421588594704,WEAK,WEAK,Q4_Both_Weak,DROP,Upgraded by 2025 system,0,0.25,3791,3313,2890
QRDTX,Quantified Rising Dividend Tactical Fund Investor,Large Blend,Active,19.243167744371423,8.038623179397435,-11.204544564973988,WEAK,WEAK,Q4_Both_Weak,DROP,Downgraded by 2025 system,0.15,0.46,3494,3610,2890
PXLIX,Impax Large Cap Fund Institutional,Large Blend,Active,17.14453974963793,13.769784461271042,-3.3747552883668863,WEAK,WEAK,Q4_Both_Weak,DROP,Stable,0.57,0.79,3563,3546,2891
BCAIX,Boston Common ESG Impact International Fund,Foreign Large Blend,Active,17.801437372413517,12.091864527980663,-5.709572844432854,WEAK,WEAK,Q4_Both_Weak,DROP,Stable,1,1,3541,3569,2892
FWOMX,Fidelity Women's Leadership Fund,Large Blend,Active,13.982180450305345,16.98277201360319,3.000591563297844,WEAK,WEAK,Q4_Both_Weak,DROP,Stable,0.57,0.79,3626,3484,2892
BOYAX,Boyar Value Fund A,Large Value,Active,19.14364996351095,7.7808885941095225,-11.362761369401426,WEAK,WEAK,Q4_Both_Weak,DROP,Downgraded by 2025 system,1,1,3497,3614,2893
SROIX,Calamos Antetokounmpo Sustainable Eqty Fd I,Large Blend,Active,19.137550105728213,7.15183796106626,-11.985712144661953,WEAK,WEAK,Q4_Both_Weak,DROP,Downgraded by 2025 system,0.15,0.46,3498,3619,2894
WVALX,Weitz Large Cap Equity Fund Investor,Large Blend,Active,18.9305364859323,7.831677365172361,-11.09885912075994,WEAK,WEAK,Q4_Both_Weak,DROP,Downgraded by 2025 system,1,1,3504,3613,2894
SHDIX,American Beacon Shapiro SMID Cap Equity Fund R5,Small Value,Active,13.252094453787544,16.671930550127534,3.4198360963399903,WEAK,WEAK,Q4_Both_Weak,DROP,Stable,0.57,0.79,3634,3492,2895
TRDIX,Transamerica Sustainable Equity Income Fund I2,Large Value,Active,15.137901782260139,14.865239114638532,-0.2726626676216064,WEAK,WEAK,Q4_Both_Weak,DROP,Stable,1,1,3604,3524,2896
TGLR,LAFFER TENGLER Equity Income ETF,Large Value,Active,17.468617764706885,11.477572559366754,-5.99104520534013,WEAK,WEAK,Q4_Both_Weak,DROP,Stable,0.15,0.25,3551,3578,2897
BOPAX,Sterling Capital Special Opportunities Fund A,Large Blend,Active,15.873770022138082,14.12156690155083,-1.752203120587252,WEAK,WEAK,Q4_Both_Weak,DROP,Stable,1,1,3590,3541,2898
AFOCX,Archer Focus Fund,Large Value,Active,17.91212649453005,10.13716865618851,-7.774957838341539,WEAK,WEAK,Q4_Both_Weak,DROP,Stable,0.57,0.79,3538,3595,2899
PSTAX,Virtus KAR Capital Growth Fund A,Large Growth,Active,15.299732743506523,14.49088100565213,-0.8088517378543933,WEAK,WEAK,Q4_Both_Weak,DROP,Stable,1,1,3601,3533,2900
MSILX,iMGP International Fund Inst,Foreign Large Blend,Active,16.141796729301984,13.45420230908875,-2.687594420213234,WEAK,WEAK,Q4_Both_Weak,DROP,Stable,1,1,3585,3552,2901
ABLG,Abacus FCF International Leaders ETF,Foreign Large Blend,Active,10.82898259958938,17.98342061887474,7.154438019285358,WEAK,WEAK,Q4_Both_Weak,DROP,Stable,0.57,0.79,3675,3463,2902
BCISX,Brown Capital Management International All C Inst,Foreign Large Growth,Active,17.011208606796053,11.843000425593171,-5.168208181202882,WEAK,WEAK,Q4_Both_Weak,DROP,Stable,1,1,3567,3572,2903
RYZAX,Rydex S&P 500 Pure Value Fund H,Large Value,Passive,18.76753558793554,3.8445573933044828,-14.922978194631058,WEAK,WEAK,Q4_Both_Weak,DROP,Downgraded by 2025 system,1,1,3506,3633,2903
ITHAX,Hartford Capital Appreciation Fund A,Large Blend,Active,17.788463069693552,8.431617966060452,-9.3568451036331,WEAK,WEAK,Q4_Both_Weak,DROP,Stable,1,1,3542,3604,2904
GCIFX,Green Century MSCI International Index Fund Inst,Foreign Large Blend,Passive,15.606845939877264,13.441904926420392,-2.164941013456872,WEAK,WEAK,Q4_Both_Weak,DROP,Stable,0.57,0.8444,3594,3553,2905
POLIX,Polen Growth Fund Institutional,Large Growth,Active,16.475022287017417,12.518286403230494,-3.956735883786923,WEAK,WEAK,Q4_Both_Weak,DROP,Stable,1,1,3582,3565,2905
PREQX,PACE Global Real Estate Securities Inv P,Global Real Estate,Active,17.00858453189163,11.22087128211777,-5.787713249773859,WEAK,WEAK,Q4_Both_Weak,DROP,Stable,1,1,3568,3581,2906
IIGIX,Voya Multi-Manager International Equity Fund I,Foreign Large Blend,Active,14.856411576596928,13.83609364887749,-1.0203179277194376,WEAK,WEAK,Q4_Both_Weak,DROP,Stable,1,1,3610,3544,2907
DVSP,WEBs SPY Defined Volatility ETF,Large Blend,Passive,15.459312024708224,13.098098971324568,-2.361213053383656,WEAK,WEAK,Q4_Both_Weak,DROP,Stable,0.15,0.5111,3599,3559,2908
CFIKX,Cantor Fitzgerald International Equity Fund Inst,Foreign Large Blend,Active,17.597733628582564,7.964601769911504,-9.63313185867106,WEAK,WEAK,Q4_Both_Weak,DROP,Stable,0.15,0.25,3547,3612,2909
EASY,Liberty One Defensive Dividend Growth ETF,Large Blend,Active,10.485141309356175,17.10794297352342,6.6228016641672465,WEAK,WEAK,Q4_Both_Weak,DROP,Stable,0.1,0.25,3680,3483,2910
DVXB,WEBs Materials XLB Defined Volatility ETF,Natural Resources,Passive,10.18485031143259,17.370781567539968,7.185931256107377,WEAK,WEAK,Q4_Both_Weak,DROP,Stable,0.15,0.5111,3688,3477,2911
SPCT,Liberty One Spectrum ETF,Large Blend,Active,10.367667006859845,17.10794297352342,6.740275966663576,WEAK,WEAK,Q4_Both_Weak,DROP,Stable,0.1,0.25,3684,3483,2912
SCSAX,Allspring Common Stock Fund A,Mid-Cap Blend,Active,16.86224240835957,10.18407912943567,-6.6781632789239005,WEAK,WEAK,Q4_Both_Weak,DROP,Stable,1,1,3574,3594,2913
APHWX,Artisan Value Income Fund Inst,Large Value,Active,17.348564935244905,7.37592225130079,-9.972642683944116,WEAK,WEAK,Q4_Both_Weak,DROP,Stable,0.15,0.46,3555,3615,2914
GURU,Global X Guru Index ETF,Large Blend,Passive,12.584969024228599,15.024003482608997,2.439034458380398,WEAK,WEAK,Q4_Both_Weak,DROP,Stable,1,1,3649,3521,2914
OFSAX,Olstein Strategic Opportunities Fund A,Small Value,Active,16.89503605329985,9.579442564721692,-7.315593488578159,WEAK,WEAK,Q4_Both_Weak,DROP,Stable,1,1,3572,3598,2914
DWAW,AdvisorShares Dorsey Wright FSM All Cap World ETF,Large Blend,Active,16.54645452502367,9.190224684233732,-7.356229840789938,WEAK,WEAK,Q4_Both_Weak,DROP,Stable,0.57,0.79,3580,3602,2915
EXEQ,Wedbush ReturnOnLeadership US Large-Cap ETF,Large Blend,Passive,1.4521296523570222,20.547394456843314,19.09526480448629,WEAK,WEAK,Q4_Both_Weak,DROP,Upgraded by 2025 system,0.1,0.5111,3781,3401,2915
DLAG,FT Vest US Equity Dual Directional Buff ETF - Aug,Large Blend,Active,8.759349929592931,17.10794297352342,8.34859304393049,WEAK,WEAK,Q4_Both_Weak,DROP,Stable,0.1,0.25,3700,3483,2916
THCGX,Thornburg Focus Growth Fund A,Mid-Cap Growth,Active,10.342013302971361,16.38089712089108,6.03888381791972,WEAK,WEAK,Q4_Both_Weak,DROP,Stable,1,1,3685,3499,2917
LYRWX,Lyrical International Value Equity Fund Inst,Foreign Large Value,Active,15.73386419467222,10.471399695568204,-5.262464499104016,WEAK,WEAK,Q4_Both_Weak,DROP,Stable,0.57,0.79,3593,3592,2918
VVILX,Vulcan Value Partners Fund Inst,Large Blend,Active,11.540135962667419,14.64625711966053,3.1061211569931118,WEAK,WEAK,Q4_Both_Weak,DROP,Stable,0.57,0.79,3664,3528,2919
ALSRX,Alger Small Cap Growth Institutional Fund I,Small Growth,Active,14.007951475360239,11.752418055790542,-2.255533419569696,WEAK,WEAK,Q4_Both_Weak,DROP,Stable,1,1,3625,3574,2920
FTMSX,FullerThaler Behavioral Micro-Cap Eq Fd Ins,Small Value,Active,12.0252704353648,13.690471629364886,1.6652011940000868,WEAK,WEAK,Q4_Both_Weak,DROP,Stable,0.57,0.79,3656,3548,2921
RSEGX,Victory RS Small Cap Growth Fund A,Small Growth,Active,14.310981553461733,10.635242582543835,-3.675738970917898,WEAK,WEAK,Q4_Both_Weak,DROP,Stable,1,1,3619,3590,2922
NOIAX,Natixis Oakmark International Fund A,Foreign Large Value,Active,14.112873227531145,10.697001426972806,-3.415871800558339,WEAK,WEAK,Q4_Both_Weak,DROP,Stable,1,1,3623,3589,2923
VVRVX,Venerable Real Estate V,Real Estate,Active,0,19.81981981981982,19.81981981981982,WEAK,WEAK,Q4_Both_Weak,DROP,Upgraded by 2025 system,0,0.25,3791,3421,2923
BCSSX,Brown Capital Management Small Company Fund Ins,Small Growth,Active,13.693857343794702,10.753442443377653,-2.94041490041705,WEAK,WEAK,Q4_Both_Weak,DROP,Stable,1,1,3628,3587,2924
DUKX,Ocean Park International ETF,Foreign Large Blend,Active,15.261531339477882,7.374631268436578,-7.886900071041304,WEAK,WEAK,Q4_Both_Weak,DROP,Stable,0.15,0.25,3602,3616,2925
QTSSX,Quantified Tactical Sectors Fund Investor,Large Blend,Active,13.138726219604239,11.036184461597344,-2.102541758006895,WEAK,WEAK,Q4_Both_Weak,DROP,Stable,0.25,0.54,3637,3583,2926
CIGYX,AB International Growth Portfolio Adv,Foreign Large Growth,Active,10.937548808885813,13.652829625283012,2.7152808163971986,WEAK,WEAK,Q4_Both_Weak,DROP,Stable,1,1,3670,3551,2927
PFSSX,PFG US Equity Index Strategy Fund I,Large Blend,Active,16.488719640757594,0.6109979633401221,-15.877721677417473,WEAK,WEAK,Q4_Both_Weak,DROP,Downgraded by 2025 system,0.15,0.25,3581,3641,2928
METL,Sprott Active Metals & Miners ETF,Natural Resources,Active,13.108298171589311,10.891089108910892,-2.2172090626784193,WEAK,WEAK,Q4_Both_Weak,DROP,Stable,0.15,0.25,3640,3584,2929
ACGRX,Advisors Capital Growth Fund,Large Growth,Active,15.93912102266715,1.4492753623188406,-14.48984566034831,WEAK,WEAK,Q4_Both_Weak,DROP,Downgraded by 2025 system,0.15,0.25,3588,3639,2930
ACKY,VistaShares Target 15 ACKtivist Distribution ETF,Large Blend,Active,12.04798446307612,11.710794297352342,-0.33719016572377747,WEAK,WEAK,Q4_Both_Weak,DROP,Stable,0.1,0.25,3655,3575,2931
ACUSX,Advisors Capital Total Return - Equity Fund,Large Blend,Active,14.052569613619854,8.198923816483127,-5.853645797136727,WEAK,WEAK,Q4_Both_Weak,DROP,Stable,0.57,0.79,3624,3607,2932
NITE,The Nightview Fund,Large Growth,Active,14.302364118476953,7.246376811594203,-7.05598730688275,WEAK,WEAK,Q4_Both_Weak,DROP,Stable,0.15,0.25,3620,3618,2933
AVRY,Avory Foundational ETF,Large Blend,Active,7.76533991327227,14.765784114052954,7.0004442007806835,WEAK,WEAK,Q4_Both_Weak,DROP,Stable,0.1,0.25,3714,3525,2934
WCAP,WarCap Unconstrained Equity ETF,Large Blend,Active,12.951197350799454,8.757637474541752,-4.1935598762577015,WEAK,WEAK,Q4_Both_Weak,DROP,Stable,0.1,0.25,3642,3603,2935
CAMIX,Cambiar International Equity Fund Investor,Foreign Large Blend,Active,11.492862606968968,11.078695915690908,-0.4141666912780604,WEAK,WEAK,Q4_Both_Weak,DROP,Stable,1,1,3666,3582,2936
CNAV,Mohr Company NAV ETF,Large Blend,Active,14.412932553735693,3.2586558044806515,-11.154276749255041,WEAK,WEAK,Q4_Both_Weak,DROP,Downgraded by 2025 system,0.15,0.25,3616,3634,2937
MDPL,Monarch Dividend Plus Index ETF,Mid-Cap Value,Passive,13.107604646066184,8.059788518209182,-5.047816127857002,WEAK,WEAK,Q4_Both_Weak,DROP,Stable,0.15,0.5111,3641,3609,2937
PGEIX,Polen Emerging Markets Growth Fund Inst,Diversified Emerging Mkts,Active,12.30992930220519,9.68314530008492,-2.626784002120269,WEAK,WEAK,Q4_Both_Weak,DROP,Stable,0.57,0.79,3653,3597,2937
DNREX,Dunham Real Estate Stock Fund N,Global Real Estate,Active,7.887539671075712,14.048397161610671,6.160857490534959,WEAK,WEAK,Q4_Both_Weak,DROP,Stable,1,1,3712,3542,2938
HIEMX,Virtus SGA Emerging Markets Equity Fund I,Diversified Emerging Mkts,Active,11.811388770199551,8.310025940571618,-3.501362829627933,WEAK,WEAK,Q4_Both_Weak,DROP,Stable,1,1,3660,3605,2939
WPVIX,Weitz Multi Cap Equity Fund Institutional,Large Blend,Active,11.820152387506909,8.158288872546647,-3.6618635149602614,WEAK,WEAK,Q4_Both_Weak,DROP,Stable,1,1,3658,3608,2940
INVNX,Evolutionary Tree Innovators Fund I,Large Growth,Active,10.05073617655367,11.611977613978029,1.5612414374243588,WEAK,WEAK,Q4_Both_Weak,DROP,Stable,0.57,0.79,3693,3576,2941
WAFMX,Wasatch Frontier Emerging Small Countries Inv,Diversified Emerging Mkts,Active,10.376044542334864,10.346721475720704,-0.029323066614159288,WEAK,WEAK,Q4_Both_Weak,DROP,Stable,1,1,3683,3593,2942
DRKY,VistaShares Target 15 DRUKMacro Distribution ETF,Large Blend,Active,8.143255777901222,11.710794297352342,3.5675385194511193,WEAK,WEAK,Q4_Both_Weak,DROP,Stable,0.1,0.25,3708,3575,2943
WZRD,Opportunistic Trader ETF,Large Blend,Active,10.11734753125732,9.979633401221996,-0.13771413003532373,WEAK,WEAK,Q4_Both_Weak,DROP,Stable,0.15,0.25,3689,3596,2944
PRMR,PeakShares RMR Prime Equity ETF,Large Blend,Active,10.86127008323967,6.720977596741344,-4.140292486498327,WEAK,WEAK,Q4_Both_Weak,DROP,Stable,0.1,0.25,3673,3624,2945
WAIVX,Wasatch International Value Fund Investor,Foreign Large Value,Active,8.428227137147324,9.433962264150944,1.0057351270036197,WEAK,WEAK,Q4_Both_Weak,DROP,Stable,0.15,0.25,3703,3601,2946
EEIFX,Monteagle Enhanced Equity Income Fund Inst,Large Blend,Active,10.105970807397636,7.371946128182522,-2.734024679215114,WEAK,WEAK,Q4_Both_Weak,DROP,Stable,0.15,0.46,3690,3617,2947
LEVIX,Lazard US Equity Concentrated Portfolio Inst,Large Blend,Active,6.956818027004702,10.719246038596735,3.762428011592033,WEAK,WEAK,Q4_Both_Weak,DROP,Stable,1,1,3721,3588,2948
PFLCX,Prospector Focused Large Cap Fund,Large Blend,Active,2.7126099706744866,13.747454175152749,11.034844204478262,WEAK,WEAK,Q4_Both_Weak,DROP,Upgraded by 2025 system,0.06,0.25,3767,3547,2949
MDOEX,Morgan Stanley Inst Developing Oppty Portfolio I,Diversified Emerging Mkts,Active,10.084302510068877,6.380113472277589,-3.704189037791288,WEAK,WEAK,Q4_Both_Weak,DROP,Stable,0.57,0.79,3691,3627,2950
NELS,Nelson Select ETF,Large Blend,Active,10.456160295580503,2.1384928716904277,-8.317667423890075,WEAK,WEAK,Q4_Both_Weak,DROP,Stable,0.1,0.25,3681,3637,2950
NKMCX,North Square Kennedy MicroCap Fund I,Small Blend,Active,9.122809635366153,4.225352112676056,-4.897457522690097,WEAK,WEAK,Q4_Both_Weak,DROP,Stable,0.15,0.25,3698,3632,2951
ACIFX,Advisors Capital International Fund,Foreign Large Blend,Active,10.081899775765311,0.8849557522123894,-9.196944023552922,WEAK,WEAK,Q4_Both_Weak,DROP,Stable,0.15,0.25,3692,3640,2952
VSMMX,VELA Small-Mid Cap Fund I,Mid-Cap Value,Active,4.2105263157894735,10.887096774193548,6.676570458404075,WEAK,WEAK,Q4_Both_Weak,DROP,Stable,0.1,0.25,3747,3585,2952
HREOX,Hood River Emerging Markets Fund Inst,Diversified Emerging Mkts,Active,8.052301910429064,6.58682634730539,-1.4654755631236736,WEAK,WEAK,Q4_Both_Weak,DROP,Stable,0.1,0.25,3710,3625,2953
EEQIX,BTS Enhanced Equity Income Fund I,Large Value,Active,8.371829122400975,2.5065963060686016,-5.865232816332373,WEAK,WEAK,Q4_Both_Weak,DROP,Stable,0.15,0.25,3706,3636,2954
SCAP,Infrastructure Capital Small Cap Income ETF,Small Value,Active,8.341823010198917,0.5076142131979695,-7.834208797000947,WEAK,WEAK,Q4_Both_Weak,DROP,Stable,0.15,0.25,3707,3642,2955
LQPE,PEO AlphaQuest Thematic PE ETF,Mid-Cap Value,Active,6.726414985524297,4.838709677419355,-1.887705308104942,WEAK,WEAK,Q4_Both_Weak,DROP,Stable,0.15,0.25,3725,3631,2956
UFOD,Tuttle Capital UFO Disclosure ETF,Large Blend,Active,1.9437303258533898,9.979633401221996,8.035903075368607,WEAK,WEAK,Q4_Both_Weak,DROP,Stable,0.1,0.25,3775,3596,2957
VEQVX,Venerable International Equity V,Foreign Large Blend,Active,0,9.43952802359882,9.43952802359882,WEAK,WEAK,Q4_Both_Weak,DROP,Stable,0,0.25,3791,3600,2958
DDDD,YieldMax US Stocks Target Double Distribution ETF,Large Value,Active,2.317233034183725,6.860158311345646,4.542925277161921,WEAK,WEAK,Q4_Both_Weak,DROP,Stable,0.1,0.25,3769,3623,2959
SSOY,Defiance S&P 500 Lightnngsprd Inc ETF,Large Blend,Active,0,7.026476578411406,7.026476578411406,WEAK,WEAK,Q4_Both_Weak,DROP,Stable,0,0.25,3791,3621,2960